Unnamed: 0,no,kabkota,kecamatan,nama_masjid,link,id,tipologi,alamat,LT,status,LB,tahun_berdiri,sdm_jamaah,sdm_imam,sdm_khotib,sdm_muadzin,sdm_remaja,telp,ket,unk,lat,long
0,1.0,KOTA ADM. JAKARTA PUSAT,Sawah Besar,Masjid Istiqlal,http://simas.kemenag.go.id/index.php/profil/masjid/19/,01.0.11.03.02.000001,Masjid Negara,"Jl. Taman Wijaya Kusuma Rt.08/02, Kel. Pasar Baru, Kec. Sawah Besar, Jakarta Pusat",93.200 m2,SHM,24.200 m2,1978.0,> 200,10,10,-,-,021 3811708,www.istiqlalmosque.com www.mas…,200000.0,-6.1702,106.8311
1,1.0,KAB. MAMUJU,Simboro dan Kepulauan,Masjid Baitul Anwar,http://simas.kemenag.go.id/index.php/profil/masjid/285101/,01.1.29.02.12.000094,Masjid Raya,KANTOR GUBERNUR SULAWESI BARAT=,2.000 m2,SHM,1.500 m2,2017.0,> 200,1,1,2,20,,,300.0,-2.6672,118.8525
2,2.0,KOTA ADM. JAKARTA BARAT,Cengkareng,"Masjid KH.Hasyim Asy""ari",http://simas.kemenag.go.id/index.php/profil/masjid/276026/,01.1.11.04.01.000090,Masjid Raya,Jl.Daan Mogot KM.14.5 Pesakih Rt 3/14 Duri Kosambi,24.000 m2,SHM,1.698.543 m2,2014.0,> 200,5,40,5,-,,,12500.0,-6.2115,106.8452
3,3.0,KOTA MATARAM,Selaprang,Masjid Hubbul Wathan Islamic Centre,http://simas.kemenag.go.id/index.php/profil/masjid/253109/,01.1.18.09.05.000051,Masjid Raya,Jln. Udayana No. 1 Kota Mataram,10.000 m2,Wakaf,1.500 m2,2014.0,150 - 200,4,10,-,-,,,1000.0,-8.589,116.1304
4,4.0,KOTA SORONG,Sorong,Masjid Al-Akbar,http://simas.kemenag.go.id/index.php/profil/masjid/81282/,01.1.33.11.01.000001,Masjid Raya,Jl. Ahmad Yani No 40 Kota Sorong Papua Barat,1.400 m2,Wakaf,1.000 m2,2000.0,> 200,3,8,3,-,,,1000.0,-0.882,131.282
5,5.0,KOTA KENDARI,Mandonga,Masjid Al-Kautsar,http://simas.kemenag.go.id/index.php/profil/masjid/69079/,01.1.27.11.01.000001,Masjid Raya,"Jl. Abdullah Silondae Kec.Mandonga, Kota Kendari",30.000 m2,Wakaf,2.475 m2,1982.0,> 200,4,5,4,-,0812196116990,,7000.0,-3.9661,122.5166
6,6.0,KOTA MEDAN,Medan Maimun,Masjid Al-Mashun,http://simas.kemenag.go.id/index.php/profil/masjid/12751/,01.1.02.26.15.000001,Masjid Raya,"Jl. Sisingamangaraja, Kel. Masjid, Kec. Medan Maimun, Kota Medan",13.200 m2,SHM,5.000 m2,1906.0,> 200,3,3,4,-,,,1500.0,3.5751,98.6873
7,7.0,KOTA PALEMBANG,Bukit Kecil,Masjid Raya Taqwa,http://simas.kemenag.go.id/index.php/profil/masjid/11091/,01.1.06.12.11.000010,Masjid Raya,"Jl. Telaga, 30 Ilir, Bukit Kecil, Kota Palembang",1.800 m2,SHM,1.000 m2,1966.0,> 200,5,5,5,-,,,1200.0,-2.9885,104.7432
8,8.0,KOTA PANGKAL PINANG,Gerunggang,Masjid Raya Tuatunu,http://simas.kemenag.go.id/index.php/profil/masjid/10989/,01.1.09.07.05.000010,Masjid Raya,"Jl. Kp. Melayu RT.04/Rw.02 Kel. Tuatunu Indah, Pangkal Pinang",10.000 m2,Wakaf,1.444 m2,2008.0,> 200,4,6,3,-,,,3000.0,-2.1074,106.0718
9,9.0,KOTA TANJUNG PINANG,Bukit Bestari,Masjid Raya Kepulauan Riau,http://simas.kemenag.go.id/index.php/profil/masjid/10681/,01.1.10.07.04.000001,Masjid Raya,"Komplek Pusat Pemerintahan Provinsi Kepulauan Riau Pulau Dompak,Kota Tnjungpinang",2.000 m2,SHM,1.600 m2,2000.0,> 200,5,10,-,-,085668458101,,5000.0,0.8844,104.4538
10,10.0,KOTA TERNATE,Kota Ternate Tengah,Masjid Al-Munawwar,http://simas.kemenag.go.id/index.php/profil/masjid/4075/,01.1.31.08.06.000003,Masjid Raya,Jl. Tapak II No. 1 Kel. Gamalama Kota Ternate,10.000 m2,SHM,3.562 m2,2010.0,> 200,6,25,-,-,0921-3127269 / HP. 081340470700,,9500.0,0.7891,127.3906
11,11.0,KOTA ADM. JAKARTA UTARA,Koja,Masjid Jakarta Islamic Center,http://simas.kemenag.go.id/index.php/profil/masjid/3912/,01.1.11.02.03.000001,Masjid Raya,"Jalan Kramat Jaya, Kec. Koja, Kota Jakarta Utara, Prov. DKI Jakarta",109.000 m2,SHM,14.625 m2,2001.0,> 200,3,52,-,-,021 4413069 / 44835349,http://islamic-center.or.id/,20680.0,-6.1216,106.9173
12,12.0,KOTA PADANG,Padang Utara,Masjid Raya Sumatera Barat,http://simas.kemenag.go.id/index.php/profil/masjid/3843/,01.1.03.13.04.000001,Masjid Raya,"Jl. Khatib Sulaiman Kec. Padang Utara, Kota Padang",40.000 m2,SHM,18.000 m2,2007.0,> 200,2,-,-,-,,,20000.0,-0.9254,100.3616
13,13.0,KOTA KUPANG,Oebobo,Masjid Nurussaadah,http://simas.kemenag.go.id/index.php/profil/masjid/3740/,01.1.19.21.04.000001,Masjid Raya,"Kompleks Masjid Raya Nurussaadah Jl. Soekarno No. 24, Kota Kupang, Provinsi Nusa Tenggara Timur",3.419 m2,Wakaf,924 m2,1962.0,> 200,2,1,1,300,(0380) 825961-823499,,0.0,-10.1646,123.5793
14,14.0,KOTA BANDAR LAMPUNG,Rajabasa,Masjid Islamic Cantre,http://simas.kemenag.go.id/index.php/profil/masjid/3470/,01.1.08.13.10.000058,Masjid Raya,"Jl.Soekarno Hatta Raja Basa, Bandar Lampung",5.000 m2,Wakaf,2.475 m2,1991.0,> 200,3,3,-,-,-,,2500.0,-5.3624,105.2175
15,15.0,KOTA SERANG,Curug,Masjid Al-Bantani,http://simas.kemenag.go.id/index.php/profil/masjid/1966/,01.1.12.07.04.000001,Masjid Raya,"Kawasan Pusat Pemerintahan Provinsi Banten (KP3B), Jln. KP3B-Palima, Kecamatan Curug, Kota Serang, Provinsi Banten",28.415 m2,Wakaf,13.685 m2,2010.0,> 200,6,30,-,-,,,10000.0,-6.1725,106.1589
16,16.0,KOTA SEMARANG,Semarang Tengah,Masjid Baiturrahman,http://simas.kemenag.go.id/index.php/profil/masjid/1738/,01.1.14.33.01.000002,Masjid Raya,Jl. Pandanaran 126 Semarang,4.750 m2,Girik,3.000 m2,1974.0,> 200,10,25,-,-,024 - 8310155,,4500.0,-6.9889,110.422
17,17.0,KOTA BENGKULU,Ratu Agung,Masjid Baitul Izzah,http://simas.kemenag.go.id/index.php/profil/masjid/1576/,01.1.07.10.06.000002,Masjid Raya,Jalan Raya Pembangunan Nomor 1 Bengkulu,18.000 m2,SHM,1.600 m2,1979.0,> 200,4,8,-,-,,,2000.0,-3.8212,102.2873
18,18.0,KOTA MANADO,Wenang,Masjid Ahmad Yani,http://simas.kemenag.go.id/index.php/profil/masjid/1557/,01.1.24.12.04.000001,Masjid Raya,"Jalan W. R. Supratman No. 10 Kel. Lawangirung Lingk.III Wenang, Kota Manado",7.799 m2,SHM,2.572 m2,1961.0,> 200,1,4,-,-,0431-852448,,3220.0,1.4878,124.8431
19,19.0,KOTA DENPASAR,Denpasar Barat,Masjid Raya Ukhuwwah,http://simas.kemenag.go.id/index.php/profil/masjid/1555/,01.1.17.09.03.000001,Masjid Raya,"Jl. P. Kalimantan No. 19, Dusun Titih Kelod, Dauh Puri Kangin, Denpasar Barat. Kode Pos 80112",1.360 m2,Girik,625 m2,1911.0,> 200,-,-,-,-,,,0.0,-8.6584,115.2135
20,20.0,KOTA AMBON,Nusaniwe,Masjid Al-Fatah,http://simas.kemenag.go.id/index.php/profil/masjid/1480/,01.1.30.10.01.000001,Masjid Raya,JL. Masjid Raya Ambon,5.000 m2,Wakaf,2.200 m2,1963.0,> 200,-,-,-,-,0911 - 353008,http://maluku.kemenag.go.id/,0.0,-3.6966,128.1775
21,21.0,KOTA BANDUNG,Regol,Masjid Raya Bandung,http://simas.kemenag.go.id/index.php/profil/masjid/485/,01.1.13.20.11.000001,Masjid Raya,"Jl. Dalem Kaum No. 14 Alun-alun, Kec.Regol, Kota Bandung, Prov. Jawa Barat",23.448 m2,SHM,8.575 m2,1812.0,> 200,10,30,-,-,022 4240275,,12412.0,-6.9218,107.6061
22,22.0,KOTA PONTIANAK,Pontianak Selatan,Masjid Mujahidin,http://simas.kemenag.go.id/index.php/profil/masjid/215/,01.1.20.13.01.000023,Masjid Raya,"JL. A.Yani, Kec.Pontianak Selatan, Kota Pontianak, Prov.Kalimantan Barat",64.000 m2,SHM,38.000 m2,1979.0,> 200,-,-,-,-,,,0.0,-0.0415,109.3363
23,23.0,KOTA PALANGKARAYA,Jekan Raya,Masjid Darussalam,http://simas.kemenag.go.id/index.php/profil/masjid/61/,01.1.21.14.03.000001,Masjid Raya,"Jl. G. Obos No. 12. Kota Palangkaraya, Kalimantan Tengah",50.000 m2,SHM,-,1984.0,> 200,-,-,-,-,,,10000.0,-2.2307,113.8901
24,24.0,KOTA BANJARMASIN,Banjarmasin Tengah,Masjid Sabilal Muhtadin,http://simas.kemenag.go.id/index.php/profil/masjid/58/,01.1.22.12.05.000001,Masjid Raya,"Jl. Jenderal Sudirman Kota Banjarmasin, Kalimantan Selatan",100000 m2,Girik,5250 m2,1974.0,> 200,3,-,10,45,0511-3353380,,15000.0,-3.3189,114.5913
25,25.0,KOTA SURABAYA,Jambangan,Masjid Nasional Al-Akbar,http://simas.kemenag.go.id/index.php/profil/masjid/57/,01.1.16.37.23.000001,Masjid Raya,"Jl. Masjid Al-Akbar Timur No.1 Pagesangan, Surabaya, Jawa Timur",11.200 m2,SHM,28509 m2,2000.0,> 200,7,7,-,-,"031-8289755, 031-8289756",Website : www.masjidalakbar.co…,59000.0,-7.3363,112.7153
26,26.0,KOTA SAMARINDA,Samarinda Ilir,Masjid Islamic Center Samarinda,http://simas.kemenag.go.id/index.php/profil/masjid/54/,01.1.23.08.04.000001,Masjid Raya,"Jl. Slamet Riyadi no. 1  kelurahan Teluk Lerong Ulu, Kota Samarinda, Kalimantan Timur.",120.000 m2,SHM,43.500 m2,2001.0,> 200,-,-,-,-,,,10000.0,-0.5028,117.1203
27,27.0,KOTA MAKASSAR,Makasar,Masjid Raya Makasar,http://simas.kemenag.go.id/index.php/profil/masjid/50/,01.1.26.22.03.000001,Masjid Raya,"Jl. Bulusaraung, Kota Makassar, Sulawesi Selatan",13.912 m2,SHM,-,1948.0,> 200,2,4,2,-,,,10000.0,-5.1305,119.4197
28,28.0,KOTA JAYAPURA,Jayapura Utara,Masjid Raya Baiturrahim,http://simas.kemenag.go.id/index.php/profil/masjid/45/,01.1.32.29.01.000001,Masjid Raya,"Jl. Jendral Ahmad Yani, Klof Kamp, Jayapura Papua",5.635 m2,Wakaf,4.010 m2,1974.0,> 200,3,5,2,25,0967533717,,4000.0,-2.5447,140.6992
29,29.0,KOTA YOGYAKARTA,Gondomanan,Masjid Gedhe Kauman,http://simas.kemenag.go.id/index.php/profil/masjid/41/,01.1.15.05.10.000001,Masjid Raya,"Jl. Kauman Alun-alun Kraton Yogyakarta, Gondomanan, Yogyakarta",16000 m2,SHM,2578 m2,1733.0,> 200,3,10,-,-,+62-274 373622,,1500.0,-7.8039,110.3622
30,30.0,KOTA SEMARANG,Gayam Sari,Masjid Agung Jawa Tengah,http://simas.kemenag.go.id/index.php/profil/masjid/39/,01.1.14.33.04.000001,Masjid Raya,"Jl. Gajah Raya, Kelurahan Sambirejo, Kecamatan Gayamsari, Kota Semarang Jawa Tengah",100.000 m2,Wakaf,7.699 m2,2001.0,> 200,10,10,-,-,024 6725412,,15000.0,-6.9836,110.4454
31,31.0,KOTA JAMBI,Telanaipura,Masjid Agung Al-Falah,http://simas.kemenag.go.id/index.php/profil/masjid/29/,01.1.05.10.01.000001,Masjid Raya,"Jl. Sultan Thaha No.60 Legok, Telanaipura Kota Jambi",27.000 m2,SHM,6400 m2,1971.0,> 200,-,-,-,-,,,10000.0,-1.5943,103.6083
32,32.0,KOTA PEKANBARU,Pekanbaru Kota,Masjid An-Nur,http://simas.kemenag.go.id/index.php/profil/masjid/28/,01.1.04.11.02.000001,Masjid Raya,"Jl. Hang Tuah, Sumahilang,Kota Pekanbaru, Prov. Riau",80000 m2,SHM,2500 m2,1968.0,> 200,-,-,-,-,,,4500.0,0.5267,101.4507
33,33.0,KOTA BANDA ACEH,Baiturrahman,Masjid Baiturrahman,http://simas.kemenag.go.id/index.php/profil/masjid/25/,01.1.01.19.01.000001,Masjid Raya,"Jln.Muhammad Jam no.1, Kota Banda Aceh",31000 m2,SHM,4000 m2,1875.0,> 200,4,7,5,-,,,13000.0,5.5536,95.3173
34,1.0,KOTA BATAM,Batam Kota,Masjid Agung 1,http://simas.kemenag.go.id/index.php/profil/masjid/287329/,01.2.10.06.10.000087,Masjid Agung,Jl Engku Putri No. 1 Batam Centre,7.500 m2,SHM,2.515 m2,1999.0,> 200,3,1,3,25,0778462593/081364061111,Masjid Raya Batam dirancang se…,15000.0,1.1404,104.0038
35,2.0,KAB. PANDEGLANG,Labuan,Masjid AL-ITTIHAD,http://simas.kemenag.go.id/index.php/profil/masjid/286467/,01.2.12.01.12.000030,Masjid Agung,Kp. Masjid Barat Desa Labuan,2.800 m2,Wakaf,1.100 m2,1972.0,> 200,25,25,8,-,,Pengurus/DKM H. EDI FACHRI,500.0,-1.8015,116.1475
36,3.0,KAB. GARUT,Bl. Limbangan,Masjid Al-Ikhlas SMPN 3 Limbangan,http://simas.kemenag.go.id/index.php/profil/masjid/286048/,01.2.13.05.38.000036,Masjid Agung,Kampung Cijolang Desa Cijolang,6.000 m2,SHM,120 m2,2013.0,100 - 150,1,-,1,4,H. Cepi Hudaya.S.Ag.MA.M.Pd,,150.0,-6.9152,107.6035
37,4.0,KAB. MALANG,Kepanjen,Masjid AGUNG BAITURRAHMAN,http://simas.kemenag.go.id/index.php/profil/masjid/285756/,01.2.16.07.13.000079,Masjid Agung,JL. SULTAN AGUNG NO.34 KEPANJEN,7.500 m2,Girik,3.500 m2,1972.0,> 200,7,20,5,20,"085100759700, 085103614761",,6300.0,-1.8015,116.1475
38,5.0,KOTA BATAM,Batu Aji,Masjid Sultan Mahmud Riayat Syah,http://simas.kemenag.go.id/index.php/profil/masjid/285744/,01.2.10.06.12.000099,Masjid Agung,Jl. Brigjen Katamso Tanjung Uncang,57.144 m2,SHM,41.422 m2,2017.0,> 200,5,2,2,100,08126113600,,25.0,1.1123,104.0021
39,6.0,KAB. YAHUKIMO,Dekai,Masjid TA-TAQWA DEKAI,http://simas.kemenag.go.id/index.php/profil/masjid/285312/,01.2.32.13.07.000001,Masjid Agung,JALUR 3 DEKAI,14.025 m2,Wakaf,40 m2,2006.0,> 200,1,4,1,15,081248432100,,300.0,-2.5535,140.7047
40,7.0,KAB. MAMASA,Mamasa,Masjid AGUNG &quot; NURUL YAQIN &quot;,http://simas.kemenag.go.id/index.php/profil/masjid/280681/,01.2.29.03.03.000004,Masjid Agung,JL.PEMBANGUNAN KELURAHAN MAMASA,1.500 m2,Wakaf,600 m2,1934.0,> 200,4,15,5,35,085342763634,"Masjid agung "" Nurul Yaqin "" M…",1500.0,-2.6866,118.868
41,8.0,KAB. MOROWALI,Bungku Tengah,Masjid Nurul Anwar,http://simas.kemenag.go.id/index.php/profil/masjid/279840/,01.2.25.06.01.000022,Masjid Agung,Desa Bente,20.000 m2,SHM,2.500 m2,2016.0,50 - 100,2,2,2,80,,,400.0,-1.8015,116.1475
42,9.0,KAB. MUARO JAMBI,Sungai Bahar,Masjid AL-MUTTAQIN,http://simas.kemenag.go.id/index.php/profil/masjid/278971/,01.2.05.05.07.000023,Masjid Agung,Desa Berkah,200 m2,Wakaf,150 m2,2000.0,50 - 100,2,2,1,1,,,150.0,-1.45,102.6123
43,10.0,KAB. MUARO JAMBI,Sungai Bahar,Masjid NURUL MUAWWANAH,http://simas.kemenag.go.id/index.php/profil/masjid/278969/,01.2.05.05.07.000021,Masjid Agung,Desa Marga Manunggal Jaya,1.000 m2,SHM,900 m2,2000.0,> 200,5,12,2,2,,,1000.0,-1.4061,102.4365
44,11.0,KAB. MUARO JAMBI,Sungai Bahar,Masjid AL-KAUTSAR,http://simas.kemenag.go.id/index.php/profil/masjid/278966/,01.2.05.05.07.000018,Masjid Agung,Rt.05 Desa Panca Bakti,5.000 m2,Wakaf,500 m2,1990.0,> 200,7,5,1,1,,,300.0,-1.3182,102.4805
45,12.0,KAB. MAMUJU TENGAH,Pangale,Masjid Miftahul  Mujahidin,http://simas.kemenag.go.id/index.php/profil/masjid/278360/,01.2.29.06.02.000012,Masjid Agung,Dusun Rawa  Pandang Desa  Kuo  Kecamatan  Pangale,5.950 m2,Wakaf,550 m2,1990.0,100 - 150,2,4,-,-,085394700525,,300.0,-1.8015,116.1475
46,13.0,KAB. TELUK WONDAMA,Wasior,Masjid AL-FALAH WASIOR,http://simas.kemenag.go.id/index.php/profil/masjid/277381/,01.2.33.10.01.000001,Masjid Agung,WASIOR I,3.250 m2,SHM,-,2008.0,> 200,2,3,4,50,,,1000.0,-0.8597,134.0524
47,14.0,KAB. TANA TORAJA,Makale,Masjid Raya Makale,http://simas.kemenag.go.id/index.php/profil/masjid/277284/,01.2.26.18.04.000001,Masjid Agung,Jl. Merdeka No. 44 Kelurahan Bombongan,988 m2,Wakaf,750 m2,1934.0,> 200,3,3,-,-,42326058,,100.0,-1.8015,116.1475
48,15.0,KOTA SUBULUSSALAM,Simpang Kiri,Masjid Agung Subulussalam,http://simas.kemenag.go.id/index.php/profil/masjid/276735/,01.2.01.23.01.000029,Masjid Agung,Jl.Teuku Umar/Jl.Raja Asal Kp belegen Mulia,25.000 m2,SHM,3.721 m2,2011.0,> 200,6,26,7,-,0822 7206 7755,,0.0,5.5436,95.3229
49,16.0,KAB. TORAJA UTARA,Rantepao,Masjid AGUNG RANTEPAO,http://simas.kemenag.go.id/index.php/profil/masjid/276249/,01.2.26.21.01.000001,Masjid Agung,Jl. Kostan No.1,776 m2,Wakaf,425 m2,1950.0,150 - 200,1,1,2,33,,,1000.0,-5.1463,119.4001
50,17.0,KAB. BURU SELATAN,Namrole,Masjid AL-MUHAJIRIN PASAR,http://simas.kemenag.go.id/index.php/profil/masjid/275842/,01.2.30.09.01.000017,Masjid Agung,DESA LABUANG,-,Wakaf,-,2016.0,> 200,1,1,2,200,-,,200.0,-1.8015,116.1475
51,18.0,KAB. OKU TIMUR,Martapura,Masjid Sabilul Muttaqin,http://simas.kemenag.go.id/index.php/profil/masjid/275758/,01.2.06.08.01.000068,Masjid Agung,Jalan Lintas Kotabaru Martapura,2.000 m2,SHM,625 m2,2018.0,> 200,2,8,3,50,081278934972,,2000.0,-4.362,104.3605
52,19.0,KOTA JAYAPURA,Abepura,Masjid Ass-Shalihin,http://simas.kemenag.go.id/index.php/profil/masjid/275488/,01.2.32.29.03.000025,Masjid Agung,Jl. Gerilyawan No. 126 Kelurahan Hedam,2.750 m2,Wakaf,2.600 m2,1991.0,> 200,5,5,5,100,081344532987,,3000.0,-2.614,140.6663
53,20.0,KAB. LAMPUNG BARAT,Balik Bukit,Masjid Baitul Mukhlisin,http://simas.kemenag.go.id/index.php/profil/masjid/272067/,01.2.08.04.01.000040,Masjid Agung,Sekuting,6.000 m2,Wakaf,600 m2,2008.0,> 200,4,6,5,30,,,500.0,-5.0172,104.1135
54,21.0,KAB. KEDIRI,Pare,Masjid An-Nur,http://simas.kemenag.go.id/index.php/profil/masjid/271654/,01.2.16.06.17.000117,Masjid Agung,Jl. Matahari No. 02 Kec. Pare,"43,406 m2",Girik,776 m2,1996.0,50 - 100,3,14,3,30,,,10.0,-7.2892,112.7344
55,22.0,KAB. PADANG LAWAS UTARA,Padang Bolak,Masjid Raya Gunung Tua,http://simas.kemenag.go.id/index.php/profil/masjid/271276/,01.2.02.20.04.000095,Masjid Agung,Lk. I Pasar Gunung Tua,12.000 m2,Girik,120 m2,2009.0,> 200,5,23,4,30,081370384364,,1500.0,1.5076,99.6246
56,23.0,KOTA PAYAKUMBUH,Payakumbuh Barat,Masjid Agung Istiqamah,http://simas.kemenag.go.id/index.php/profil/masjid/266521/,01.2.03.18.01.000032,Masjid Agung,Kelurahan Balai Kandi Kecamatan Payakumbuh Barat,1.600 m2,Wakaf,800 m2,1986.0,150 - 200,3,8,3,50,081374020109,,1200.0,-1.8015,116.1475
57,24.0,KAB. LOMBOK UTARA,Tanjung,Masjid Baiturrahim,http://simas.kemenag.go.id/index.php/profil/masjid/265906/,01.2.18.08.01.000073,Masjid Agung,Dusun Gubuk Baru Desa Tanjung,3.000 m2,Wakaf,900 m2,1980.0,> 200,6,12,2,150,-,,1200.0,-8.589,116.1304
58,25.0,KAB. SUKABUMI,Pelabuhan Ratu,Masjid Agung Palabuhanratu,http://simas.kemenag.go.id/index.php/profil/masjid/265515/,01.2.13.02.01.000145,Masjid Agung,Jl. Siliwangi No 21. Palauhanratu,2.500 m2,Wakaf,600 m2,1945.0,> 200,7,8,6,30,08111102675,"KH. Asep Saprudin,S.Kom.,M.Si",2000.0,-6.9765,106.5488
59,26.0,KAB. JAYAWIJAYA,Wamena,Masjid Baiturrahman,http://simas.kemenag.go.id/index.php/profil/masjid/264598/,01.2.32.02.01.000001,Masjid Agung,Jalan Yos Sudarso,10.000 m2,SHM,"1,369 m2",1973.0,> 200,3,10,3,50,,,2000.0,-2.5535,140.7047
60,27.0,KAB. DOGIYAI,Dogiyai,Masjid Nurul Kautsar,http://simas.kemenag.go.id/index.php/profil/masjid/264597/,01.2.32.26.10.000001,Masjid Agung,Jl. Pasar Dogiyai Distrik Moenamani,2.000 m2,SHM,600 m2,2008.0,> 200,1,1,5,10,,MAsjid yang terletak di tengah…,500.0,-4.0121,136.0365
61,28.0,KAB TANJUNG JABUNG TIMUR,Muara Sabak Barat,Masjid Nur addarojat,http://simas.kemenag.go.id/index.php/profil/masjid/264269/,01.2.05.07.07.000021,Masjid Agung,Rt. 06/03. Kel. rano,1.000 m2,Wakaf,625 m2,2007.0,100 - 150,3,3,3,50,,,600.0,-1.8015,116.1475
62,29.0,KAB. INDRAMAYU,Kertasemaya,Masjid pesantren Tahfizhul Qur'an,http://simas.kemenag.go.id/index.php/profil/masjid/263957/,01.2.13.12.08.000003,Masjid Agung,Blok Sumur Gede Rt.003 Rw 003 Desa Tenajar kec. Kertasemaya Kab Indramayu,1.632 m2,SHM,400 m2,2008.0,150 - 200,6,5,4,50,081289595573,,500.0,-6.9152,107.6035
63,30.0,KAB. BOYOLALI,Mojosongo,Masjid AGENG,http://simas.kemenag.go.id/index.php/profil/masjid/263664/,01.2.14.09.06.000120,Masjid Agung,"KEMIRI,KEMIRI",400 m2,SHM,400 m2,2014.0,100 - 150,3,5,2,50,,,200.0,-6.9714,110.4255
64,31.0,KAB. BANYUMAS,Purwokerto Timur,Masjid BAITUSSALAM,http://simas.kemenag.go.id/index.php/profil/masjid/262910/,01.2.14.02.26.000068,Masjid Agung,JL. MASJID NO. 1 SOKANEGARA PURWOKERTO,4.098 m2,Wakaf,3.073 m2,1910.0,> 200,4,4,2,-,0281 638047,,2000.0,-6.9714,110.4255
65,32.0,KAB. MADIUN,Mejayan,Masjid AGUNG QUBA',http://simas.kemenag.go.id/index.php/profil/masjid/260203/,01.2.16.19.11.000047,Masjid Agung,Jln. Alun alun Barat Mejayan Caruban Madiun,-,Wakaf,-,2015.0,150 - 200,2,14,10,50,0351 4887000,,1000.0,-7.5417,111.6512
66,33.0,KOTA DUMAI,Bukit Kapur,Masjid AL-MANNAN,http://simas.kemenag.go.id/index.php/profil/masjid/258339/,01.2.04.12.03.000041,Masjid Agung,Jl.Soekarno Hatta,-,SHM,-,2003.0,> 200,5,5,4,30,,,500.0,0.5462,101.4323
67,34.0,KOTA TARAKAN,Tarakan Tengah,Masjid Agung Al-Ma'arif,http://simas.kemenag.go.id/index.php/profil/masjid/258027/,01.2.34.05.02.000028,Masjid Agung,"Jl. KH. Agus Salim Kel.Selumit, Kec.Tarakan Tengah",2.500 m2,Wakaf,730 m2,1961.0,> 200,2,4,7,-,081347358585,,2200.0,3.302,117.5857
68,35.0,KAB. OKU SELATAN,Muara Dua,Masjid Agung Al-Falah,http://simas.kemenag.go.id/index.php/profil/masjid/257055/,01.2.06.09.01.000017,Masjid Agung,"Bumi Agung, Muaradua, Kodepos 32211",-,SHM,-,2015.0,> 200,5,5,5,-,,,250.0,-4.5335,104.0738
69,36.0,KOTA PAGAR ALAM,Pagar Alam Utara,Masjid Agung Pagar Alam,http://simas.kemenag.go.id/index.php/profil/masjid/257052/,01.2.06.13.01.000053,Masjid Agung,"Jl. Kombes H.Umar, Bangun Jaya",-,Wakaf,-,2000.0,150 - 200,5,5,5,-,,,250.0,-4.0204,103.2525
70,37.0,KAB. OGAN ILIR,Indralaya,Masjid Agung An-Nur,http://simas.kemenag.go.id/index.php/profil/masjid/257032/,01.2.06.10.04.000046,Masjid Agung,Komplek Perkantoran Terpadu Kabupaten Ogan Ilir di Desa Tanjung Senai,"2,025 m2",SHM,-,2012.0,> 200,5,5,5,-,,,220.0,-3.2568,104.6506
71,38.0,KAB. MALUKU TENGAH,Kota Masohi,Masjid Al-Muawanah,http://simas.kemenag.go.id/index.php/profil/masjid/255546/,01.2.30.01.11.000002,Masjid Agung,Kali Udang,2.700 m2,Wakaf,-,1984.0,> 200,1,2,3,-,,,0.0,-3.3045,128.9592
72,39.0,KOTA PRABUMULIH,Prabumulih Utara,Masjid Nur Arafah,http://simas.kemenag.go.id/index.php/profil/masjid/255513/,01.2.06.15.05.000019,Masjid Agung,Kelurahan Pasar I Kecamatan Prabumulih Utara Kota Prabumulih,1.800 m2,Wakaf,625 m2,1997.0,150 - 200,-,-,-,-,,,0.0,-3.441,104.2354
73,40.0,KAB. PULANG PISAU,Kahayan Hilir,Masjid Ar-Raudhah Pulang Pisau,http://simas.kemenag.go.id/index.php/profil/masjid/255494/,01.2.21.11.05.000024,Masjid Agung,"Jl. Abel Gawe , Kel. Anjir Pulang Pisau",79.557 m2,SHM,7.699 m2,2006.0,50 - 100,5,10,5,30,,,1000.0,-2.7699,114.2646
74,41.0,KAB. KLATEN,Klaten Utara,Masjid Al-Aqsho,http://simas.kemenag.go.id/index.php/profil/masjid/255290/,01.2.14.10.24.000122,Masjid Agung,"Jl. Jogja - Solo, Jonggrangan, Klaten Utara, Kabupaten Klaten, Jawa Tengah 57435",5.266 m2,SHM,2.000 m2,2012.0,> 200,2,20,2,70,0852-0579-4975,,3000.0,-7.6897,110.6164
75,42.0,KAB. PANDEGLANG,Pandeglang,Masjid AR-ROHMAN (XXX),http://simas.kemenag.go.id/index.php/profil/masjid/255228/,01.2.12.01.21.000026,Masjid Agung,"Ciwasiat, Kec. Pandeglang, Kab.Pandeglang",2.280 m2,Wakaf,2.182 m2,1870.0,> 200,3,27,3,22,,,3500.0,-6.3316,106.0666
76,43.0,KAB. GARUT,Garut Kota,Masjid Agung Garut,http://simas.kemenag.go.id/index.php/profil/masjid/254086/,01.2.13.05.01.000180,Masjid Agung,Jl.Kabupaten No. 17 Tlp. (0262)541139 Garut,9.500 m2,Wakaf,2.205 m2,1902.0,> 200,11,14,5,450,085222847179/085256602591,Masjid Agung Garut adalah sala…,4000.0,-1.8015,116.1475
77,44.0,KAB. LAHAT,Lahat,Masjid Agung,http://simas.kemenag.go.id/index.php/profil/masjid/253995/,01.2.06.04.06.000115,Masjid Agung,Pasar Lama Lahat,4.125 m2,Wakaf,-,1920.0,> 200,15,15,-,-,,,250.0,-3.7887,103.5395
78,45.0,KAB. BANYUASIN,Banyuasin III,Masjid Al-Amir,http://simas.kemenag.go.id/index.php/profil/masjid/253979/,01.2.06.07.03.000100,Masjid Agung,Komplek Perkantoran Pangkalan Balai,1.500 m2,Wakaf,800 m2,2007.0,> 200,5,10,7,20,,,1000.0,-2.9138,104.4069
79,46.0,KAB. SERAM BAGIAN TIMUR,Bula,Masjid AL-IKHWAN,http://simas.kemenag.go.id/index.php/profil/masjid/253422/,01.2.30.05.01.000001,Masjid Agung,JL PADAT KARYA BULA KAB. SERAM BAGIAN TIMUR,7.883 m2,Wakaf,2.413 m2,2007.0,> 200,6,2,1,25,,,3000.0,-3.1033,130.4907
80,47.0,KOTA JAMBI,Telanaipura,Masjid Al-Falah,http://simas.kemenag.go.id/index.php/profil/masjid/251089/,01.2.05.10.01.000041,Masjid Agung,Rt. 01 Kel. Legok,7.000 m2,Wakaf,6.400 m2,1980.0,> 200,3,3,-,-,,,650.0,-1.5976,103.6052
81,48.0,KAB. TEBO,Tebo Tengah,Masjid Al-Ittihad,http://simas.kemenag.go.id/index.php/profil/masjid/250872/,01.2.05.09.01.000035,Masjid Agung,Jln. Tebo-Bungo Km.3 Kelurahan Tebing Tinggi,30.000 m2,Wakaf,3.600 m2,2014.0,> 200,4,1,2,50,08127335276,,2000.0,-1.4675,102.4362
82,49.0,KAB. BATANGHARI,Muara Bulian,Masjid Agung Al-Muhajirin,http://simas.kemenag.go.id/index.php/profil/masjid/250841/,01.2.05.04.03.000042,Masjid Agung,Jln. Letn. Abu Bakar RT.11/RW.03 Komplek Air Panas,4.450 m2,Wakaf,676 m2,1982.0,> 200,4,4,4,20,085381016966,,1000.0,-1.7029,103.2689
83,50.0,KAB. KAUR,Kaur Selatan,Masjid Al-Kahfi,http://simas.kemenag.go.id/index.php/profil/masjid/249918/,01.2.07.04.05.000026,Masjid Agung,"Depan lapangan merdeka bintuhan, jl. desa pasar baru, kecamatan kaur selatan, kabupaten kaur",-,SHM,-,2013.0,> 200,2,2,2,-,-,,1000.0,-4.7917,103.3492
84,51.0,KAB. LAMANDAU,Bulik,Masjid BAITURRAHMAN,http://simas.kemenag.go.id/index.php/profil/masjid/246025/,01.2.21.09.03.000019,Masjid Agung,JL BATU BETANGGUI NANGA BULIK,7.500 m2,Wakaf,480 m2,2009.0,50 - 100,8,8,2,-,,,500.0,-1.9992,111.366
85,52.0,KAB. TRENGGALEK,Trenggalek,Masjid Baitur Rohman,http://simas.kemenag.go.id/index.php/profil/masjid/244651/,01.2.16.03.11.000052,Masjid Agung,"Jl. Pemuda, Surodakan, Ngantru, Kec. Trenggalek, Kabupaten Trenggalek, Jawa Timur 66311, Indonesia",500 m2,Wakaf,350 m2,1983.0,> 200,-,-,-,-,,,500.0,-8.0491,111.7079
86,53.0,KAB. MAGETAN,Magetan,Masjid AGUNG BAITUSSALAM MAGETAN,http://simas.kemenag.go.id/index.php/profil/masjid/243567/,01.2.16.20.06.000074,Masjid Agung,JL. BASUKI RAHMAD BARAT NO.18 MAGETAN,3.025 m2,SHM,2.200 m2,1886.0,> 200,4,8,7,-,0351 8198466,,5000.0,7.6561,111.3271
87,54.0,KAB. KUTAI BARAT,Barong Tongkok,Masjid BAITURRAHIM,http://simas.kemenag.go.id/index.php/profil/masjid/242636/,01.2.23.04.07.000001,Masjid Agung,Jalan Gajah Mada RT.005 Kelurahan Barong Tongkok,4.000 m2,Wakaf,1.050 m2,1990.0,150 - 200,2,20,4,-,,,1500.0,-0.2282,115.6959
88,55.0,KOTA MEDAN,Medan Polonia,Masjid Agung Sumatera Utara,http://simas.kemenag.go.id/index.php/profil/masjid/241362/,01.2.02.26.16.000001,Masjid Agung,Jl. Diponegoro No. 26 Kelurahan Madras Hulu Kec. Medan Polonia Kota Medan,10.700 m2,SHM,5.000 m2,1967.0,> 200,59,48,5,476,,,20000.0,3.5815,98.6721
89,56.0,KAB. SERAM BAGIAN BARAT,Seram Barat,Masjid Al-Muhajirin,http://simas.kemenag.go.id/index.php/profil/masjid/237705/,01.2.30.06.02.000050,Masjid Agung,Kota Piru,1.800 m2,Wakaf,752 m2,1976.0,> 200,2,10,2,30,,,300.0,-3.0681,128.1942
90,57.0,KAB. MEMPAWAH,Mempawah Hilir,Masjid Agung Al-Falah,http://simas.kemenag.go.id/index.php/profil/masjid/236489/,01.2.20.02.01.000026,Masjid Agung,"Jalan Raden Kusno, Komplek Al-Falah",3.000 m2,Wakaf,2.300 m2,1983.0,> 200,6,10,4,30,0561-691842,,2500.0,0.3669,108.9512
91,58.0,KAB. PIDIE,Kota Sigli,Masjid AL-FALAH,http://simas.kemenag.go.id/index.php/profil/masjid/232544/,01.2.01.07.07.000005,Masjid Agung,"Jl. Banda Aceh - Medan, Blang Asan, Kota Sigli, Kabupaten Pidie, Aceh 24114, Indonesia",5.200 m2,Wakaf,1.200 m2,1955.0,> 200,5,5,5,30,,,1000.0,5.3808,95.9579
92,59.0,KAB. SEMARANG,Ungaran Timur,Masjid AL-MABRUR,http://simas.kemenag.go.id/index.php/profil/masjid/232062/,01.2.14.22.18.000030,Masjid Agung,JL. AHMAD YANI ALUN-ALUN RT.07  RW.01 LINGKUNGAN PAREN SIDOMULYO,1.552 m2,Wakaf,1.552 m2,2010.0,> 200,1,4,2,30,,,1500.0,-1.8015,116.1475
93,60.0,KAB MALUKU TENGGARA BARAT,Tanimbar Selatan,Masjid An-Nur,http://simas.kemenag.go.id/index.php/profil/masjid/230698/,01.2.30.03.01.000001,Masjid Agung,JL. MATILDA BATLAYARE SAUMLAKI KECAMATAN TANIMBAR SELATAN KABUPATEN MALUKU TENGGARA BARAT,858 m2,Wakaf,858 m2,1897.0,> 200,2,4,3,35,085243405709,,1500.0,-7.9803,131.2975
94,61.0,KAB. MUSI BANYUASIN,Sekayu,Masjid Baitul Makmur,http://simas.kemenag.go.id/index.php/profil/masjid/230414/,01.2.06.06.01.000051,Masjid Agung,Kel. Kayuara,4.040 m2,Wakaf,3.040 m2,2016.0,> 200,4,4,3,20,,,1000.0,-2.8803,103.861
95,62.0,KOTA PARE PARE,Soreang,Masjid Agung,http://simas.kemenag.go.id/index.php/profil/masjid/230173/,01.2.26.23.03.000046,Masjid Agung,Jl. Jend. Ahmad Yani KM. 2,40.000 m2,SHM,1.764 m2,2010.0,100 - 150,3,3,2,1,,,150.0,-4.0099,119.6364
96,63.0,KAB. SIDENRENG RAPPANG,Maritengngae,Masjid Agung,http://simas.kemenag.go.id/index.php/profil/masjid/227952/,01.2.26.14.07.000025,Masjid Agung,Jl. Jend. Sudirman Poros Pare Kel. Lakessi,-,Wakaf,-,2006.0,50 - 100,-,-,-,-,,,0.0,-1.8015,116.1475
97,64.0,KAB. MUSI RAWAS,Muara Beliti,Masjid Agung Darussalam,http://simas.kemenag.go.id/index.php/profil/masjid/227468/,01.2.06.05.09.000001,Masjid Agung,"PERKANTORAN PEMKAB MUSI RAWAS, AGROPOLITAN CENTRE MUARA BELITI",5.000 m2,Girik,1.000 m2,2009.0,> 200,2,3,2,15,,,1200.0,-3.2419,103.0102
98,65.0,KAB. SUMBAWA BARAT,Taliwang,Masjid Agung Darussalam,http://simas.kemenag.go.id/index.php/profil/masjid/225724/,01.2.18.07.02.000075,Masjid Agung,Komplek Kamutar Telu Center,48.000 m2,SHM,15.000 m2,2005.0,> 200,7,14,4,-,,,8000.0,-8.6598,116.1942
99,66.0,KAB. BONE,Tanete Riattang Barat,Masjid Al-Markas (xxx),http://simas.kemenag.go.id/index.php/profil/masjid/224740/,01.2.26.08.22.000047,Masjid Agung,Jl. Ahmad Yani Kel. Macanang,35.000 m2,Wakaf,1.200 m2,1980.0,> 200,4,10,3,75,,,1000.0,-4.5435,120.3135
100,67.0,KAB. WONOGIRI,Wonogiri,Masjid At-Taqwa,http://simas.kemenag.go.id/index.php/profil/masjid/216364/,01.2.14.12.12.000147,Masjid Agung,Depan Pendopo Kabupaten Wonogiri,2.500 m2,Wakaf,1.500 m2,1881.0,> 200,10,10,5,25,0,,3000.0,-1.8015,116.1475
101,68.0,KAB. ROKAN HILIR,Bangko,Masjid Al- Ikhlas,http://simas.kemenag.go.id/index.php/profil/masjid/216222/,01.2.04.07.02.000007,Masjid Agung,Jl. Utama Bagansiapiapi,10.385 m2,SHM,1.122 m2,1967.0,> 200,3,5,4,80,,,1200.0,2.1616,100.8029
102,69.0,KAB. ACEH TIMUR,Idi Rayeuk,Masjid Darussalihin,http://simas.kemenag.go.id/index.php/profil/masjid/213765/,01.2.01.03.03.000015,Masjid Agung,"Jln. Medan - Banda Aceh, Desa Gampong Jawa",10.000 m2,SHM,1.440 m2,1914.0,150 - 200,1,1,1,-,-,,1500.0,4.9491,97.773
103,70.0,KAB. PANDEGLANG,Pandeglang,Masjid Ar-Rahman,http://simas.kemenag.go.id/index.php/profil/masjid/213565/,01.2.12.01.21.000002,Masjid Agung,JL. Masjid Agung No.2 Kel Pandeglang,2.280 m2,Wakaf,2.182 m2,1870.0,> 200,3,27,3,22,087773142099,,3500.0,-6.3088,106.1045
104,71.0,KAB. ACEH TENGAH,Laut Tawar,Masjid Agung Ruhama',http://simas.kemenag.go.id/index.php/profil/masjid/212655/,01.2.01.04.10.000008,Masjid Agung,Jln. Merah Mersa Takengon Barat Kecamatan Lut Tawar Kab. Aceh Tengah,1.431 m2,Wakaf,29.094 m2,1967.0,> 200,9,13,5,45,(0643) 21784,,6400.0,-89.8771,-87.5559
105,72.0,KAB. LOMBOK TIMUR,Selong,Masjid Al-Mujahidin,http://simas.kemenag.go.id/index.php/profil/masjid/212203/,01.2.18.03.07.000004,Masjid Agung,"Jl. TGKH. Zainuddin Abdul Madjid, Selong, Lombok Timur, Nusa Tenggara Barat",1.200 m2,Wakaf,900 m2,1940.0,100 - 150,15,13,5,30,,,400.0,-8.6508,116.5382
106,73.0,KOTA TEBING TINGGI,Rambutan,Masjid Agung Kota Tebing Tinggi,http://simas.kemenag.go.id/index.php/profil/masjid/211813/,01.2.02.31.02.000017,Masjid Agung,Jln.KL.Yos Sudarso Kel.Lalang Kec.Rambutan Tebing Tinggi,11.000 m2,SHM,1.500 m2,2013.0,> 200,-,-,-,-,,,5000.0,3.354,99.1662
107,74.0,KAB. ACEH TENGGARA,Babussalam,Masjid At-Taqwa Kutacane,http://simas.kemenag.go.id/index.php/profil/masjid/211787/,01.2.01.02.04.000001,Masjid Agung,Jl. Cut Nyak Dhienn No.50 Kutacane,12.230 m2,SHM,2.675 m2,1970.0,> 200,3,5,2,20,085276905635,,4000.0,3.4847,97.8107
108,75.0,KOTA MALANG,Klojen,Masjid Agung Kota Malang,http://simas.kemenag.go.id/index.php/profil/masjid/211361/,01.2.16.32.02.000118,Masjid Agung,Jl. Merdeka Barat 03 Kota Malang,5.000 m2,Wakaf,5.000 m2,1875.0,> 200,5,20,3,2,0341-326359,,7000.0,-7.9824,112.6299
109,76.0,KAB. DOMPU,Dompu,Masjid Baiturrahman,http://simas.kemenag.go.id/index.php/profil/masjid/211025/,01.2.18.05.01.000001,Masjid Agung,Jalan Manuru Kupang No1 Kecamatan Dompu Kabupaten Dompu,6.000 m2,SHM,1.250 m2,1952.0,> 200,5,9,2,11,,,2000.0,-8.5397,118.4577
110,77.0,KAB. LOMBOK TENGAH,Praya,Masjid Agung Praya,http://simas.kemenag.go.id/index.php/profil/masjid/210799/,01.2.18.02.01.000001,Masjid Agung,Jalan Sukarno Hatta Praya,10.000 m2,Wakaf,1.000 m2,2000.0,> 200,11,9,4,-,,,10000.0,-8.7025,116.2676
111,78.0,KAB. NABIRE,Nabire,Masjid Al-Falah,http://simas.kemenag.go.id/index.php/profil/masjid/210119/,01.2.32.04.01.000001,Masjid Agung,"jl.Merdeka Kel.Karang Mulia Kec.Nabire, Kab.Nabire,Propinsi Papua",-,Wakaf,-,1988.0,> 200,2,-,-,-,081344712012,,0.0,-3.3682,135.5066
112,79.0,KAB. BIAK NUMFOR,Biak Kota,Masjid AGUNG BAITURRAHMAN,http://simas.kemenag.go.id/index.php/profil/masjid/210062/,01.2.32.06.01.000001,Masjid Agung,JL. JENDERAL SUDIRMAN,10.000 m2,SHM,3.000 m2,1979.0,150 - 200,3,2,5,40,,Msjid Agung Baiturrahman terle…,15000.0,-1.1868,138.1112
113,80.0,KAB. KEEROM,Arso,Masjid NURUL HUDA,http://simas.kemenag.go.id/index.php/profil/masjid/209977/,01.2.32.11.02.000001,Masjid Agung,JL. KASUARI RT.07 RW. 03,14.160 m2,SHM,675 m2,1996.0,> 200,2,15,2,40,081248380028,,450.0,-2.9064,140.7501
114,81.0,KAB. KEPULAUAN YAPEN,Yapen Selatan,Masjid Agung Darussalam Serui,http://simas.kemenag.go.id/index.php/profil/masjid/209691/,01.2.32.05.01.000001,Masjid Agung,Jl. Dr. Samratulangi,2.000 m2,SHM,1.050 m2,1955.0,50 - 100,2,15,3,25,085220716863,Masji Agung Darussalam Serui t…,1500.0,-1.8854,136.2416
115,82.0,KOTA TUAL,Pulau Dullah Selatan,Masjid Al-Huriyah 45,http://simas.kemenag.go.id/index.php/profil/masjid/205391/,01.2.30.11.02.000006,Masjid Agung,Jl. Pattimura Tual,1.399 m2,Wakaf,1.050 m2,1945.0,> 200,3,5,2,60,-,,500.0,-5.6356,132.7429
116,83.0,KAB. MAMUJU,Mamuju,Masjid Suada,http://simas.kemenag.go.id/index.php/profil/masjid/204181/,01.2.29.02.01.000069,Masjid Agung,Jl. Abdul Wahab Asazi Kel.Binanga,9.000 m2,Wakaf,1.600 m2,1992.0,> 200,4,3,4,30,082291083716,,3000.0,-2.6751,118.8885
117,84.0,KOTA BALIKPAPAN,Balikpapan Selatan,Masjid At-Taqwa,http://simas.kemenag.go.id/index.php/profil/masjid/199334/,01.2.23.07.05.000005,Masjid Agung,Jl. Wiluyo Puspoyudo Rt.17 Klandasan Ulu,6.100 m2,Wakaf,5.268 m2,1958.0,> 200,-,-,-,-,081254509453,,3800.0,-1.2768,116.8293
118,85.0,KAB. TASIKMALAYA,Singaparna,Masjid Baiturrohman,http://simas.kemenag.go.id/index.php/profil/masjid/198268/,01.2.13.06.24.000095,Masjid Agung,Jl. Bojongkoneng  Linggasari Desa Singasari,2.250 m2,Wakaf,1.000 m2,2010.0,> 200,12,12,12,50,082121809460,,5000.0,-6.9152,107.6035
119,86.0,KAB. BUNGO,Rimbo Tengah,Masjid Al-Mubarak,http://simas.kemenag.go.id/index.php/profil/masjid/195186/,01.2.05.08.13.000001,Masjid Agung,Kelurahan Pasir Putih,19.600 m2,Wakaf,3.600 m2,1990.0,> 200,3,2,2,100,,,7000.0,-1.7572,102.9242
120,87.0,KAB. FAK FAK,Pariwari,Masjid Baitul Makmur,http://simas.kemenag.go.id/index.php/profil/masjid/193812/,01.2.33.01.10.000006,Masjid Agung,"Jl. Dr. Samratulangi, Kel. Wagom, Distrik Pariwari, Fakfak, Papua Barat",9.000 m2,Girik,1.000 m2,1995.0,100 - 150,3,5,2,50,085254403895,,5000.0,-2.9277,132.2893
121,88.0,KAB. BANDUNG,Soreang,Masjid Al-FATHU,http://simas.kemenag.go.id/index.php/profil/masjid/193608/,01.2.13.04.26.000188,Masjid Agung,Komplek PEMDA Kab.Bandung Jalan Terusan Al Fathu KM 17,2.000 m2,Girik,1.000 m2,1993.0,> 200,3,52,4,-,022-5894571,,1000.0,-6.9152,107.6035
122,89.0,KAB. WAJO,Tempe,Masjid Agung Ummul Qura,http://simas.kemenag.go.id/index.php/profil/masjid/192773/,01.2.26.13.06.000002,Masjid Agung,Jl.Masjid Raya Sengkang Kecamatan Tempe,7.000 m2,SHM,3.500 m2,1955.0,> 200,1,50,-,-,,,300.0,-4.1403,120.0315
123,90.0,KAB. SAROLANGUN,Sarolangun,Masjid AS-SHULTHON,http://simas.kemenag.go.id/index.php/profil/masjid/192570/,01.2.05.03.03.000007,Masjid Agung,AUR GADING RT.04,2.600 m2,Wakaf,1.000 m2,2003.0,> 200,1,1,1,-,,,0.0,-1.8015,116.1475
124,91.0,KAB. MERANGIN,Bangko,Masjid Baitul Makmur,http://simas.kemenag.go.id/index.php/profil/masjid/192546/,01.2.05.02.02.000046,Masjid Agung,Lingk. Mensawang RT. 12 Kel. Dusun Bangko,5.000 m2,SHM,2.500 m2,2012.0,> 200,1,1,1,-,,,1000.0,-1.8015,116.1475
125,92.0,KAB TANJUNG JABUNG BARAT,Tungkal Ilir,Masjid Agung Al-Istiqomah,http://simas.kemenag.go.id/index.php/profil/masjid/192384/,01.2.05.06.02.000001,Masjid Agung,Jl. Pelabuhan Tungkal III Kuala Tungkal,700 m2,Wakaf,500 m2,1949.0,> 200,15,20,10,30,,,1000.0,-0.8142,103.4636
126,93.0,KAB. BENGKAYANG,Bengkayang,Masjid Agung Syuhada,http://simas.kemenag.go.id/index.php/profil/masjid/191621/,01.2.20.07.04.000009,Masjid Agung,Jl. Raya RSUD Bengkayang Kelurahan  Sebalo  Kab. Bengkayang,4.380 m2,Wakaf,600 m2,1998.0,50 - 100,15,15,6,20,,,2000.0,0.8263,109.4831
127,94.0,KAB. INDRAMAYU,Indramayu,Masjid Agung,http://simas.kemenag.go.id/index.php/profil/masjid/191545/,01.2.13.12.15.000001,Masjid Agung,Jl. Letjen Sutoyo,4.000 m2,SHM,3.500 m2,1965.0,> 200,5,5,3,250,,,1000.0,-6.3265,108.322
128,95.0,KAB. SOPPENG,Lalabata,Masjid Agung Darussalam,http://simas.kemenag.go.id/index.php/profil/masjid/190913/,01.2.26.12.04.000078,Masjid Agung,Jl. Pengayoman Kel. Botto,4.000 m2,Wakaf,1.069 m2,1979.0,150 - 200,4,1,2,25,0,,1250000.0,-5.1463,119.4001
129,96.0,KAB. DONGGALA,Banawa,Masjid Raya Donggala,http://simas.kemenag.go.id/index.php/profil/masjid/187775/,01.2.25.03.03.000001,Masjid Agung,Jl.Pelabuhan Kel.Boya,-,SHM,111.176 m2,1964.0,> 200,14,15,5,50,081341191282,,1000.0,-0.6675,119.742
130,97.0,KAB. BANGKA SELATAN,Toboali,Masjid Pemda,http://simas.kemenag.go.id/index.php/profil/masjid/182572/,01.2.09.03.01.000045,Masjid Agung,Komplek Perkantoran Pemda Jl.Gunung Namak Toboali,200 m2,Wakaf,100 m2,2009.0,100 - 150,6,6,5,25,,,200.0,-3.0198,106.5084
131,98.0,KOTA BANDUNG,Sumur Bandung,Masjid AGUNG AL-UKHUWAH,http://simas.kemenag.go.id/index.php/profil/masjid/181989/,01.2.13.20.19.000037,Masjid Agung,JL. WASTUKENCANA NO. 27,5.000 m2,Girik,5.000 m2,1970.0,> 200,-,-,-,-,,,1000.0,-6.9107,107.6086
132,99.0,KAB. MELAWI,Nanga Pinoh,Masjid AGUNG MELAWI,http://simas.kemenag.go.id/index.php/profil/masjid/177474/,01.2.20.10.02.000042,Masjid Agung,JL. RAYA PROVINSI KOTA BARU KM.06 NANGA PINOH,40.000 m2,SHM,360 m2,2015.0,150 - 200,20,30,5,50,0,,5000.0,-0.5108,111.9242
133,100.0,KAB. TABANAN,Tabanan,Masjid Agung Tabanan,http://simas.kemenag.go.id/index.php/profil/masjid/176863/,01.2.17.02.05.000001,Masjid Agung,Jl. Kamboja Dauh Peken Tabanan,-,Girik,-,1952.0,> 200,3,14,1,45,,,500.0,-8.3474,115.1189
134,101.0,KOTA DENPASAR,Denpasar Barat,Masjid Baitul Makmur,http://simas.kemenag.go.id/index.php/profil/masjid/176861/,01.2.17.09.03.000008,Masjid Agung,Jl. Gunung Merbuk 4 No. 1 Monang Maning Desa Tegal Kertha Kecamatan Denpasar Barat Kota Denpasar,"9,890 m2",Wakaf,400 m2,1967.0,> 200,2,24,-,-,0361-486076,,2.0,-8.6604,115.1957
135,102.0,KAB. ENDE,Ende Tengah,Masjid Agung Nurul Hidayah,http://simas.kemenag.go.id/index.php/profil/masjid/176702/,01.2.19.08.19.000001,Masjid Agung,Jl. Kelimutu,5.614 m2,Wakaf,400 m2,1990.0,> 200,5,10,2,134,,,500.0,-8.8405,121.663
136,103.0,KAB. KLUNGKUNG,Klungkung,Masjid Agung Al-Fatah,http://simas.kemenag.go.id/index.php/profil/masjid/176297/,01.2.17.05.03.000006,Masjid Agung,Jl. Teratai No. 04 Semarapura,350 m2,Wakaf,1.050 m2,1986.0,> 200,5,10,-,-,087862153755,,500.0,-8.537,115.4031
137,104.0,KAB. SUMBA TENGAH,Katiku Tana,Masjid Baiturahman Anakalang,http://simas.kemenag.go.id/index.php/profil/masjid/176196/,01.2.19.17.01.000001,Masjid Agung,Jl.Anakalang Kec.Kota Katikutana Kab.Sumba Tengah,370 m2,Wakaf,-,1990.0,50 - 100,-,-,-,-,,,100.0,-9.5906,119.0
138,105.0,KAB. KUPANG,Amarasi,Masjid Nurul Jihad,http://simas.kemenag.go.id/index.php/profil/masjid/176105/,01.2.19.01.06.000001,Masjid Agung,"Desa Tesbatan, Kec. Amarasi",660 m2,Wakaf,-,1978.0,150 - 200,-,-,-,-,,,200.0,-10.1275,123.9526
139,106.0,KAB. SUMBA TIMUR,Kota Waingapu,Masjid Al-Jihad Waingapu,http://simas.kemenag.go.id/index.php/profil/masjid/176023/,01.2.19.11.01.000001,Masjid Agung,Jln. Cut Nyak Dien Kelurahan Kamalaputi Kecamatan Kota Waingapu Kabupaten Sumba Timur,3.620 m2,Wakaf,-,1937.0,100 - 150,6,4,6,-,,,250.0,-9.6451,120.2577
140,107.0,KAB. SUMBA BARAT DAYA,Kota Tambolaka,Masjid ALFALAH WAITABULA,http://simas.kemenag.go.id/index.php/profil/masjid/174188/,01.2.19.18.09.000002,Masjid Agung,"Jl. Pasar Inpres lama, Kel. Langgalero, Kec. Kota Tambolaka, Kab. SBD",2.100 m2,Wakaf,625 m2,1980.0,> 200,4,8,10,200,,,800.0,-9.4372,119.2336
141,108.0,KAB. LEBONG,Pelabai,Masjid SULTHAN ABDULLAH,http://simas.kemenag.go.id/index.php/profil/masjid/174025/,01.2.07.07.09.000001,Masjid Agung,Kel. Tanjung Agung,100.000 m2,SHM,1.000 m2,2013.0,> 200,-,-,-,-,,,1000.0,-3.1559,102.1823
142,109.0,KAB. SORONG SELATAN,Teminabuan,Masjid DARUL ULUM,http://simas.kemenag.go.id/index.php/profil/masjid/173724/,01.2.33.07.01.000003,Masjid Agung,Jln. Teminabuan-Ayamaru,6.000 m2,Wakaf,1.050 m2,2010.0,> 200,1,4,2,15,082333862444,,500.0,-1.8015,116.1475
143,110.0,KAB. BELU,Atambua Barat,Masjid Al-Mujahidin,http://simas.kemenag.go.id/index.php/profil/masjid/172051/,01.2.19.04.10.000001,Masjid Agung,"Jl. Soekarno, Berdao, Kec. Atambua Barat, Kab. Belu Prov. Nusa Tenggara Timur",1.600 m2,Wakaf,391 m2,1980.0,> 200,2,-,-,-,085230455553,,600.0,-9.1054,124.8959
144,111.0,KAB. MALAKA,Malaka Tengah,Masjid Al-Jihad,http://simas.kemenag.go.id/index.php/profil/masjid/172044/,01.2.19.22.01.000002,Masjid Agung,Pasar Lama Betun,1.600 m2,Wakaf,480 m2,1973.0,> 200,2,-,-,-,,,400.0,-9.5685,124.9071
145,112.0,KAB. SUMEDANG,Sumedang Selatan,Masjid Agung Sumedang,http://simas.kemenag.go.id/index.php/profil/masjid/166287/,01.2.13.11.17.000062,Masjid Agung,"Jl. Masjid No. 1 Kec.Sumedang Selatan, Kab.Sumedang, Jawa Barat",7.640 m2,Wakaf,200 m2,1850.0,> 200,5,20,3,50,,,1500.0,-6.8602,107.9201
146,113.0,KAB. PURWAKARTA,Purwakarta,Masjid Agung Purwakarta (Baing Yusuf),http://simas.kemenag.go.id/index.php/profil/masjid/165450/,01.2.13.14.01.000001,Masjid Agung,Jl. Gandanegara 30 RT 05 RW 02 Kel. Nagri Tengah Purwakarta 41114,2.000 m2,Wakaf,-,1826.0,> 200,4,-,-,-,0264 205431,,2000.0,-6.5557,107.4409
147,114.0,KAB. POSO,Poso Kota,Masjid Baiturrahaman,http://simas.kemenag.go.id/index.php/profil/masjid/163304/,01.2.25.02.01.000001,Masjid Agung,Jl. Pulau Timor No. 01 Kel. Gebangrejo,5.000 m2,Wakaf,900 m2,2000.0,100 - 150,2,2,2,20,085211175309,,800.0,-1.3923,120.7557
148,115.0,KAB. BANDUNG BARAT,Ngamprah,Masjid ASH-SHIDDIQ,http://simas.kemenag.go.id/index.php/profil/masjid/158155/,01.2.13.17.06.000035,Masjid Agung,Jl. Raya Padalarang-Cisarua Km. 2 Kecamatan Ngamprah Kabupaten Bandung Barat Kode Pos 40552,-,Wakaf,-,2015.0,> 200,-,-,-,-,-,,0.0,-6.4463,106.5674
149,116.0,KOTA SUKABUMI,Cikole,Masjid Agung Kota Sukabumi,http://simas.kemenag.go.id/index.php/profil/masjid/154692/,01.2.13.19.02.000050,Masjid Agung,Jl. Mesjid Rw. 04,2.659 m2,Wakaf,-,1990.0,> 200,4,6,4,55,,,2000.0,-6.9211,106.9251
150,117.0,KAB. CIANJUR,Cianjur,Masjid Agung Cianjur,http://simas.kemenag.go.id/index.php/profil/masjid/153428/,01.2.13.03.01.000004,Masjid Agung,"Jl. Siti Jenab 14 Pamoyanan, Kec. Cianjur, Kab. Cianjur",30.000 m2,Wakaf,2.500 m2,1810.0,> 200,20,50,10,500,,,4000.0,-6.8201,107.1373
151,118.0,KAB. MAJENE,Banggae,Masjid ILAIKAL MASHIIR,http://simas.kemenag.go.id/index.php/profil/masjid/151694/,01.2.29.05.01.000035,Masjid Agung,JL. TENNO HAERA NO. 1   MAJENE,10.100 m2,Wakaf,4.225 m2,2015.0,150 - 200,4,7,4,40,,,4500.0,-2.6866,118.868
152,119.0,KAB. JEMBER,Patrang,Masjid Al-Baitul Amien,http://simas.kemenag.go.id/index.php/profil/masjid/151308/,01.2.16.09.20.000001,Masjid Agung,"Jl. Sultan Agung (Alun-Alun Kota Jember) Jember, Kota Jember",9.600 m2,Wakaf,2.760 m2,1939.0,> 200,12,12,8,200,,,2000.0,-8.1684,113.7005
153,120.0,KAB. KUNINGAN,Kuningan,Masjid Syiarul Islam,http://simas.kemenag.go.id/index.php/profil/masjid/150776/,01.2.13.08.09.000017,Masjid Agung,"Jl. Ahmad Yani  No.1 Rt.01 Rw.01, Kec. Kuningan, Kab. Kuningan",4.764 m2,Wakaf,4.764 m2,1955.0,> 200,7,25,3,150,0232 871238, ,4500.0,-6.9818,108.4764
154,121.0,KAB. JOMBANG,Jombang,Masjid BAITUL MUKMIMIN,http://simas.kemenag.go.id/index.php/profil/masjid/150245/,01.2.16.17.09.000005,Masjid Agung,JL.KH.A.DAHLAN NO28 JOMBANG,2.000 m2,Wakaf,1.000 m2,1935.0,> 200,4,20,3,15,,,2000.0,-7.5569,112.2321
155,122.0,KAB. KONAWE SELATAN,Andoolo,Masjid Al-Imran,http://simas.kemenag.go.id/index.php/profil/masjid/149398/,01.2.27.05.03.000001,Masjid Agung,Kelurahan Potoro,20.000 m2,SHM,2.250 m2,2013.0,> 200,3,25,5,17,,,2500.0,-4.3385,122.2768
156,123.0,KAB. JEPARA,Jepara,Masjid baitul makmur,http://simas.kemenag.go.id/index.php/profil/masjid/144623/,01.2.14.20.06.000060,Masjid Agung,"Jl kartini no.1, Kauman 02/01",3.490 m2,SHM,1.935 m2,1600.0,> 200,1,5,2,-,0291 594 675,,1730.0,-6.5336,110.9619
157,124.0,KAB. OGAN KOMERING ULU,Baturaja Timur,Masjid Islamic Centre,http://simas.kemenag.go.id/index.php/profil/masjid/141917/,01.2.06.01.05.000076,Masjid Agung,Dusun IV Jl. Lintas Sumatera Desa Tanjung Baru,10.000 m2,Wakaf,500 m2,2006.0,50 - 100,12,10,10,50,,,500.0,-4.1395,104.1864
158,125.0,KAB. TOLI TOLI,Baolan,Masjid Al-mubarak,http://simas.kemenag.go.id/index.php/profil/masjid/141432/,01.2.25.04.07.000012,Masjid Agung,Jl. Sultan Hasanudin,25.775 m2,Wakaf,1.080 m2,1971.0,> 200,1,1,1,17,,,500.0,1.0394,120.8185
159,126.0,KOTA SOLOK,Lubuk Sikarah,Masjid Agung AL-Musinin,http://simas.kemenag.go.id/index.php/profil/masjid/137432/,01.2.03.14.01.000032,Masjid Agung,JL.DT.Perpatih Nan Sabatang RT.01 RW.01 Kel.Aro IV Korong,15.000 m2,Wakaf,2.500 m2,1985.0,> 200,3,5,3,40,075520616,,4000.0,-1.8015,116.1475
160,127.0,KOTA PALANGKARAYA,Pahandut,Masjid Noor Al-Banjari,http://simas.kemenag.go.id/index.php/profil/masjid/136503/,01.2.21.14.01.000044,Masjid Agung,"Jl. Bukit Pinang RT. 001, RW. 002 Kelurahan Tanjung Pinang",-,Wakaf,676 m2,2001.0,50 - 100,4,7,-,-,,,800.0,-2.2315,113.9784
161,128.0,KAB. PANGKAJENE KEPULAUAN,Pangkajene,Masjid Kabupaten Pangkajene Kepulauan,http://simas.kemenag.go.id/index.php/profil/masjid/132340/,01.2.26.10.04.000002,Masjid Agung,Jl. Ambarala Kelurahan Tumampua,10.000 m2,SHM,1.680 m2,1994.0,150 - 200,2,5,2,25,,,4000.0,-4.6483,119.5797
162,129.0,KAB. MANGGARAI BARAT,Komodo,Masjid NURUL FALAQ,http://simas.kemenag.go.id/index.php/profil/masjid/128068/,01.2.19.15.05.000001,Masjid Agung,KAMPUNG CEMPA LABUAN BAJO,792 m2,Wakaf,400 m2,2002.0,> 200,2,2,2,50,,,250.0,-8.491,119.8764
163,130.0,KAB. BANGGAI,Luwuk,Masjid An-Nur,http://simas.kemenag.go.id/index.php/profil/masjid/125675/,01.2.25.01.04.000001,Masjid Agung,Jl. MT Haryono No.7 Kel. Luwuk Kec. Luwuk.,19.038 m2,Wakaf,2.000 m2,1986.0,> 200,3,10,3,-,,,3000.0,-0.9544,122.7899
164,131.0,KOTA BANDAR LAMPUNG,Telukbetung Utara,Masjid Al-Furqon,http://simas.kemenag.go.id/index.php/profil/masjid/125432/,01.2.08.13.09.000008,Masjid Agung,Jl. Diponegoro Telukbetung Utara Bandar Lampung,60.850 m2,Wakaf,7.000 m2,1958.0,100 - 150,2,10,2,-,,,3000.0,-1.8015,116.1475
165,132.0,KAB. MUARA ENIM,Muara Enim,Masjid Agung Muara Enim,http://simas.kemenag.go.id/index.php/profil/masjid/125428/,01.2.06.03.02.000049,Masjid Agung,"Jl. Jenderal Ahmad Yani No.5, Kel. Pasar, Kec.Muara Enim, Kab.Muara Enim",900 m2,SHM,120 m2,1985.0,100 - 150,3,3,3,30,,Masjid Agung Muara Enim adalah…,300.0,-3.6546,103.7768
166,133.0,KAB. ASAHAN,Kota Kisaran Barat,Masjid Ahmad Bakrie,http://simas.kemenag.go.id/index.php/profil/masjid/125017/,01.2.02.09.12.000046,Masjid Agung,Jl. A Yani Kelurahan Sidomukti,4.000 m2,Wakaf,1.200 m2,2015.0,> 200,5,5,9,-,,,1500.0,2.9886,99.611
167,134.0,KAB. BURU,Namlea,Masjid Al-Buruj,http://simas.kemenag.go.id/index.php/profil/masjid/124705/,01.2.30.04.01.000004,Masjid Agung,Namlea,1.500 m2,SHM,-,1998.0,150 - 200,2,2,2,20,,,500.0,-1.8015,116.1475
168,135.0,KAB. HALMAHERA TIMUR,Kota Maba,Masjid Iqra,http://simas.kemenag.go.id/index.php/profil/masjid/123679/,01.2.31.06.10.000007,Masjid Agung,Desa Soagimalaha,-,Girik,-,2015.0,50 - 100,4,6,2,12,,,3000.0,0.688,128.2892
169,136.0,KAB. BANGKA,Sungailiat,Masjid Agung,http://simas.kemenag.go.id/index.php/profil/masjid/122677/,01.2.09.01.01.000007,Masjid Agung,Jalan A. Yani Sungailiat Bangka,2.400 m2,SHM,1.517 m2,1983.0,> 200,5,24,6,20,071793833,,2500.0,-1.8811,106.1039
170,137.0,KAB. PONOROGO,Ponorogo,Masjid RMAA Tjokronegoro,http://simas.kemenag.go.id/index.php/profil/masjid/122358/,01.2.16.02.17.000001,Masjid Agung,"Jl. Aloon - aloon Barat No. 34, Kel. Kauman",5.940 m2,Wakaf,1.730 m2,1858.0,150 - 200,7,24,7,24,(0352) 462129,,2000.0,-7.8713,111.4613
171,138.0,KAB. POLEWALI MANDAR,Polewali,Masjid AGUNG SYUHADA,http://simas.kemenag.go.id/index.php/profil/masjid/122135/,01.2.29.04.04.000063,Masjid Agung,JL. MR. MUH. YAMIN KELURAHAN PEKKABATA,10.000 m2,Wakaf,2.025 m2,2007.0,> 200,5,25,5,40,081241996429,,0.0,-3.414,119.3171
172,139.0,KAB. KLATEN,Klaten Tengah,Masjid RAYA KLATEN,http://simas.kemenag.go.id/index.php/profil/masjid/121630/,01.2.14.10.25.000024,Masjid Agung,JL. PEMUDA TENGAH KLATEN,8.700 m2,Girik,3.000 m2,1971.0,> 200,1,20,2,20,0272 321707,,5000.0,-7.7428,110.6561
173,140.0,KOTA BONTANG,Bontang Selatan,Masjid Agung Al-Hijrah,http://simas.kemenag.go.id/index.php/profil/masjid/121555/,01.2.23.08.02.000022,Masjid Agung,Jl.Sultan Syahrir RT.27 Kelurahan Tj. Laut Indah Kec. Bontang Selatan,7.200 m2,Wakaf,1.849 m2,2003.0,150 - 200,2,2,2,20,085248108899,,1000.0,-1.8015,116.1475
174,141.0,KAB. RAJA AMPAT,Kota Waisai,Masjid Agung Nurul Yaqin,http://simas.kemenag.go.id/index.php/profil/masjid/121402/,01.2.33.05.17.000001,Masjid Agung,"Jl. 30 Waisai Kota, kel.waisai kota. Distrik waigeo selatan kab.Raja Ampat, Papua Barat",30.000 m2,Wakaf,1.800 m2,2006.0,> 200,2,10,2,30,082239060673,Nama Imam: H. Hanaping,1500.0,-0.4233,130.8199
175,142.0,KAB. TABALONG,Tanjung,Masjid As-Shithal Mustaqim,http://simas.kemenag.go.id/index.php/profil/masjid/121025/,01.2.22.09.04.000001,Masjid Agung,Jl. Putri Zaleha Rt. 04 Tanjung,2.500 m2,SHM,1.600 m2,1920.0,150 - 200,7,52,7,30,08125005661,,2000.0,-3.327,114.5895
176,143.0,KOTA ADM. JAKARTA TIMUR,Duren Sawit,Masjid Raya Baitussalam,http://simas.kemenag.go.id/index.php/profil/masjid/120959/,01.2.11.05.07.000151,Masjid Agung,"Perumahan Billymoon, Jl.Kelapa Hijau II Rt.005/010 Pondok Kelapa, Kecamatan Duren Sawit - Jakarta Timur.",5.337 m2,Wakaf,2.419 m2,1982.0,50 - 100,4,3,4,-,,,600.0,-6.2461,106.9317
177,144.0,KAB. SUMBA BARAT,Kota Waikabubak,Masjid Al-Azhar,http://simas.kemenag.go.id/index.php/profil/masjid/120371/,01.2.19.12.05.000008,Masjid Agung,A. Yani Kel. Komerda kec. Kota Waikabubak,1.570 m2,Wakaf,460 m2,1911.0,> 200,5,18,4,150,08123709826,,2000.0,-9.6366,119.414
178,145.0,KAB. MERAUKE,Merauke,Masjid Al-Aqsha,http://simas.kemenag.go.id/index.php/profil/masjid/119796/,01.2.32.01.01.000001,Masjid Agung,"Jl. Parakomando Merauke, Kab. Merauke",24.350 m2,SHM,3.000 m2,1980.0,> 200,2,14,2,65,08124820225,,6000.0,-8.4939,140.4006
179,146.0,KAB. OKU TIMUR,Belitang,Masjid At-Taqwa,http://simas.kemenag.go.id/index.php/profil/masjid/118715/,01.2.06.08.03.000001,Masjid Agung,"gumawang, belitang, oku timur, sumatera selatan",2.047 m2,Wakaf,-,1950.0,100 - 150,2,9,-,-,,,200.0,-4.1095,104.6475
180,147.0,KAB. SANGGAU,Kapuas,Masjid Al-Muawwanah,http://simas.kemenag.go.id/index.php/profil/masjid/118533/,01.2.20.03.01.000002,Masjid Agung,Jl. H. Abbas,6.435.000 m2,Wakaf,729 m2,1965.0,> 200,3,15,3,25,,,2000.0,0.1245,110.6022
181,148.0,KAB. GROBOGAN,Purwodadi,Masjid Baitul Makmur,http://simas.kemenag.go.id/index.php/profil/masjid/118281/,01.2.14.15.13.000103,Masjid Agung,Jalan Jendral Sudirman Nomor 9,9.000 m2,Wakaf,2.500 m2,1957.0,150 - 200,2,5,2,500,0292423902,,4600.0,-7.0812,110.9164
182,149.0,KAB. SEMARANG,Ungaran Barat,Masjid Al-Mabrur,http://simas.kemenag.go.id/index.php/profil/masjid/118250/,01.2.14.22.17.000003,Masjid Agung,Jl. A. Yani Ungaran Kab. Semarang Prov. Jateng,1.550 m2,Wakaf,3.200 m2,2010.0,> 200,2,20,5,20,085643520213,,1100.0,-1.8015,116.1475
183,150.0,KAB. SEMARANG,Ungaran Barat,Masjid Istiqomah,http://simas.kemenag.go.id/index.php/profil/masjid/118216/,01.2.14.22.17.000002,Masjid Agung,Jl. Diponegoro Ungaran Barat Kab. Semarang Prov. Jawa Tengah,1.450 m2,Wakaf,1.600 m2,1961.0,> 200,4,4,2,80,,,500.0,-6.9714,110.4255
184,151.0,KAB. AGAM,Lubuk Basung,Masjid Agung Nurul Falah,http://simas.kemenag.go.id/index.php/profil/masjid/117464/,01.2.03.06.02.000001,Masjid Agung,Jl. Sudirman Padang Baru Kec.Lubuk Basung,99.200 m2,SHM,495 m2,1985.0,150 - 200,2,2,2,60,081363305481,,1500.0,-0.315,100.0306
185,152.0,KAB. TIMOR TENGAH SELATAN,Kota Soe,Masjid Al-Ikhlas SoE,http://simas.kemenag.go.id/index.php/profil/masjid/116141/,01.2.19.02.01.000001,Masjid Agung,Kota SoE Kel. Oeekafan Kec. Kota SoE Kab. Timor Tengah Selatan Prov. Nusa Tenggara Timur,4.655 m2,Wakaf,621 m2,1980.0,150 - 200,5,5,4,20,,,150.0,-10.1744,123.5742
186,153.0,KOTA TANJUNG PINANG,Tanjung Pinang Kota,Masjid Agung Al-Hikmah,http://simas.kemenag.go.id/index.php/profil/masjid/116034/,01.2.10.07.03.000014,Masjid Agung,Jl. Masjid Nomor 1 Tanjungpinang RT002/RW002,5.059 m2,Wakaf,600 m2,1956.0,> 200,5,11,5,250,081364690147,,1500.0,0.9282,104.4429
187,154.0,KAB. FLORES TIMUR,Larantuka,Masjid Syuhada Larantuka,http://simas.kemenag.go.id/index.php/profil/masjid/115264/,01.2.19.06.03.000008,Masjid Agung,Jl. Herman Fernandes Kelurahan Ekasapta Kec. Larantuka Kab. Flores Timur,2.000 m2,Wakaf,1.800 m2,1930.0,> 200,2,15,2,30,,,500.0,-8.3339,122.9962
188,155.0,KAB. LAMPUNG SELATAN,Kalianda,Masjid AGUNG KALIANDA,http://simas.kemenag.go.id/index.php/profil/masjid/115135/,01.2.08.01.03.000004,Masjid Agung,Jln. Trans Sumatra Kalianda Lampung Selatan,15.000 m2,Wakaf,2.500 m2,1986.0,> 200,2,10,2,125,08127932336,,5000.0,-5.7169,105.587
189,156.0,KAB. ACEH JAYA,Krueng Sabee,Masjid Jabal Rahmah,http://simas.kemenag.go.id/index.php/profil/masjid/114854/,01.2.01.14.02.000017,Masjid Agung,"Jl. Carak, Desa Sentosa - Calang,",2.223 m2,Wakaf,206 m2,2007.0,> 200,4,4,4,8,,,1500.0,4.6345,95.5809
190,157.0,KAB. GIANYAR,Gianyar,Masjid Agung Al-A'la,http://simas.kemenag.go.id/index.php/profil/masjid/114551/,01.2.17.04.03.000001,Masjid Agung,Jl. Kesatrian No. 16 Lingkungan Candi Baru Kelurahan Gianyar Kecamatan Gianyar Kabupaten Gianyar Provinsi Bali Kode Pos 80511,780 m2,Wakaf,-,1967.0,> 200,9,8,10,42,0361 944966 / 081338913366 /081338718363,Website : http://masjidagunggi…,1000.0,-8.5429,115.325
191,158.0,KAB. BANGLI,Bagli,Masjid Agung Bangli,http://simas.kemenag.go.id/index.php/profil/masjid/114540/,01.2.17.06.02.000001,Masjid Agung,"Jalan Lettu Lila No.5, Kel. Kawan, Kec. Bangli, Kab. Bangli",1.300 m2,Wakaf,574 m2,1981.0,> 200,3,16,3,25,0366 93583,,1000.0,-8.4631,115.3543
192,159.0,KAB. LUMAJANG,Lumajang,Masjid ANAS-MAHFUDZ,http://simas.kemenag.go.id/index.php/profil/masjid/113922/,01.2.16.08.10.000001,Masjid Agung,JALAN ALUN ALUN BARAT CITRODIWANGSAN,3.716 m2,Wakaf,3.650 m2,1955.0,150 - 200,12,10,5,55,0334887166,,900.0,-1.8015,116.1475
193,160.0,KAB. PAMEKASAN,Pamekasan,Masjid Asy Syuhada,http://simas.kemenag.go.id/index.php/profil/masjid/113482/,01.2.16.28.04.000047,Masjid Agung,"Jl Mesigit no.23 Pamekasan, Kec. Pamekasan, Kab. Pamekasan",3.000 m2,Wakaf,2.500 m2,1516.0,> 200,6,20,6,-,,,3000.0,-7.1603,113.4814
194,161.0,KAB. KOTAWARINGIN BARAT,Arut Selatan,Masjid Riyadlush Shalihin,http://simas.kemenag.go.id/index.php/profil/masjid/112717/,01.2.21.01.02.000023,Masjid Agung,Jl. Sutan Syahrir Kel. Sidorejo RT 09,6.700 m2,Wakaf,2.000 m2,1977.0,> 200,2,12,6,250,,,8000.0,-2.6873,111.6282
195,162.0,KAB. KOTAWARINGIN TIMUR,Mentawa Baru Ketapang,Masjid Wahyu Al-Hadi,http://simas.kemenag.go.id/index.php/profil/masjid/111832/,01.2.21.02.06.000040,Masjid Agung,"Jl. Jend. Sudirman Km. 3,3 Kec. Mentawa Baru Ketapang Kab. Kotawaringin Timur Sampit",20.000 m2,SHM,5.000 m2,2015.0,> 200,20,40,20,-,,,10.0,-2.5353,112.9113
196,163.0,KAB. BANJARNEGARA,Banjarnegara,Masjid an-Nuur,http://simas.kemenag.go.id/index.php/profil/masjid/110862/,01.2.14.04.06.000046,Masjid Agung,Jl. Ahmad Dahlan No. 07 Kauman Banjarnegara,3.165 m2,Wakaf,1.425 m2,1865.0,> 200,5,6,1,50,0286 591737,"
",2100.0,-7.396,109.6945
197,164.0,KAB. LAMONGAN,Lamongan,Masjid AGUNG,http://simas.kemenag.go.id/index.php/profil/masjid/109509/,01.2.16.24.22.000034,Masjid Agung,JL.Hasyim Asyari 11 Kec. Lamongan Kab. Lamongan,4.422 m2,Wakaf,3.454 m2,1908.0,> 200,19,5,15,57,0322321962,,5000.0,-7.1486,112.384
198,165.0,KAB. KOTABARU,Pulau Laut Utara,Masjid Husnul Khotimah,http://simas.kemenag.go.id/index.php/profil/masjid/108865/,01.2.22.02.06.000012,Masjid Agung,Ds. Sebatung,5.000 m2,Wakaf,2.375 m2,1989.0,> 200,8,18,-,-,08125112821,,4275.0,-1.8015,116.1475
199,166.0,KAB. PESAWARAN,Gedong Tataan,Masjid Ar-royyan,http://simas.kemenag.go.id/index.php/profil/masjid/108397/,01.2.08.09.01.000175,Masjid Agung,Jl.a.Yani desa sukaraja kec Gedong tataan kab pesawaran,-,Wakaf,2.500 m2,2014.0,> 200,7,7,4,50,,,2500.0,-5.3806,105.1061
200,167.0,KAB. BATANG,Batang,Masjid Darul Muttaqin,http://simas.kemenag.go.id/index.php/profil/masjid/108156/,01.2.14.25.11.000026,Masjid Agung,Jl.Jendral Ahmad yani no 3 rt 07 Rw 1 Kauman,4.200 m2,Wakaf,2.500 m2,1821.0,> 200,5,6,2,20,0185 392009,,3000.0,-6.9076,109.7294
201,168.0,KAB. LABUHANBATU,Rantau Utara,Masjid AGUNG,http://simas.kemenag.go.id/index.php/profil/masjid/105336/,01.2.02.10.01.000067,Masjid Agung,JL. A. YANI KEL. KARTINI,4.855 m2,SHM,540 m2,1934.0,> 200,1,7,4,20,,,1000.0,2.1078,99.8289
202,169.0,KAB. SRAGEN,Sragen,Masjid Al-Falah,http://simas.kemenag.go.id/index.php/profil/masjid/103992/,01.2.14.14.10.000008,Masjid Agung,"Jl Raya Sukowati Kuwungsari,Sragen Kulon ,Sragen",5.150 m2,Girik,1.100 m2,1953.0,100 - 150,15,15,4,24,,,2000.0,-7.4288,111.0174
203,170.0,KAB. KAPUAS HULU,Putussibau Utara,Masjid Darunnajah,http://simas.kemenag.go.id/index.php/profil/masjid/103846/,01.2.20.06.01.000001,Masjid Agung,Jl Komyos. Sudarso Pts,-,Wakaf,2.025 m2,1991.0,100 - 150,3,3,2,-,,,250.0,0.8673,112.9064
204,171.0,KAB. HULU SUNGAI TENGAH,Barabai,Masjid Riadhussalihin,http://simas.kemenag.go.id/index.php/profil/masjid/102613/,01.2.22.07.06.000001,Masjid Agung,Jl. H. Damanhuri Kelurahan Barabai Utara,-,Wakaf,6.400 m2,1966.0,150 - 200,11,-,11,35,051744446,,10000.0,-2.5815,115.3826
205,172.0,KAB. BARITO KUALA,Marabahan,Masjid Al-Anwar,http://simas.kemenag.go.id/index.php/profil/masjid/100584/,01.2.22.04.15.000002,Masjid Agung,Marabahan Kota,12.161 m2,SHM,900 m2,1790.0,> 200,3,-,6,14,,,0.0,-1.8015,116.1475
206,173.0,KAB. PASAMAN BARAT,Pasaman,Masjid Agung Baitul Ilmi,http://simas.kemenag.go.id/index.php/profil/masjid/100449/,01.2.03.12.03.000028,Masjid Agung,JORONG PASAMAN BARU NAGARI LINGKUANG AUA,1.000 m2,Wakaf,1.200 m2,2005.0,50 - 100,1,-,-,-,,,0.0,0.1072,99.8231
207,174.0,KAB.SIMALUNGUN,Bandar,Masjid Al-Munawwarah,http://simas.kemenag.go.id/index.php/profil/masjid/99567/,01.2.02.08.23.000004,Masjid Agung,SP.Mayang Perdagangan I,20.000.000 m2,Girik,1.200 m2,2007.0,> 200,12,12,6,65,,,2000.0,3.1565,99.3361
208,175.0,KAB. SINTANG,Sintang,Masjid An-Nur,http://simas.kemenag.go.id/index.php/profil/masjid/98747/,01.2.20.05.01.000015,Masjid Agung,Jl M. Saad Sintang,580 m2,Wakaf,500 m2,1969.0,100 - 150,12,-,10,45,,,300.0,-0.0225,109.3303
209,176.0,KAB. LANDAK,Ngabang,Masjid Babul Ulum,http://simas.kemenag.go.id/index.php/profil/masjid/98189/,01.2.20.08.01.000001,Masjid Agung,Jln. Ilong Desa Raja Ngabang Kab. Landak,-,Wakaf,-,1995.0,100 - 150,10,-,7,50,0,Masjid Agung Babul Ulum Kab. L…,600.0,-0.0225,109.3303
210,177.0,KAB. TANAH BUMBU,Batu Licin,Masjid Nurussalam,http://simas.kemenag.go.id/index.php/profil/masjid/97564/,01.2.22.10.01.000001,Masjid Agung,Jl. Penghulu RT. 03 Rw. 02 Kel. Gunung Tinggi,20.000 m2,SHM,10.000 m2,2010.0,50 - 100,2,-,6,20,0852-4864-2121,,0.0,-1.8015,116.1475
211,178.0,KAB. LEBAK,Rangkasbitung,Masjid Al-A'raaf,http://simas.kemenag.go.id/index.php/profil/masjid/97174/,01.2.12.02.14.000001,Masjid Agung,"Jl. Alun-Alun Barat, Kec. Rangkasbitung",3.264 m2,Wakaf,3.000 m2,1928.0,> 200,25,-,25,30,,,2500.0,-6.3599,106.2455
212,179.0,KAB. BULUNGAN,Tanjung Selor,Masjid Istiqamah,http://simas.kemenag.go.id/index.php/profil/masjid/95896/,01.2.34.01.05.000002,Masjid Agung,Jl. Kol. Soetadji Tanjung Selor Hilir,19.500 m2,Wakaf,2.380 m2,1990.0,100 - 150,3,-,4,50,085393580822,,2500.0,2.8444,117.3651
213,180.0,KAB. KUDUS,Kudus,Masjid Agung Kudus,http://simas.kemenag.go.id/index.php/profil/masjid/95490/,01.2.14.19.02.000020,Masjid Agung,"Jl. Simpang Tujuh No. 15A  Kec. Kudus, Kab. Kudus",3.654 m2,Wakaf,1.409 m2,1853.0,> 200,3,5,4,55,0291438283,,1664.0,-6.8074,110.8412
214,181.0,KAB. KETAPANG,Delta Pawan,Masjid Al-Ikhlas,http://simas.kemenag.go.id/index.php/profil/masjid/95475/,01.2.20.04.12.000002,Masjid Agung,Jl. H. Agus Salim Kelurahan Tengan Kecamatan Delta Pawan Kabupaten Ketapang,-,Wakaf,2.510 m2,1983.0,> 200,6,25,10,30,08125797762,,1700.0,-1.8384,109.9743
215,182.0,KAB. PEKALONGAN,Kajen,Masjid AL-MUHTAROM,http://simas.kemenag.go.id/index.php/profil/masjid/95320/,01.2.14.26.08.000057,Masjid Agung,JL. KRAKATAU NO. 1 KAJEN,4.500 m2,Girik,2.500 m2,2003.0,50 - 100,5,-,2,-,,,3000.0,-7.0266,109.59
216,183.0,KAB. PELALAWAN,Pangkalan Kerinci,Masjid Ulul Azmi,http://simas.kemenag.go.id/index.php/profil/masjid/93401/,01.2.04.05.02.000046,Masjid Agung,Komplek Perkantoran Bhakti  Praja Kel. Pangkalan Kerinci Barat,4.500 m2,SHM,1.120 m2,2008.0,> 200,2,2,2,50,,,1300.0,0.1375,102.0108
217,184.0,KAB. KATINGAN,Katingan Hilir,Masjid BAITUL YAQIN,http://simas.kemenag.go.id/index.php/profil/masjid/92982/,01.2.21.06.02.000004,Masjid Agung,"Depan PDAM

Kasongan Seberang di bawah jembatan kasonga





Kasongan Lama",13.860 m2,Wakaf,625 m2,2009.0,50 - 100,20,20,21,37,085 249 004 446,,2000.0,-1.9068,113.3848
218,185.0,KAB. BALANGAN,Paringin Selatan,Masjid AL-AKBAR BALANGAN,http://simas.kemenag.go.id/index.php/profil/masjid/92117/,01.2.22.11.07.000001,Masjid Agung,"JL. A. Yani KM. 3,5 Kecamatan PAringin Selatan Kabupaten Balangan",-,SHM,-,2010.0,> 200,-,-,-,-,082151275656,,4000.0,-2.3539,115.469
219,186.0,KOTA SAWAHLUNTO,Lembah Segar,Masjid Nurul Islam,http://simas.kemenag.go.id/index.php/profil/masjid/91349/,01.2.03.15.01.000011,Masjid Agung,"Kelurahan Kubang Sirakuk Utara-Mudik Air, Kec. Lembah Segar Kota Sawahlunto",2.683 m2,Girik,900 m2,1854.0,150 - 200,2,-,1,50,08126762279,,3000.0,-0.9551,100.3696
220,187.0,KAB. WAKATOBI,Wangi-Wangi,Masjid Al-Muqarrobin,http://simas.kemenag.go.id/index.php/profil/masjid/91185/,01.2.27.07.01.000001,Masjid Agung,"Kel.Pongo, Kec.Wangi-Wangi, Kab.Wakatobi",1.074 m2,SHM,400 m2,1928.0,50 - 100,4,-,4,15,085242779777,Aktif,500.0,-5.3247,123.536
221,188.0,KAB. PAHUWATO,Marisa,Masjid Baiturrahim,http://simas.kemenag.go.id/index.php/profil/masjid/90400/,01.2.28.04.04.000001,Masjid Agung,Desa Palopo Dusun Anggrek Kec. Marisa Kab. Pohuwato,10.000 m2,Wakaf,2.500 m2,2011.0,> 200,2,2,2,20,,,6250.0,0.4619,121.9464
222,189.0,KOTA MAGELANG,Magelang Tengah,Masjid Nurul Huda,http://simas.kemenag.go.id/index.php/profil/masjid/90387/,01.2.14.30.03.000046,Masjid Agung,Kauman RT 3/RW I,3.586 m2,Wakaf,1.195 m2,1894.0,100 - 150,3,-,2,12,,,1500.0,-7.4771,110.2168
223,190.0,KOTA PEKANBARU,Sukajadi,Masjid Agung Ar-Rahman,http://simas.kemenag.go.id/index.php/profil/masjid/89773/,01.2.04.11.01.000001,Masjid Agung,Jl. Jend. Sudirman No. 482 Jadirejo,4.742 m2,Girik,612 m2,1935.0,> 200,2,-,-,-,013-6579/0812-7515-7791,,1500.0,0.5572,101.4598
224,191.0,KAB. MURUNG RAYA,Murung,Masjid Al-Istiqlal,http://simas.kemenag.go.id/index.php/profil/masjid/84998/,01.2.21.12.01.000027,Masjid Agung,"Jl. Jenderal Sudirman Kelurahan Beriwit, Kecamatan Murung, Kabupaten Murung Raya, Kalimantan Tengah",14.000 m2,Wakaf,5.929 m2,2012.0,> 200,1,48,1,10,,,7400.0,-0.6515,114.5787
225,192.0,KAB. BARITO UTARA,Teweh Tengah,Masjid SHIRATAL MUSTAQIM,http://simas.kemenag.go.id/index.php/profil/masjid/84578/,01.2.21.05.05.000013,Masjid Agung,JL.IMAM BONJOL,23.800 m2,Wakaf,1.720 m2,1986.0,> 200,5,-,-,-,,,700.0,-0.9537,114.9022
226,193.0,KAB. BARRU,Barru,Masjid Nurul Iman,http://simas.kemenag.go.id/index.php/profil/masjid/83814/,01.2.26.11.03.000041,Masjid Agung,"Jl. Masjid Agung No. 208 Kelurahan Sumpang Binangae,  Kode Pos 90711",6.050 m2,Wakaf,3.200 m2,1972.0,> 200,2,2,2,58,0427-21166,,6500.0,-4.4071,119.6196
227,194.0,KAB. NUNUKAN,Nunukan,Masjid Al-Mujahiddin,http://simas.kemenag.go.id/index.php/profil/masjid/83158/,01.2.34.02.02.000023,Masjid Agung,Jln. RE. Martadinata RT.06 Kel. Nunukan Utara,3.418 m2,Wakaf,1.174 m2,1966.0,> 200,4,-,3,-,0556-2025361,,2400.0,3.1954,117.0374
228,195.0,KAB. KUTAI KERTANEGARA,Tenggarong,Masjid Sultan Sulaiman,http://simas.kemenag.go.id/index.php/profil/masjid/82784/,01.2.23.02.06.000015,Masjid Agung,Kel. Panji,27.000 m2,SHM,3.500 m2,1986.0,> 200,-,-,-,-,,,0.0,-0.5022,117.1538
229,196.0,KOTA KEDIRI,Kota,Masjid AGUNG,http://simas.kemenag.go.id/index.php/profil/masjid/81548/,01.2.16.30.02.000021,Masjid Agung,"KAMPUNG DALEM, Jl. Panglima Sudirman 160",7.280 m2,Wakaf,555 m2,1914.0,150 - 200,3,5,4,30,,,2000.0,-7.8471,112.0221
230,197.0,KAB. KAPUAS,Selat,Masjid Al-Mukarram Amanah,http://simas.kemenag.go.id/index.php/profil/masjid/81216/,01.2.21.03.01.000003,Masjid Agung,Jl. Tambun Bungai RT. 36 Kel. Selat Tengah Kuala Kapuas Kab. Kapuas Kal-Teng,25.554 m2,SHM,300 m2,1990.0,> 200,4,6,8,25,081348521955,,5000.0,-3.0059,114.3884
231,198.0,KAB. KARO,Kabanjahe,Masjid AGUNG,http://simas.kemenag.go.id/index.php/profil/masjid/81167/,01.2.02.06.01.000001,Masjid Agung,Jl. Veteran Kabanjahe Kab.Karo,1.892 m2,Wakaf,1.200 m2,1968.0,> 200,5,-,5,30,(0628) 323433/08126433466/ 08126387697,,3.0,3.1047,98.4979
232,199.0,KAB. PATI,Pati,Masjid Baitunnur,http://simas.kemenag.go.id/index.php/profil/masjid/77374/,01.2.14.18.10.000040,Masjid Agung,"Ds. Kauman RT. 01/RW.01 Pati Kidul, Kec. Pati",1.200 m2,Wakaf,400 m2,1854.0,> 200,5,-,-,-,,,1000.0,-6.7536,111.0391
233,200.0,KAB. SAMBAS,Sambas,Masjid BABUL JANNAH SAMBAS,http://simas.kemenag.go.id/index.php/profil/masjid/76655/,01.2.20.01.01.000002,Masjid Agung,"Jalan Gusti Hamzah No.106 A, Desa Pasar Melayu",6.054 m2,Wakaf,1.492 m2,1973.0,> 200,10,-,-,-,,,1400.0,1.3615,109.3048
234,201.0,KAB. LABUHANBATU,Rantau Selatan,Masjid Al-Ikhlas,http://simas.kemenag.go.id/index.php/profil/masjid/76616/,01.2.02.10.02.000033,Masjid Agung,"Jl.Sisingamaraja Komp. Asrama Haji Rantau Selatan





RANTAU SELATAN",20.000 m2,Wakaf,4.275 m2,1996.0,> 200,2,-,-,-,,,3000.0,2.0735,99.8567
235,202.0,KOTA PEKALONGAN,Pekalongan Timur,Masjid Jami  Agung Pekalongan,http://simas.kemenag.go.id/index.php/profil/masjid/75801/,01.2.14.34.02.000004,Masjid Agung,Jl. K.H. Wahid Hasyim No. 17 Kauman,9.900 m2,Wakaf,3.306 m2,1852.0,> 200,3,10,-,-,0285433712,,5000.0,-6.8902,109.675
236,203.0,KOTA GORONTALO,Kota Selatan,Masjid Baiturrahim,http://simas.kemenag.go.id/index.php/profil/masjid/74601/,01.2.28.06.02.000024,Masjid Agung,Jl. Ahmad Yani Kelurahan Limba B,-,Wakaf,177.480 m2,1728.0,> 200,5,5,3,-,(0435)830686,,4000.0,0.5378,123.0603
237,204.0,KOTA PALEMBANG,Ilir Timur II,Masjid Al Falah,http://simas.kemenag.go.id/index.php/profil/masjid/73586/,01.2.06.12.06.000035,Masjid Agung,JL. RAJA WALI RT. 26 KEL. 9 ILIR,2.700 m2,Wakaf,625 m2,1969.0,50 - 100,2,4,-,-,081278852345,,800.0,-2.9742,104.764
238,205.0,KOTA PALEMBANG,Ilir Timur II,Masjid DARUS SAID,http://simas.kemenag.go.id/index.php/profil/masjid/73362/,01.2.06.12.06.000010,Masjid Agung,JL. MP. MANGKU NEGARA RT.  22 KEL. 8 ILIR,200 m2,Wakaf,500 m2,1996.0,50 - 100,5,10,-,-,081278150499,,400.0,-1.8015,116.1475
239,206.0,KAB. BUTON UTARA,Kulisusu,Masjid At-Taqwa,http://simas.kemenag.go.id/index.php/profil/masjid/72910/,01.2.27.10.01.000002,Masjid Agung,"Kel.Bangkudu, Kec.Kulisusu, Kab.Buton Utara",3.000 m2,Wakaf,1.600 m2,1968.0,50 - 100,2,2,4,-,,,800.0,-4.7746,123.1766
240,207.0,KAB. KOLAKA,Latambaga,Masjid Agung Khoira Ummah,http://simas.kemenag.go.id/index.php/profil/masjid/71574/,01.2.27.01.11.000001,Masjid Agung,Jl. By Pass (Mekongga Indah) Kelurahan Latambaga Kec. Latambaga Kab. Kolaka Sultra.,25.000 m2,SHM,6.000 m2,1995.0,> 200,4,4,-,-,081245090939,,10000.0,-4.0593,121.5919
241,208.0,KAB. BERAU,Tanjung Redeb,Masjid Agung Baitul Hikmah,http://simas.kemenag.go.id/index.php/profil/masjid/71452/,01.2.23.03.05.000024,Masjid Agung,Jl. APT. Pranoto,60.000 m2,Wakaf,10.000 m2,1993.0,> 200,8,20,7,85,0554 26363,,8000.0,2.1515,117.5047
242,209.0,KAB. GOWA,Somba Upu,Masjid Syech Yusuf,http://simas.kemenag.go.id/index.php/profil/masjid/70666/,01.2.26.06.08.000003,Masjid Agung,"Jl. Masjid Raya Sungguminasa, Kel. Sungguminasa, Kec. Somba Opu, Kab. Gowa",15.000 m2,Wakaf,2.000 m2,1979.0,> 200,7,-,-,-,,,1000.0,-5.2024,119.4509
243,210.0,KAB. KONAWE,Unaaha,Masjid Khaera  Ummah,http://simas.kemenag.go.id/index.php/profil/masjid/70657/,01.2.27.02.02.000001,Masjid Agung,Jl. Ir. Soekarno,173x197,SHM,80x90,1983.0,> 200,3,3,-,-,,,4.0,-3.8536,122.0892
244,211.0,KAB. BUTON,Pasarwajo,Masjid Nurul  Yaqin,http://simas.kemenag.go.id/index.php/profil/masjid/70588/,01.2.27.04.07.000001,Masjid Agung,Jln Protokol Kel.Kambula Mbulana,1.225 m2,Wakaf,729 m2,1991.0,> 200,3,4,-,-,,,800.0,-5.3285,122.6918
245,212.0,KAB. BOMBANA,Rumbia,Masjid Nurul Iman,http://simas.kemenag.go.id/index.php/profil/masjid/69274/,01.2.27.06.04.000001,Masjid Agung,"Kel. Kasipute, Kec. Rumbia, Kab.Bombana",8.088 m2,Wakaf,1.943 m2,1964.0,150 - 200,4,4,-,-,,,1000.0,-5.4024,122.4527
246,213.0,KAB. KENDAL,Kendal,Masjid AGUNG KOTA KENDAL,http://simas.kemenag.go.id/index.php/profil/masjid/68366/,01.2.14.24.15.000026,Masjid Agung,JL.TAAT NO.02  RT.03  RW.01,5.000 m2,SHM,3.500 m2,1876.0,> 200,6,6,-,-,0294381101,,3.0,-6.9155,110.1819
247,214.0,KAB. BENGKULU TENGAH,Pondok Kelapa,Masjid Muttaqin,http://simas.kemenag.go.id/index.php/profil/masjid/67477/,01.2.07.09.03.000026,Masjid Agung,Raya Pasar Pedati RT.05 Kecamatan Pondok Kelapa,500 m2,SHM,624 m2,1991.0,50 - 100,1,1,-,-,085268119897,,100.0,-3.7203,102.2467
248,215.0,KAB. MALINAU,Malinau Kota,Masjid Darul Jalal,http://simas.kemenag.go.id/index.php/profil/masjid/66933/,01.2.34.03.02.000001,Masjid Agung,Jl. Raja Pandita RT. 09 Malinau Hulu Kec. Malinau Kota Kab. Malinau,2.695 m2,Wakaf,1.600 m2,1979.0,> 200,3,16,3,34,-,,1000.0,3.57,116.604
249,216.0,KOTA SAMARINDA,Sungai Pinang,Masjid Agung Pelita,http://simas.kemenag.go.id/index.php/profil/masjid/66767/,01.2.23.08.08.000013,Masjid Agung,Jl. Pelita Ni 1 RT 41 Kelurahan Sungai Pinang Dalam,2.847 m2,Wakaf,800 m2,1985.0,> 200,2,4,-,-,0541771587,,1000.0,-0.4819,117.1637
250,217.0,KAB TANA TIDUNG,Sesayap,Masjid At-Taqwa,http://simas.kemenag.go.id/index.php/profil/masjid/66637/,01.2.34.04.01.000003,Masjid Agung,Jl. Selamet Riyadi RT. V Desa Tideng Pale Kecamatan Sesayap,860 m2,Wakaf,300 m2,1973.0,> 200,2,2,-,-,-,,80.0,3.6578,116.9028
251,218.0,KOTA KENDARI,Kendari,Masjid Al-Mashur,http://simas.kemenag.go.id/index.php/profil/masjid/66457/,01.2.27.11.02.000001,Masjid Agung,Kel.Kandai,-,Wakaf,-,1975.0,150 - 200,4,4,3,10,,,500.0,-3.9687,122.5731
252,219.0,KAB. KOLAKA UTARA,Lasusua,Masjid Bahrurrasyad Wal Ittihad,http://simas.kemenag.go.id/index.php/profil/masjid/66018/,01.2.27.08.01.000001,Masjid Agung,"Jl. By Pass Kec. Lasusua, Kab. Kolaka Utara",22.500 m2,SHM,2.500 m2,2008.0,> 200,3,3,-,-,085243027147,,3000.0,-3.8423,121.4209
253,220.0,KAB. KONAWE UTARA,Asera,Masjid Agung As-Salam,http://simas.kemenag.go.id/index.php/profil/masjid/65989/,01.2.27.09.01.000001,Masjid Agung,Jl. Trans Sulawesi,10.000 m2,Wakaf,1.600 m2,2008.0,100 - 150,4,7,-,-,,,1000.0,-3.4723,122.07
254,221.0,KAB. KULON PROGO,Wates,Masjid Agung Kulonprogo,http://simas.kemenag.go.id/index.php/profil/masjid/64261/,01.2.15.01.02.000079,Masjid Agung,Jl KH. A Dahlan Km 01 Kedunggong Kelurahan Wates,8.500 m2,SHM,1.764 m2,1991.0,100 - 150,12,12,5,43,08174124681,,5000.0,-7.8672,110.1487
255,222.0,KAB. ROKAN HULU,Rambah,Masjid Agung Madani Islamic Centre,http://simas.kemenag.go.id/index.php/profil/masjid/63741/,01.2.04.06.03.000041,Masjid Agung,Komplek Bina Praja Desa Pematang Berangan,150.000 m2,SHM,"2,500 m2",2010.0,> 200,3,52,5,150,,,10000.0,0.896,100.3083
256,223.0,KOTA TIDORE KEPULAUAN,Tidore Selatan,Masjid NURUL BAHAR,http://simas.kemenag.go.id/index.php/profil/masjid/63488/,01.2.31.09.04.000006,Masjid Agung,Kelurahan Tomalou,4.000 m2,SHM,676 m2,1984.0,150 - 200,12,16,2,-,081244310839 / 081340146545,,1800.0,0.6756,127.3975
257,224.0,KAB. SUKOHARJO,Sukoharjo,Masjid BAITURRAHMAH,http://simas.kemenag.go.id/index.php/profil/masjid/62735/,01.2.14.11.04.000017,Masjid Agung,Jl. Jenderal Sudirman Sukoharjo,2.000 m2,Wakaf,1.000 m2,1980.0,> 200,2,12,-,-,08122627522,,500.0,-1.8015,116.1475
258,225.0,KAB. HALMAHERA BARAT,Jailolo,Masjid SIGI LAMO JAILOLO,http://simas.kemenag.go.id/index.php/profil/masjid/62041/,01.2.31.01.01.000023,Masjid Agung,Desa Gufasa Kecamatan Jailolo,2.500 m2,Wakaf,1.152 m2,2014.0,> 200,3,5,2,-,-,,1800.0,0.8858,127.502
259,226.0,KAB. MANDAILING NATAL,Panyabungan Kota,Masjid Nur Ala Nur,http://simas.kemenag.go.id/index.php/profil/masjid/61998/,01.2.02.13.01.000001,Masjid Agung,"Jl. Trans Sumatera Bukit Tinggi - Padang Sidempuan, Kelurahan Dalan Lidang Panyabungan",400 m2,Girik,300 m2,2000.0,> 200,10,10,-,-,,,300.0,0.8064,99.5718
260,227.0,KAB. BLITAR,Wlingi,Masjid Miftahul Jannah,http://simas.kemenag.go.id/index.php/profil/masjid/61782/,01.2.16.05.17.000002,Masjid Agung,Jl. PB. Sudirman No.1 Lingkungan Ngambak Kel. Beru Kecamatan Wlingi,6.000 m2,Wakaf,1.200 m2,1990.0,50 - 100,3,17,-,-,(0342) 691261,,2500.0,-8.0844,112.3115
261,228.0,KAB. LEMBATA,Nubatukan,Masjid AL-IKHLAS,http://simas.kemenag.go.id/index.php/profil/masjid/55586/,01.2.19.13.05.000001,Masjid Agung,"Jl. Rayuan Kelapa, Kec.Lewoleba Utara",3.000 m2,Wakaf,782 m2,1993.0,> 200,3,3,3,100,,,500.0,-8.37,123.4171
262,229.0,KAB. BENGKULU SELATAN,Kota Manna,Masjid Al-Muwafaqah,http://simas.kemenag.go.id/index.php/profil/masjid/55331/,01.2.07.01.05.000016,Masjid Agung,Jl.Affan Bachsin,2.400 m2,Wakaf,300 m2,1992.0,> 200,1,1,-,-,,,500.0,-4.4558,102.9063
263,230.0,KAB. PAKPAK BHARAT,Salak,Masjid Agung,http://simas.kemenag.go.id/index.php/profil/masjid/54967/,01.2.02.15.03.000004,Masjid Agung,Jl.Singgabur Sindeka Salak,1.600 m2,Girik,400 m2,2010.0,50 - 100,3,5,3,-,,,500.0,2.36,98.19
264,231.0,KAB. LABUHANBATU UTARA,Kualuh Hulu,Masjid AL-Aman,http://simas.kemenag.go.id/index.php/profil/masjid/54962/,01.2.02.23.01.000001,Masjid Agung,Jalan Lintas Sumatera Aek Kanopan,4.399 m2,Wakaf,400 m2,1986.0,> 200,4,15,-,-,08211407377,,500.0,2.6272,99.6495
265,232.0,KAB. DAIRI,Sidikalang,Masjid Agung Sidikalang,http://simas.kemenag.go.id/index.php/profil/masjid/54952/,01.2.02.11.01.000004,Masjid Agung,Jl.Mesjid Sidikalang,3.282 m2,SHM,400 m2,1960.0,> 200,3,9,5,-,08126562610,,1000.0,2.7471,98.3143
266,233.0,KAB. NIAS SELATAN,Teluk Dalam,Masjid Agung Ar-Rahman,http://simas.kemenag.go.id/index.php/profil/masjid/54919/,01.2.02.14.06.000001,Masjid Agung,Jl. Imam Bonjol Kel. Pasar Telukdalam,-,Wakaf,600 m2,1970.0,100 - 150,5,6,4,40,,,400.0,0.5645,97.8201
267,234.0,KAB. TAPANULI TENGAH,Pandan,Masjid Al-Muslimin,http://simas.kemenag.go.id/index.php/profil/masjid/54847/,01.2.02.01.03.000001,Masjid Agung,Jl. Ferdinan Lumbantobing Pandan,2.400 m2,Wakaf,500 m2,1993.0,150 - 200,3,4,-,-,085372945303,,500.0,1.6854,98.8274
268,235.0,KAB. KEPULAUAN SULA,Sanana,Masjid Al-Istiqamah,http://simas.kemenag.go.id/index.php/profil/masjid/54844/,01.2.31.05.02.000022,Masjid Agung,Desa Falahu Kota Sanana,27.000 m2,Girik,4.736 m2,2006.0,> 200,3,2,3,1,082188850202,,5000.0,-2.0627,125.9801
269,236.0,KAB. TAPIN,Tapin Utara,Masjid Humasa,http://simas.kemenag.go.id/index.php/profil/masjid/54827/,01.2.22.05.04.000001,Masjid Agung,Jl.BregJen.H.Hasan Basry Kel.Rantau Kiwa Rantau,8.100 m2,Wakaf,361 m2,1982.0,50 - 100,6,14,-,-,08152125039,,2500.0,-2.9306,115.1578
270,237.0,KAB. MINAHASA UTARA,Airmadidi,Masjid Pangeran Diponegoro,http://simas.kemenag.go.id/index.php/profil/masjid/53687/,01.2.24.06.03.000001,Masjid Agung,Desa Airmadidi Atas,686 m2,Wakaf,240 m2,1976.0,> 200,1,4,-,-,,,200.0,1.4246,124.9808
271,238.0,KAB. DHARMASRAYA,Pulau Punjung,Masjid BABUSSALAM,http://simas.kemenag.go.id/index.php/profil/masjid/53527/,01.2.03.10.02.000004,Masjid Agung,JL. LINTAS SUMATERA KM 1 PULAU PUNJUNG,9.070 m2,SHM,900 m2,1980.0,100 - 150,1,1,-,-,081363329034,,800.0,-0.9575,101.4982
272,239.0,KAB. KARANGANYAR,Karanganyar,Masjid Agung,http://simas.kemenag.go.id/index.php/profil/masjid/52718/,01.2.14.13.09.000049,Masjid Agung,"Kauman RT 02/14 Kal. Cangakan, Kec. Karanganyar",6.000 m2,Girik,1.200 m2,1985.0,> 200,9,9,-,-,,,500.0,-7.5955,110.9388
273,240.0,KAB. MAROS,Turikale,Masjid Al-Markaz Al-Islami,http://simas.kemenag.go.id/index.php/profil/masjid/52523/,01.2.26.09.14.000002,Masjid Agung,Jl. Jend. Sudirman Kelurahan Pettuadae,2.200 m2,Wakaf,1.800 m2,2004.0,> 200,4,5,2,-,,,5000.0,-5.015,119.5725
274,241.0,KAB. PADANG PARIAMAN,Ulakan Tapakih,Masjid Agung Syekh Burhanuddin,http://simas.kemenag.go.id/index.php/profil/masjid/50764/,01.2.03.05.10.000004,Masjid Agung,Manggopoh Dalam Ulakan,-,Wakaf,-,2013.0,150 - 200,-,-,-,-,,,0.0,0.1318,99.7119
275,242.0,KAB. SIJUNJUNG,Sijunjung,Masjid Istiqlal,http://simas.kemenag.go.id/index.php/profil/masjid/50200/,01.2.03.03.02.000001,Masjid Agung,"Jln. M. Syafe&amp;amp;#39;i Muaro Sijunjung (belakang Mapolres sijunjung)

Kecamatan Sijunjung",9.410 m2,Wakaf,990 m2,1989.0,150 - 200,4,4,-,-,081363327250,,3500.0,-1.8015,116.1475
276,243.0,KAB. MUARO JAMBI,Sekernan,Masjid AL-ABROR,http://simas.kemenag.go.id/index.php/profil/masjid/49902/,01.2.05.05.02.000032,Masjid Agung,Desa Bukit Baling Kec. Sekernan,2.500 m2,SHM,40X 40,2010.0,50 - 100,-,-,-,-,,,0.0,-1.8015,116.1475
277,244.0,KOTA BITUNG,Maesa,Masjid Ribhatul Qulub,http://simas.kemenag.go.id/index.php/profil/masjid/48754/,01.2.24.13.07.000004,Masjid Agung,Kelurahan Bitung Timur,957 m2,Wakaf,629 m2,2009.0,> 200,2,2,-,-,,,400.0,1.494,125.0464
278,245.0,KAB. BREBES,Brebes,Masjid Agung Brebes,http://simas.kemenag.go.id/index.php/profil/masjid/48079/,01.2.14.29.09.000024,Masjid Agung,Jl. Ustad Abbas No 7 Desa Brebes Kecamatan Brebes Kabupaten Brebes,1.932 m2,Wakaf,1.932 m2,1836.0,> 200,4,15,3,-,( 0283 ) 671913 - 672515 HP: 081548017735,,3500.0,-6.8706,109.0361
279,246.0,KAB. KEPULAUAN MERANTI,Tebing Tinggi,Masjid Agung Darul Ulum,http://simas.kemenag.go.id/index.php/profil/masjid/47678/,01.2.04.10.01.000001,Masjid Agung,Jl. Siak Kelurahan Selat Panjang Kota,10.000 m2,SHM,1.500 m2,1982.0,> 200,8,8,-,-,,,2500.0,1.0014,102.7083
280,247.0,KAB. BANGKA TENGAH,Koba,Masjid Rayhan,http://simas.kemenag.go.id/index.php/profil/masjid/47311/,01.2.09.04.01.000012,Masjid Agung,Kelurahan Padang Mulia Kompeks Perkantoran Pemda Bangka Tengah,10.000 m2,Wakaf,900 m2,2010.0,> 200,4,10,-,-,,Tanah Milik Yayasan,1000.0,-2.488,106.4151
281,248.0,KAB. BELITUNG TIMUR,Manggar,Masjid Daarus Salam,http://simas.kemenag.go.id/index.php/profil/masjid/47233/,01.2.09.06.01.000001,Masjid Agung,Jl. Lipat Kajang Ds. Baru,-,Wakaf,-,1974.0,150 - 200,-,-,-,-,,,0.0,-2.8553,108.2865
282,249.0,KAB. PEMALANG,Randudongkal,Masjid AGUNG,http://simas.kemenag.go.id/index.php/profil/masjid/46511/,01.2.14.27.07.000016,Masjid Agung,RANDUDONGKAL RT 34/04,1.632 m2,Wakaf,925 m2,1931.0,> 200,10,5,-,-,,,1000.0,-1.8015,116.1475
283,250.0,KAB. BELITUNG,Tanjung Pandan,Masjid Al-Mabrur,http://simas.kemenag.go.id/index.php/profil/masjid/46202/,01.2.09.02.01.000001,Masjid Agung,Jl. Sudirman  Tg.Pandan,1.750 m2,Wakaf,1.500 m2,1870.0,100 - 150,10,10,-,-,,,800.0,-1.8015,116.1475
284,251.0,KAB. SIAK,Siak,Masjid Agung Sulthan Syarif Hasim,http://simas.kemenag.go.id/index.php/profil/masjid/46192/,01.2.04.08.01.000002,Masjid Agung,Jl. Panglima Jimban Komplek Islamic Centre Kel. Kp. Rempak,9.400 m2,SHM,4.557 m2,2008.0,100 - 150,3,30,-,-,,,4000.0,0.7814,102.0719
285,252.0,KAB. INDRAGIRI HULU,Rengat,Masjid Ar-Rahman,http://simas.kemenag.go.id/index.php/profil/masjid/46181/,01.2.04.02.01.000012,Masjid Agung,Kampung Besar Kota,1.000 m2,Wakaf,500 m2,1880.0,50 - 100,3,3,-,-,,,1000.0,-0.3804,102.5573
286,253.0,KAB. INDRAGIRI HILIR,Tembilahan,Masjid Al-Huda,http://simas.kemenag.go.id/index.php/profil/masjid/46171/,01.2.04.04.04.000012,Masjid Agung,JL. Jendral Sudirman Tembilahan Kota,4.326 m2,SHM,1.224 m2,1900.0,> 200,8,17,5,40,,,3000.0,-0.3186,103.1667
287,254.0,KAB. BENGKALIS,Bengkalis,Masjid ISTIQOMAH,http://simas.kemenag.go.id/index.php/profil/masjid/46164/,01.2.04.03.01.000001,Masjid Agung,Jl. Jend.SUDIRMAN BENGKALIS,10.000 m2,Wakaf,5.000 m2,1960.0,> 200,2,15,2,100,+6282386565500,,4000.0,1.471,102.1063
288,255.0,KAB. OGAN KOMERING ILIR,Kayu Agung,Masjid Agung Sholihin,http://simas.kemenag.go.id/index.php/profil/masjid/46073/,01.2.06.02.04.000003,Masjid Agung,KELURAHAN  SIDAKARSA  KECAMATAN  KAYU  AGUNG  KABUPATEN OKI,1.000 m2,Wakaf,500 m2,1948.0,> 200,8,8,-,-,,,700.0,-3.3932,104.8337
289,256.0,KAB. KEBUMEN,Kebumen,Masjid AGUNG KAUMAN,http://simas.kemenag.go.id/index.php/profil/masjid/45492/,01.2.14.05.12.000070,Masjid Agung,JL PAHLAWAN 197 KUTOSARI RT.05/02 KEC KEBUMEN KAB KEBUMEN,4.394 m2,Wakaf,4.000 m2,1700.0,> 200,3,5,2,25,(0287)384123,,2000.0,-1.8015,116.1475
290,257.0,KAB. LAMPUNG UTARA,Kotabumi,Masjid AGUNG AL-JAMIK,http://simas.kemenag.go.id/index.php/profil/masjid/45360/,01.2.08.03.02.000071,Masjid Agung,JL.JEND.SUDIRMAN KEL.CEMPEDAK,2.500 m2,Wakaf,750 m2,1968.0,100 - 150,5,5,-,-,,Masjid Jamik kotabumi merupaka…,150.0,-4.6093,104.8096
291,258.0,KOTA METRO,Metro Pusat,Masjid TAQWA,http://simas.kemenag.go.id/index.php/profil/masjid/42196/,01.2.08.14.01.000001,Masjid Agung,Jl. Alamsyah Ratu Prawira Negara No. 1 Kel. Metro Kec. Metro Pusat,10.000 m2,Wakaf,2.500 m2,1932.0,> 200,5,8,-,-,,,3000.0,-5.1146,105.3069
292,259.0,KAB. TANAH LAUT,Pelaihari,Masjid Syuhada,http://simas.kemenag.go.id/index.php/profil/masjid/41480/,01.2.22.01.03.000001,Masjid Agung,Jl. Taqwa Kelurahan Pelaihari Kecamatan pelaihari Kabupaten Tanah Laut,-,Wakaf,-,1940.0,50 - 100,-,-,-,-,,,0.0,-1.8015,116.1475
293,260.0,KAB. ADM. KEP. SERIBU,Kepulauan Seribu Selatan,Masjid Nurul Huda,http://simas.kemenag.go.id/index.php/profil/masjid/41411/,01.2.11.01.02.000002,Masjid Agung,Pulau Tidung RT 005/01,1.005 m2,Wakaf,380 m2,1982.0,100 - 150,5,10,-,-,08154617225,,3000.0,-5.7973,106.4962
294,261.0,KOTA SIBOLGA,Sibolga Kota,Masjid AGUNG SIBOLGA,http://simas.kemenag.go.id/index.php/profil/masjid/41388/,01.2.02.28.02.000001,Masjid Agung,JL. MASJID/JL. S. PARMAN,1.200 m2,Wakaf,250 m2,1945.0,150 - 200,2,48,-,-,,,1000.0,1.7381,98.7784
295,262.0,KOTA SINGKAWANG,Singkawang Barat,Masjid Agung Nurul Islam,http://simas.kemenag.go.id/index.php/profil/masjid/41154/,01.2.20.14.02.000018,Masjid Agung,Jl. Alianyang,720 m2,Wakaf,308 m2,1986.0,> 200,6,5,-,-,085356556689,,2500.0,0.9023,108.9756
296,263.0,KAB. JENEPONTO,Binamu,Masjid Agung,http://simas.kemenag.go.id/index.php/profil/masjid/40778/,01.2.26.04.03.000001,Masjid Agung,Jln. Lanto Dg. Pasewang Belokallong Kelurahan Balang Toa Kec. Binamu,3.455 m2,Wakaf,1.200 m2,1976.0,> 200,1,15,-,-,,,3500.0,-5.6762,119.7399
297,264.0,KAB. CIAMIS,Ciamis,Masjid Agung Ciamis,http://simas.kemenag.go.id/index.php/profil/masjid/40551/,01.2.13.07.01.000001,Masjid Agung,"Jl. Jenderal Sudirman No. 3 Kec.Ciamis, Kabupaten Ciamis",10.200 m2,Wakaf,800 m2,1303.0,> 200,5,5,3,25,,,5000.0,-7.3268,108.3509
298,265.0,KAB. SOLOK,Kubung,Masjid Nurul Mukhlishin,http://simas.kemenag.go.id/index.php/profil/masjid/40135/,01.2.03.02.08.000007,Masjid Agung,Simpang Koto Baru,800 m2,Wakaf,380 m2,1994.0,100 - 150,1,35,2,-,085364757782,,600.0,-0.8308,100.653
299,266.0,KOTA KOTAMOBAGU,Kotamobagu Barat,Masjid Baitul Makmur,http://simas.kemenag.go.id/index.php/profil/masjid/40018/,01.2.24.15.04.000030,Masjid Agung,Jl. Ahmad Yani Kel. Kotamobagu,400 m2,Wakaf,200 m2,2011.0,> 200,1,4,-,-,,,230.0,0.6935,124.2705
300,267.0,KAB. KAMPAR,Bangkinang,Masjid Al-Ihsan,http://simas.kemenag.go.id/index.php/profil/masjid/38975/,01.2.04.01.01.000001,Masjid Agung,"Jl. Prof. M. Yamin, SH",15.000 m2,SHM,4.800 m2,2006.0,> 200,3,20,3,-,085311003975,,10000.0,0.3765,101.0405
301,268.0,KOTA BANJARBARU,Banjarbaru Selatan,Masjid Al-Munawwarah,http://simas.kemenag.go.id/index.php/profil/masjid/38509/,01.2.22.13.04.000004,Masjid Agung,Jl. Trikora Kelurahan Kemuning,7.000 m2,SHM,2.500 m2,2010.0,100 - 150,2,17,1,15,081349607830,Masjid Agung milik pemerintah …,4500.0,-3.4634,114.7054
302,269.0,KAB. PACITAN,Pacitan,Masjid Darul Falah,http://simas.kemenag.go.id/index.php/profil/masjid/37262/,01.2.16.01.04.000018,Masjid Agung,Rt.01/01 Krajan Pacitan,9.660 m2,Wakaf,-,0.0,> 200,7,52,-,-,0,,4500.0,-8.1952,111.0968
303,270.0,KAB. HALMAHERA UTARA,Tobelo,Masjid Al-Amin,http://simas.kemenag.go.id/index.php/profil/masjid/36704/,01.2.31.03.02.000005,Masjid Agung,Desa Marimoi Jln TT Marhaban Kec. Tobelo,3.135 m2,Wakaf,2.025 m2,1962.0,50 - 100,1,2,-,-,,,200.0,1.7256,128.01
304,271.0,KAB. NATUNA,Bunguran Timur,Masjid Agung Natuna,http://simas.kemenag.go.id/index.php/profil/masjid/36552/,01.2.10.03.04.000001,Masjid Agung,Jl Datuk Kaya Wan Muhd. Benteng Ranai,5.500 m2,Wakaf,4.000 m2,2009.0,150 - 200,-,-,-,-,-,,5000.0,3.8423,108.1714
305,272.0,KAB. BARITO TIMUR,Dusun Timur,Masjid ARRAHMAN,http://simas.kemenag.go.id/index.php/profil/masjid/36393/,01.2.21.13.01.000004,Masjid Agung,JL. A. YANI RT. 02 TAMIANG LAYANG,4.646 m2,Wakaf,400 m2,1987.0,> 200,5,12,-,-,08125197219,Data ini sesuai dengan fakta d…,600.0,-1.5159,114.104
306,273.0,KAB. TIMOR TENGAH UTARA,Kota Kefamenanu,Masjid AGUNG NURUL FALAH,http://simas.kemenag.go.id/index.php/profil/masjid/36114/,01.2.19.03.05.000001,Masjid Agung,Jl. Imam Bonjol,1.730 m2,Wakaf,750 m2,1984.0,> 200,2,2,-,-,085239326452,,400.0,-9.4465,124.4773
307,274.0,KAB. PEMALANG,Pemalang,Masjid NUR KALAM,http://simas.kemenag.go.id/index.php/profil/masjid/35301/,01.2.14.27.08.000007,Masjid Agung,ALUN-ALUN KAB PEMALANG,7.000 m2,Wakaf,5.000 m2,1930.0,> 200,5,5,-,-,,,10000.0,-6.9373,109.3799
308,275.0,KOTA MADIUN,Manguharjo,Masjid Baitul Hakim,http://simas.kemenag.go.id/index.php/profil/masjid/34863/,01.2.16.36.02.000001,Masjid Agung,"Jl. Aloon-Aloon Barat No.12, Kel. Pangongangan, Kota Madiun",5.170 m2,SHM,3.500 m2,1800.0,> 200,9,33,-,-,0351 461161,,5000.0,-7.6294,111.5159
309,276.0,KAB. MANGGARAI,Langke Rembong,Masjid Baiturrahman,http://simas.kemenag.go.id/index.php/profil/masjid/34544/,01.2.19.10.06.000001,Masjid Agung,Ruteng Kel. Tenda Kecamatan Langkerembong,300 m2,Girik,-,1988.0,> 200,2,8,-,-,081239102761,,500.0,-8.6245,120.4486
310,277.0,KAB. GUNUNG MAS,Kurun,Masjid Darun Najah,http://simas.kemenag.go.id/index.php/profil/masjid/32837/,01.2.21.10.02.000001,Masjid Agung,Jl.Suprapto Kel.Kuala Kurun Kec.Kurun Kab.Gunung Mas,6.543 m2,SHM,729 m2,2005.0,> 200,1,20,-,-,-,-,2000.0,-1.1141,113.8629
311,278.0,KAB. KARIMUN,Meral,Masjid Agung Karimun,http://simas.kemenag.go.id/index.php/profil/masjid/30263/,01.2.10.02.04.000010,Masjid Agung,Jl. Poros Kel. Sungai Raya Kec. Meral,75.000 m2,SHM,2.500 m2,2003.0,150 - 200,2,2,-,-,082392513333,,4000.0,1.0257,103.3906
312,279.0,KOTA LUBUK LINGGAU,Lubuk Linggau Barat II,Masjid Agung As-Salam,http://simas.kemenag.go.id/index.php/profil/masjid/29316/,01.2.06.14.06.000008,Masjid Agung,Kelurahan Pasar Pemiri Kecamatan Lubuk Linggau Barat II Kota Lubuk Linggau,1.000 m2,Wakaf,900 m2,1998.0,> 200,5,5,-,-,0,,850.0,-3.2969,102.8603
313,280.0,KAB. SERUYAN,Seruyan Hilir,Masjid Nurul Agung Yaqin,http://simas.kemenag.go.id/index.php/profil/masjid/28974/,01.2.21.07.01.000004,Masjid Agung,JL. Diponegoro,6.701 m2,Wakaf,1.980 m2,1972.0,> 200,10,10,5,-,,Sk. PANITIA 12/YMNY-KP/VIII/20…,800.0,-3.3819,112.5504
314,281.0,KAB. BARITO SELATAN,Dusun Selatan,Masjid Baiturrahman,http://simas.kemenag.go.id/index.php/profil/masjid/27979/,01.2.21.04.06.000004,Masjid Agung,Jl. Pelita Raya Buntok Kec. Dusun Selatan. Kab. Barito selatan Prov. Kalimantan tengah,1.000 m2,Wakaf,60 m2,1995.0,> 200,3,15,6,-,081349345678,Sejak bulan April tahun 2019 m…,1000.0,-1.718,114.8447
315,282.0,KAB. SUMENEP,Kota Sumenep,Masjid AGUNG,http://simas.kemenag.go.id/index.php/profil/masjid/27108/,01.2.16.29.01.000002,Masjid Agung,JL. TRUNOJOYO BANGSELOK SUMENEP,4.500 m2,Wakaf,12.500 m2,1779.0,> 200,10,10,-,-,,,0.0,-1.8015,116.1475
316,283.0,KOTA SURABAYA,Genteng,Masjid AL-MUHAJIRIN,http://simas.kemenag.go.id/index.php/profil/masjid/26878/,01.2.16.37.07.000010,Masjid Agung,Merto 25-27,4.000 m2,Wakaf,2.400 m2,1983.0,> 200,4,39,-,-,(031)5314851,,1000.0,-7.2654,112.7455
317,284.0,KAB. PINRANG,Watang Sawito,Masjid Al-Munawwir,http://simas.kemenag.go.id/index.php/profil/masjid/26568/,01.2.26.15.04.000001,Masjid Agung,Jl. Bintang No. 1,20.000 m2,Wakaf,2.500 m2,2004.0,150 - 200,4,-,2,-,0421921053,,1000.0,-1.8015,116.1475
318,285.0,KAB. LUWU,Belopa,Masjid Kabupaten Luwu,http://simas.kemenag.go.id/index.php/profil/masjid/26564/,01.2.26.17.07.000001,Masjid Agung,Jl. Jenderal Sudirman Kompleks Perkantoran Belopa,2.191 m2,SHM,1.675 m2,2007.0,150 - 200,3,-,2,-,,,1500.0,-3.8423,120.2563
319,286.0,KAB. ENREKANG,Enrekang,Masjid Kabupaten Enrekang,http://simas.kemenag.go.id/index.php/profil/masjid/26562/,01.2.26.16.02.000001,Masjid Agung,Jl. Masjid Jami No. 3,2.550 m2,Wakaf,288 m2,1935.0,150 - 200,4,4,-,-,,,1000.0,-5.2004,119.751
320,287.0,KAB. LUWU UTARA,Masamba,Masjid Syuhada Masamba,http://simas.kemenag.go.id/index.php/profil/masjid/26556/,01.2.26.19.03.000001,Masjid Agung,Jl. Jenderal Sudirman Kelurahan Bone Kecamatan Masamba Kab. Luwu Utara,2.500 m2,Wakaf,900 m2,2005.0,150 - 200,-,-,-,-,,,1000.0,-2.36,120.18
321,288.0,KAB. TEMANGGUNG,Temanggung,Masjid Agung Darussalam,http://simas.kemenag.go.id/index.php/profil/masjid/25804/,01.2.14.23.03.000002,Masjid Agung,Jl. MT Haryono No. 1,3.574 m2,Wakaf,1.877 m2,1835.0,> 200,4,6,-,-,(0293) 492993,,2500.0,-7.3161,110.1749
322,289.0,KAB. SINJAI,Sinjai Utara,Masjid NUJUMUL ITTIHAD,http://simas.kemenag.go.id/index.php/profil/masjid/25304/,01.2.26.07.05.000001,Masjid Agung,Jl. PERSATUAN RAYA KELURAHAN BIRINGERE,1.000 m2,Wakaf,1.296 m2,1975.0,100 - 150,2,26,2,30,082187509514,,2000.0,-5.1457,120.1575
323,290.0,KAB. BULUKUMBA,Ujung Bulu,Masjid Agung Bulukumba,http://simas.kemenag.go.id/index.php/profil/masjid/25068/,01.2.26.02.02.000001,Masjid Agung,Jl. Rambutan Loka,10.000 m2,SHM,1.600 m2,1982.0,> 200,2,25,2,20,0413 (82454),,2500.0,-5.3388,120.1359
324,291.0,KAB. BANTAENG,Bantaeng,Masjid Syech Abdul Gani,http://simas.kemenag.go.id/index.php/profil/masjid/25046/,01.2.26.03.02.000001,Masjid Agung,Jl. Elang Kel. Pallantikang,15.000 m2,SHM,3.600 m2,2000.0,> 200,5,5,-,-,0413-22311/085242263873,,2000.0,-5.5432,119.9538
325,292.0,KAB. MAROS,Turikale,Masjid Agung Maros,http://simas.kemenag.go.id/index.php/profil/masjid/24837/,01.2.26.09.14.000001,Masjid Agung,Jl. Lanto Daeng Pasewang No. 68 Kelurahan Alliritengae,8.892 m2,Wakaf,-,1955.0,100 - 150,3,-,-,-,,,1000.0,-1.8015,116.1475
326,293.0,KAB. BANGKALAN,Bangkalan,Masjid Agung Bangkalan,http://simas.kemenag.go.id/index.php/profil/masjid/24686/,01.2.16.26.01.000001,Masjid Agung,Jl. Sultan Abd. Kadirun No.5 Kode Pos 69115,11.527 m2,Wakaf,3.000 m2,1819.0,> 200,21,-,8,20,031 3095728,,5000.0,-7.0291,112.7462
327,294.0,KAB. TANGGAMUS,Talang Padang,Masjid Nurul Muslimin,http://simas.kemenag.go.id/index.php/profil/masjid/24360/,01.2.08.06.02.000042,Masjid Agung,Wayhanda banding Agung,300 m2,Wakaf,81 m2,2005.0,50 - 100,-,-,-,-,,,100.0,-5.3535,104.6338
328,295.0,KAB. ACEH UTARA,Lhoksukon,Masjid Baiturrahim,http://simas.kemenag.go.id/index.php/profil/masjid/24067/,01.2.01.08.04.000017,Masjid Agung,Keude Lhoksukon,3.600 m2,Wakaf,240 m2,2006.0,> 200,12,27,-,-,-,-,700.0,5.0472,97.3828
329,296.0,KAB. NGADA,Bajawa,Masjid AL-GHURABBA BAITURRAHMAN,http://simas.kemenag.go.id/index.php/profil/masjid/23519/,01.2.19.09.03.000004,Masjid Agung,"Jalan Imam Bonjol, kelurahan Trikora",1.041 m2,Wakaf,600 m2,2011.0,100 - 150,2,2,-,-,,,150.0,-8.7883,120.9717
330,297.0,KAB. KEPULAUAN SELAYAR,Benteng,Masjid Agung Al-Umaraini,http://simas.kemenag.go.id/index.php/profil/masjid/22854/,01.2.26.01.01.000001,Masjid Agung,Jln. R.A Kartini No.13 Kelurahan Benteng selatan Kecamatan Benteng kab. Kep. Selayar,3.398 m2,Wakaf,1.000 m2,1956.0,> 200,5,15,-,-,041422051,,1000.0,-1.8015,116.1475
331,298.0,KOTA PALOPO,Wara Utara,Masjid Agung Luwu Palopo,http://simas.kemenag.go.id/index.php/profil/masjid/22737/,01.2.26.24.02.000001,Masjid Agung,Jl. KH. M. Ramli No. 2,50.000 m2,Wakaf,2.500 m2,1974.0,> 200,4,40,-,-,081332520601 - 085656808068,,4000.0,-2.9946,120.192
332,299.0,KAB. TAKALAR,Pattallassang,Masjid Agung Takalar,http://simas.kemenag.go.id/index.php/profil/masjid/22697/,01.2.26.05.07.000001,Masjid Agung,Jl. Jenderal Sudirman No. 100,7.030 m2,Wakaf,1.216 m2,1976.0,150 - 200,4,60,-,-,041821688,,1000.0,-5.4441,119.4332
333,300.0,KAB. HULU SUNGAI UTARA,Amuntai Tengah,Masjid At-Taqwa,http://simas.kemenag.go.id/index.php/profil/masjid/21537/,01.2.22.08.05.000001,Masjid Agung,Jl. Norman Umar Rt. 03 Kelurahan Murung Sari,1.873.125 m2,Girik,2.760 m2,1953.0,150 - 200,13,18,6,-,,,5000.0,-2.4205,115.2547
334,301.0,KAB. BONE BOLANGO,Suwawa,Masjid Al-Marhamah,http://simas.kemenag.go.id/index.php/profil/masjid/20802/,01.2.28.03.03.000015,Masjid Agung,Desa Bubeya,4.365 m2,Wakaf,2.613 m2,1820.0,> 200,6,5,-,-,,,1000.0,0.5347,123.1352
335,302.0,KAB. SIDOARJO,Sidoarjo,Masjid AGUNG SIDOARJO,http://simas.kemenag.go.id/index.php/profil/masjid/20732/,01.2.16.15.08.000005,Masjid Agung,JL SULTAN AGUNG 36 RT.05/01 DS.MAGERSARI SIDOARJO,3.600 m2,Wakaf,1.600 m2,1862.0,> 200,9,43,3,19,0318966038/085231820584,TERDATA TH 2018,8000.0,-7.4459,112.7168
336,303.0,KAB. HULU SUNGAI SELATAN,Kandangan,Masjid TAQWA,http://simas.kemenag.go.id/index.php/profil/masjid/20442/,01.2.22.06.05.000001,Masjid Agung,Kandangan Kota,2.834 m2,Wakaf,1.089 m2,1906.0,> 200,31,28,-,-,081348588008,,2600.0,-1.8015,116.1475
337,304.0,KAB. BANTUL,Bantul,Masjid Agung Manunggal Bantul,http://simas.kemenag.go.id/index.php/profil/masjid/19718/,01.2.15.02.08.000002,Masjid Agung,Jl. Jenderal Sudirman No 1 Depok Kec. Bantul,5.000 m2,SHM,3.000 m2,1987.0,> 200,5,5,-,-,0274367208,,8000.0,-7.8794,110.3318
338,305.0,KAB. SERDANG BEDAGAI,Sei. Rampah,Masjid Agung Jami,http://simas.kemenag.go.id/index.php/profil/masjid/19337/,01.2.02.18.04.000031,Masjid Agung,Dusun III Desa Sei Rampah/ Jl Lintas Medan-T.Tinggi,1.857 m2,SHM,231 m2,1925.0,> 200,23,24,-,-,,,450.0,3.4807,99.1398
339,306.0,KAB. REMBANG,Rembang,Masjid Agung,http://simas.kemenag.go.id/index.php/profil/masjid/18999/,01.2.14.17.10.000003,Masjid Agung,Jl. KH. Manshur,3.795 m2,Wakaf,1.800 m2,1814.0,150 - 200,5,7,-,-,( 0295 ) 691029,,2500.0,-6.7057,111.3478
340,307.0,KAB. NGANJUK,Sawahan,Masjid Kyai Ageng Ngaliman,http://simas.kemenag.go.id/index.php/profil/masjid/17899/,01.2.16.18.01.000079,Masjid Agung,"Rt 03/Rw02 Desa Ngaliman, Kec. Sawahan",900 m2,Wakaf,700 m2,884.0,> 200,2,4,-,-,,,750.0,-7.8416,113.7744
341,308.0,KAB. SIMEULUE,Simeulue Timur,Masjid Baiturrahmah,http://simas.kemenag.go.id/index.php/profil/masjid/17458/,01.2.01.09.04.000002,Masjid Agung,"Mukim Maskapai, Desa Suka Karya",5.000 m2,SHM,1.250 m2,2000.0,150 - 200,1,1,-,-,,,200.0,2.4793,96.367
342,309.0,KOTA SALATIGA,Sidomukti,Masjid Darul Amal,http://simas.kemenag.go.id/index.php/profil/masjid/17284/,01.2.14.32.04.000055,Masjid Agung,"Jl. Tentara Pelajar No. 01
Kel. Kalicacing, Kec. Sidomukti Salatiga",4.000 m2,SHM,3.000 m2,2000.0,> 200,5,10,-,-,,,3000.0,-7.3298,110.4988
343,310.0,KAB. MALUKU TENGGARA,Kei Kecil,Masjid Muhajirin,http://simas.kemenag.go.id/index.php/profil/masjid/16954/,01.2.30.02.01.000003,Masjid Agung,"Jl. Soekarno Hatta, Ohoijang, Langgur",2.500 m2,Wakaf,145 m2,1989.0,100 - 150,2,2,-,-,,,200.0,-5.6504,132.7368
344,311.0,KAB. GORONTALO UTARA,Kwandang,Masjid Baiturrahim,http://simas.kemenag.go.id/index.php/profil/masjid/16908/,01.2.28.05.02.000003,Masjid Agung,"Dusun Pasar Baru, Desa Moluo Kec. Kwandang Kab. Gorontalo Utara",3.500 m2,Wakaf,625 m2,2011.0,100 - 150,2,2,-,-,,,1000.0,0.8356,122.9154
345,312.0,KAB. ALOR,Teluk Mutiara,Masjid Al-Fatah,http://simas.kemenag.go.id/index.php/profil/masjid/16666/,01.2.19.05.01.000001,Masjid Agung,Jl. RA.Martini Teluk Mutiara Kalabahi Kab. Alor,349 m2,Wakaf,1.396 m2,1916.0,> 200,5,7,-,-,081399665040,,800.0,-8.2173,124.5158
346,313.0,KAB. PURWOREJO,Purworejo,Masjid DARUL MUTTAQIN,http://simas.kemenag.go.id/index.php/profil/masjid/16126/,01.2.14.06.06.000001,Masjid Agung,"Jalan Mayjen Sutoyo, Kelurahan Sindurejan, Kecamatan Purworejo",9.000 m2,Wakaf,1.050 m2,1834.0,50 - 100,6,4,-,-,,,2000.0,-7.7119,110.0075
347,314.0,KAB. CILACAP,Cilacap Tengah,Masjid Agung Darussalam,http://simas.kemenag.go.id/index.php/profil/masjid/16055/,01.2.14.01.22.000002,Masjid Agung,Jalan Jend. Sudirman No.34 RT.01 RW.01 Kelurahan Sidanegara Kec. Cilacap Tengah Kab. Cilacap,3.500 m2,Girik,2.500 m2,1776.0,50 - 100,2,4,-,-,0282-533343,,3000.0,-7.7272,109.0087
348,315.0,KAB. KAYONG UTARA,Sukadana,Masjid Oesman Al-Khair,http://simas.kemenag.go.id/index.php/profil/masjid/15413/,01.2.20.11.01.000002,Masjid Agung,Jl. Kotakarang Desa Sutera,-,Wakaf,-,2016.0,> 200,2,5,5,20,,,400.0,-1.2385,109.9479
349,316.0,KAB. BANYUWANGI,Banyuwangi,Masjid Baiturrahman,http://simas.kemenag.go.id/index.php/profil/masjid/14928/,01.2.16.10.16.000002,Masjid Agung,Jl. Jend.Sudirman No. 137 Banyuwangi,5.245 m2,Wakaf,7.245 m2,1773.0,> 200,4,15,2,250,0333 -421283/421038,,5110.0,-8.2178,114.3695
350,317.0,KOTA PADANG PANJANG,Padang Panjang Barat,Masjid Agung Ashliyah,http://simas.kemenag.go.id/index.php/profil/masjid/14096/,01.2.03.16.02.000002,Masjid Agung,Pasar Usang RT X,1.567 m2,Wakaf,600 m2,1973.0,> 200,-,-,-,-,085669062727,,0.0,-1.8015,116.1475
351,318.0,KAB. TEGAL,Slawi,Masjid Agung Kab. Tegal,http://simas.kemenag.go.id/index.php/profil/masjid/13814/,01.2.14.28.10.000002,Masjid Agung,Jl. A. Yani Procot,4.000 m2,Wakaf,2.000 m2,1991.0,> 200,5,5,-,-,,,1500.0,-6.9744,109.1389
352,319.0,KOTA BLITAR,Kepanjenkidul,Masjid Agung Kota Blitar,http://simas.kemenag.go.id/index.php/profil/masjid/13688/,01.2.16.31.01.000002,Masjid Agung,Jl. Masjid No. 103 Kel. Kauman Kec. Kepanjen Kidul Kota Blitar,2.000 m2,Wakaf,1.500 m2,1820.0,> 200,20,20,-,-,0342805905,,2000.0,-8.0982,112.1643
353,320.0,KAB. PASURUAN,Bangil,Masjid AGUNG BANGIL,http://simas.kemenag.go.id/index.php/profil/masjid/12972/,01.2.16.14.14.000001,Masjid Agung,Jln. Alun Alun Barat No. 66 A Bangil Pasuruan,2.500 m2,Wakaf,2.000 m2,1278.0,> 200,4,12,-,-,0343741665,,5000.0,-7.9491,113.0522
354,321.0,KAB. BOJONEGORO,Bojonegoro,Masjid Darussalam,http://simas.kemenag.go.id/index.php/profil/masjid/12671/,01.2.16.22.15.000002,Masjid Agung,JL. K.H. Hasyim Asyhari Kec.Bojonegoro,3.562 m2,Wakaf,2.422 m2,1937.0,100 - 150,3,20,2,33,,,1100.0,-7.1495,111.879
355,322.0,KAB. SITUBONDO,Situbondo,Masjid AL-ABROR,http://simas.kemenag.go.id/index.php/profil/masjid/12573/,01.2.16.12.07.000002,Masjid Agung,Jl.Kh Wahid Hasyim No.6,-,Wakaf,-,1900.0,> 200,-,-,-,-,,,0.0,-1.8015,116.1475
356,323.0,KAB. SAMPANG,Sampang,Masjid Agung Sampang,http://simas.kemenag.go.id/index.php/profil/masjid/12380/,01.2.16.27.03.000001,Masjid Agung,Jl Pahlawan Dalpenang Sampang,4.500 m2,Wakaf,2.000 m2,1690.0,> 200,5,5,-,-,,,1000.0,-7.1949,113.2512
357,324.0,KAB. PURBALINGGA,Purbalingga,Masjid AGUNG DARUSSALAM,http://simas.kemenag.go.id/index.php/profil/masjid/11767/,01.2.14.03.05.000001,Masjid Agung,RT 01 RW 05 Desa Purbalingga Lor Kecamatan Purbalingga Kabupaten Purbalingga,5.500 m2,Wakaf,1.950 m2,1853.0,> 200,2,12,-,-,,,4000.0,-7.389,109.3625
358,325.0,KOTA SURAKARTA,Pasar Kliwon,Masjid Agung Surakarta,http://simas.kemenag.go.id/index.php/profil/masjid/11543/,01.2.14.31.03.000001,Masjid Agung,"JL. Masjid Besar 1, Baluwarti, Pasar Kliwon, Indonesia","19,180 m2",SHM,15.000 m2,1768.0,> 200,5,5,-,-,0271 643363,,1000.0,-7.5747,110.8277
359,326.0,KAB. PEMALANG,Pemalang,Masjid Agung Nur Kalam Pemalang,http://simas.kemenag.go.id/index.php/profil/masjid/11517/,01.2.14.27.08.000002,Masjid Agung,Jl. Mochtar Pemalang,2.000 m2,Wakaf,1.800 m2,2000.0,100 - 150,6,36,-,-,0284-323000,,2500.0,-6.8905,109.3799
360,327.0,KAB. MALANG,Kepanjen,Masjid Baiturrahman,http://simas.kemenag.go.id/index.php/profil/masjid/11259/,01.2.16.07.13.000001,Masjid Agung,Jl. Raya Sultan Agung Kepanjen,5.000 m2,Girik,5.000 m2,1976.0,> 200,5,34,-,-,0341.398410,,2500.0,-1.8015,116.1475
361,328.0,KAB. MAJALENGKA,Majalengka,Masjid AL-IMAM,http://simas.kemenag.go.id/index.php/profil/masjid/11213/,01.2.13.10.07.000002,Masjid Agung,Jalan Alun-alun barat No.2 / Jalan Masjid No.1,2.475 m2,Wakaf,-,1888.0,150 - 200,4,3,1,-,082130098412,-Dahulu Mesjid Al Imam sebelum…,2500.0,-6.8356,108.2267
362,329.0,KAB PENAJAM PASER UTARA,Penajam,Masjid AGUNG,http://simas.kemenag.go.id/index.php/profil/masjid/11204/,01.2.23.06.01.000071,Masjid Agung,JALAN PROVINSI KM. 08 NIPAH-NIPAH,-,SHM,-,2012.0,150 - 200,-,-,-,-,,,1000.0,-1.301,116.7369
363,330.0,KAB. PROBOLINGGO,Kraksaan,Masjid Ar-Raudlah,http://simas.kemenag.go.id/index.php/profil/masjid/11152/,01.2.16.13.14.000006,Masjid Agung,Rengganis No.01 Kelurakan Patokan Kecamatan Kraksaan Kabupaten Probolinggo,600 m2,Wakaf,250 m2,1978.0,> 200,17,11,-,-,0335-844682,,2000.0,-7.7608,113.4155
364,331.0,KAB. TULUNGAGUNG,Tulungagung,Masjid Al-Munawwar,http://simas.kemenag.go.id/index.php/profil/masjid/11120/,01.2.16.04.01.000001,Masjid Agung,Jl. K.H. Wahid Hasyim No. 02,2.350 m2,Wakaf,1.925 m2,1841.0,150 - 200,7,9,-,-,0355322883,,3000.0,-8.0647,111.8997
365,332.0,KAB. NGAWI,Ngawi,Masjid BAITURRAHMAN,http://simas.kemenag.go.id/index.php/profil/masjid/10998/,01.2.16.21.09.000002,Masjid Agung,JL. IMAM BONJOL No 7 MARGOMULYO NGAWI,2.930 m2,Wakaf,2.500 m2,1970.0,> 200,2,15,5,20,0351748230,,4000.0,-7.4028,111.4432
366,333.0,KAB. BONDOWOSO,Bondowoso,Masjid At-Taqwa,http://simas.kemenag.go.id/index.php/profil/masjid/10895/,01.2.16.11.11.000001,Masjid Agung,Jl. Letnan Sutarman No. 08 Bondowoso,5.000 m2,Girik,2.000 m2,1809.0,> 200,7,30,-,-,08124940387,,6000.0,-7.9126,113.8209
367,334.0,KAB. KUTAI TIMUR,Sangatta Utara,Masjid AL-FARUQ,http://simas.kemenag.go.id/index.php/profil/masjid/10830/,01.2.23.05.04.000001,Masjid Agung,"KAWASAN BUKIT PELANGI, SANGATTA, KECAMTAN SANGATTA UTARA",10.000 m2,Girik,500 m2,2011.0,> 200,3,126,3,36,082149093351,,12000.0,0.5225,117.6104
368,335.0,KAB. PASER,Tanah Grogot,Masjid Nurul Falah,http://simas.kemenag.go.id/index.php/profil/masjid/10827/,01.2.23.01.04.000002,Masjid Agung,Jl. Ahmad Dahlan tanah Grogot,-,Wakaf,-,1942.0,> 200,-,-,-,-,,,1000.0,-1.8015,116.1475
369,336.0,KAB. TANGERANG,Tigaraksa,Masjid AL-AMJAD,http://simas.kemenag.go.id/index.php/profil/masjid/10800/,01.2.12.03.03.000001,Masjid Agung,KOMPLEK PUSAT PEMERINTAHAN KABUPATEN TANGERANG TIGARAKSA,24.003 m2,Wakaf,5.604 m2,2005.0,> 200,7,15,-,-,021 599 5456,Masjid Agung Al Amjad di dirik…,6000.0,-6.2782,106.4851
370,337.0,KAB. SUBANG,Subang,Masjid Al-MUSABAQOH,http://simas.kemenag.go.id/index.php/profil/masjid/10206/,01.2.13.13.03.000001,Masjid Agung,Jl. Eyang Wangsa Goparana No.7,4.620 m2,Wakaf,1.250 m2,1979.0,> 200,15,30,10,20,082116112635,,2000.0,-6.5705,107.7608
371,338.0,KAB. BENGKULU UTARA,Arga Makmur,Masjid Baitul Makmur,http://simas.kemenag.go.id/index.php/profil/masjid/10131/,01.2.07.03.03.000001,Masjid Agung,Jalan. KH. Ahmad Dahlan Kelurahan Gunung Alam,1.000 m2,Wakaf,800 m2,1988.0,150 - 200,-,-,-,-,0737 521745,,0.0,-3.4401,102.197
372,339.0,KAB. SELUMA,Seluma,Masjid Baitul Falihin,http://simas.kemenag.go.id/index.php/profil/masjid/10130/,01.2.07.05.02.000001,Masjid Agung,Kelurahan Pasar Tais Kec. Seluma Kab. Seluma,-,Wakaf,-,2009.0,150 - 200,-,-,-,-,,,0.0,-4.0749,102.5737
373,340.0,KAB. REJANG LEBONG,Curup,Masjid BAITUL MAKMUR,http://simas.kemenag.go.id/index.php/profil/masjid/10125/,01.2.07.02.04.000001,Masjid Agung,JL. S. SUKOWATI KELURAHAN AIR PUTIH LAMA KECAMATAN CURUP,5.000 m2,Wakaf,2.500 m2,1990.0,50 - 100,2,1,-,-,(0732)21041,,1500.0,-3.479,102.5258
374,341.0,KAB. ACEH BARAT,Johan Pahlawan,Masjid Baitul Makmur,http://simas.kemenag.go.id/index.php/profil/masjid/6762/,01.2.01.05.01.000002,Masjid Agung,Jln. Imam Bonjol No. 100 Meulaboh,60.000 m2,Wakaf,3.500 m2,1987.0,100 - 150,8,7,-,-,06557028688,,7000.0,4.1588,96.125
375,342.0,KOTA PROBOLINGGO,Mayangan,Masjid RAUDLATUL JANNAH,http://simas.kemenag.go.id/index.php/profil/masjid/6508/,01.2.16.33.03.000006,Masjid Agung,Jl. KH. Agussalim,2.560 m2,Wakaf,2.300 m2,2002.0,> 200,15,15,-,-,0811354822,,3000.0,-7.7439,113.2148
376,343.0,KOTA PADANG SIDIMPUAN,Padangsidimpuan Utara,Masjid Al-Abror,http://simas.kemenag.go.id/index.php/profil/masjid/6448/,01.2.02.32.01.000010,Masjid Agung,Jl. Mesjid Raya Baru WEK IV,20.400 m2,Wakaf,1.089 m2,1966.0,100 - 150,1,13,-,-,081260524373,,10000.0,0.5493,99.2505
377,344.0,KAB. MINAHASA SELATAN,Ranoyapo,Masjid Al-Mu'minun,http://simas.kemenag.go.id/index.php/profil/masjid/6413/,01.2.24.05.03.000003,Masjid Agung,"Kel.Ranoiapo Link.V, Kec.Amurang, Kab.Minahasa Selatan",918 m2,Wakaf,800 m2,1956.0,> 200,1,5,1,37,081340074326,Masjid Al-Mu'minun adalah pese…,2500.0,1.2782,124.5419
378,345.0,KAB. PIDIE JAYA,Meureudu,Masjid Tgk.Chik Di Pante Geulima,http://simas.kemenag.go.id/index.php/profil/masjid/4979/,01.2.01.18.01.000001,Masjid Agung,Gampong Mns.Lhok,10.000 m2,Wakaf,300 m2,1991.0,> 200,2,1,-,-,,,400.0,5.2292,96.2575
379,346.0,KAB. ACEH BESAR,Kota Jantho,Masjid Al-Munawwarah,http://simas.kemenag.go.id/index.php/profil/masjid/4862/,01.2.01.06.15.000001,Masjid Agung,Kota Jantho,-,Wakaf,-,1985.0,50 - 100,-,-,-,-,,,900.0,5.4848,95.3833
380,347.0,KOTA SABANG,Sukakarya,Masjid Babussalam,http://simas.kemenag.go.id/index.php/profil/masjid/4286/,01.2.01.20.01.000003,Masjid Agung,Jln. Tgk Chiek Ditiro,6.559 m2,Wakaf,-,2001.0,100 - 150,7,48,-,-,08126994818,,1000.0,5.8939,95.3241
381,348.0,KOTA LHOKSEUMAWE,Banda Sakti,Masjid Islamic Center,http://simas.kemenag.go.id/index.php/profil/masjid/4197/,01.2.01.21.02.000005,Masjid Agung,Jln. T. Hamzah Bendahara - Simpang IV Lhokseumawe,33.748 m2,SHM,16.475 m2,2001.0,> 200,20,52,-,-,0645 - 44887,Tanah milik Pemerintah Kota Lh…,10000.0,5.1807,97.1422
382,349.0,KOTA BANDA ACEH,Kuta Alam,Masjid Al-Makmur Lampriet,http://simas.kemenag.go.id/index.php/profil/masjid/4195/,01.2.01.19.02.000001,Masjid Agung,"Jl. Taman Ratu Syafaruddin / Muhammad Daud Beureuh, Lampriet, Banda Aceh 24452",7.572 m2,Wakaf,1.800 m2,1979.0,> 200,12,50,-,66,081266121399,,2000.0,5.5673,95.3386
383,350.0,KAB. BIREUEN,Kota Juang,Masjid Sultan Djeumpa,http://simas.kemenag.go.id/index.php/profil/masjid/4148/,01.2.01.11.13.000001,Masjid Agung,Jalan Bireuen-Takengon Km 1 Kec. Kota Juang Kab. Bireuen,13.583 m2,Wakaf,3.500 m2,1962.0,> 200,6,35,-,-,085277113764,,1500.0,5.1864,96.7039
384,351.0,KAB. BENER MERIAH,Bukit,Masjid Babussalam,http://simas.kemenag.go.id/index.php/profil/masjid/4111/,01.2.01.17.05.000001,Masjid Agung,Simpang Tiga Redelong,33.000 m2,Wakaf,2.800 m2,1970.0,> 200,10,12,6,30,,,1000.0,4.2862,96.9104
385,352.0,KAB. GAYO LUES,Blangkejeren,Masjid As- Shalihin,http://simas.kemenag.go.id/index.php/profil/masjid/4104/,01.2.01.13.01.000001,Masjid Agung,Jl.Kuta Panjang Kelurahan Kota Blangkejeren,50 X 50,Wakaf,35 X 35,1991.0,50 - 100,6,48,-,-,081287631623,,500.0,3.9999,97.345
386,353.0,KAB. ACEH SELATAN,Tapaktuan,Masjid Istiqamah Tapaktuan,http://simas.kemenag.go.id/index.php/profil/masjid/4102/,01.2.01.01.08.000001,Masjid Agung,Jl. Jend. Sudirman Gampong. Padang Kec. Tapaktuan,4.246 m2,Wakaf,110 m2,1935.0,150 - 200,6,4,3,4,085296908884 (ketua BKM),,1012.0,3.2579,97.1794
387,354.0,KAB. ACEH SINGKIL,Singkil,Masjid Nurul Makmur,http://simas.kemenag.go.id/index.php/profil/masjid/4097/,01.2.01.10.03.000001,Masjid Agung,Jln. Bahari Desa Pulo Sarok,10.000 m2,Wakaf,100 m2,2000.0,100 - 150,2,5,-,-,,"Imam : 1. Rasyiduddin, SH 2. U…",1500.0,2.2713,97.8129
388,355.0,KOTA BINJAI,Binjai Timur,Masjid AGUNG,http://simas.kemenag.go.id/index.php/profil/masjid/4065/,01.2.02.30.04.000001,Masjid Agung,SOEKARNO-HATTA KEL. TIMBANG LANGKAT,4.906 m2,SHM,900 m2,1995.0,> 200,3,15,-,-,0,,1.0,3.6081,98.4974
389,356.0,KAB. MANOKWARI,Manokwari Barat,Masjid Ridwanul Bahri,http://simas.kemenag.go.id/index.php/profil/masjid/3792/,01.2.33.03.04.000001,Masjid Agung,"Kantor Wilayah Kementerian Agama Papua Barat, Jl. Toba Sanggeng Fasharkan TNI AL",1.500 m2,SHM,1.000 m2,2003.0,> 200,2,2,-,-,,,0.0,-1.3182,133.6816
390,357.0,KOTA TEGAL,Tegal Timur,Masjid Agung,http://simas.kemenag.go.id/index.php/profil/masjid/3289/,01.2.14.35.02.000010,Masjid Agung,Mangkukusuman,5.000 m2,Wakaf,4.500 m2,1930.0,> 200,5,5,-,-,,,500.0,-6.867,109.1367
391,358.0,KOTA BOGOR,Bogor Timur,Masjid Agung Al-Mi'raj,http://simas.kemenag.go.id/index.php/profil/masjid/3079/,01.2.13.18.02.000007,Masjid Agung,"Jl Pajajaran, Kelurahan Baranang Siang",6.120 m2,Wakaf,2.244 m2,1975.0,> 200,4,48,-,-,,,4500.0,-6.6072,106.8088
392,359.0,KOTA PADANG,Padang Selatan,Masjid Nurul Iman,http://simas.kemenag.go.id/index.php/profil/masjid/2932/,01.2.03.13.01.000001,Masjid Agung,"Jl. Imam Bonjol dan Jl. Muhammad Thamrin, Kota Padang, Sumatera Barat.",-,Wakaf,2.674 m2,1958.0,> 200,-,-,-,-,,,2000.0,-0.9547,100.3623
393,360.0,KAB. BOLAANG MONGONDOW,Lolak,Masjid An-Nur,http://simas.kemenag.go.id/index.php/profil/masjid/2793/,01.2.24.01.05.000001,Masjid Agung,Desa Lolak,2.550 m2,Wakaf,196 m2,1920.0,> 200,1,4,-,-,,,0.0,1.1095,124.3652
394,361.0,KAB. BOLAANG MONGONDOW UTARA,Kaidipang,Masjid Baiturrahman,http://simas.kemenag.go.id/index.php/profil/masjid/2785/,01.2.24.08.05.000001,Masjid Agung,Desa Boroko,800 m2,Wakaf,676 m2,1936.0,> 200,3,3,2,30,081340817046,,1030.0,0.9064,123.2652
395,362.0,KAB. KEP. SIAU TAGULANDANG BIARO,Siau Timur,Masjid Al-Jihad,http://simas.kemenag.go.id/index.php/profil/masjid/2751/,01.2.24.09.01.000001,Masjid Agung,Kel. Tarorane,403 m2,Wakaf,403 m2,1980.0,> 200,1,2,-,-,085394735157,,1400.0,2.7147,125.3993
396,363.0,KAB. KEPULAUAN SANGIHE,Tahuna Timur,Masjid At-Taqwa,http://simas.kemenag.go.id/index.php/profil/masjid/2264/,01.2.24.03.14.000001,Masjid Agung,Kel. Tidore,1.575 m2,Wakaf,1.260 m2,1893.0,> 200,2,8,-,-,,,3100.0,3.6094,125.4845
397,364.0,KAB. BOLAANG MONGONDOW SELATAN,Bolaang Uki,Masjid An-Nur,http://simas.kemenag.go.id/index.php/profil/masjid/2076/,01.2.24.11.01.000001,Masjid Agung,Popodu,3.000 m2,Wakaf,1.600 m2,1912.0,> 200,4,8,-,-,,,750.0,0.3258,123.6369
398,365.0,KAB. KEPULAUAN TALAUD,Melonguane,Masjid Jabal Rahma,http://simas.kemenag.go.id/index.php/profil/masjid/2053/,01.2.24.04.07.000001,Masjid Agung,Taman Kasih Kel. Melonguane,400 m2,Girik,360 m2,2007.0,> 200,1,8,-,-,085340051558,,500.0,4.2862,126.7877
399,366.0,KOTA TANGERANG,Tangerang,Masjid Al-Azhom,http://simas.kemenag.go.id/index.php/profil/masjid/1965/,01.2.12.05.01.000047,Masjid Agung,"Kompleks Walikota, Alun-Alun Kota Tangerang",20.810 m2,Wakaf,5.766 m2,1997.0,> 200,-,-,-,-,,,15000.0,-6.1698,106.6387
400,367.0,KOTA TOMOHON,Tomohon Tengah,Masjid Al-Mujahidin,http://simas.kemenag.go.id/index.php/profil/masjid/1819/,01.2.24.14.02.000001,Masjid Agung,Jln. Babe Palar Kel. Matani Lingk. III,2.737 m2,Wakaf,2.160 m2,1968.0,> 200,6,8,-,-,081356720072,,3000.0,1.3191,124.8374
401,368.0,KAB. BOALEMO,Tilamuta,Masjid Baiturrahmah,http://simas.kemenag.go.id/index.php/profil/masjid/1678/,01.2.28.02.04.000001,Masjid Agung,"Jalan Hi. Thayeb Moh. Gobel, Kec. Tilamuta, Kab. Boalemo, Provinsi Gorontalo",4.000 m2,Wakaf,3.500 m2,1980.0,> 200,10,8,-,-,,,1000.0,0.747,121.9482
402,369.0,KOTA LANGSA,Langsa Kota,Masjid Darul Falah,http://simas.kemenag.go.id/index.php/profil/masjid/1582/,01.2.01.22.03.000001,Masjid Agung,Jalan Jenderal Ahmad Yani Gampong Peukan Langsa,6.400 m2,Wakaf,1.764 m2,1968.0,> 200,10,10,-,-,,,0.0,4.4844,97.9629
403,370.0,KAB. JAYAPURA,Sentani,Masjid Al-Aqsha,http://simas.kemenag.go.id/index.php/profil/masjid/1580/,01.2.32.03.01.000001,Masjid Agung,"Jl. Raya Sentani, Kab. Jayapura",1.539 m2,Wakaf,900 m2,1972.0,> 200,3,5,-,-,081344883553,,500.0,-2.5654,140.517
404,371.0,KOTA SURABAYA,Semampir,Masjid Agung Sunan Ampel,http://simas.kemenag.go.id/index.php/profil/masjid/564/,01.2.16.37.16.000001,Masjid Agung,"Jl. Ampel Masjid 53, Kecamatan Semampir, Kota Surabaya",5.000 m2,Wakaf,2.000 m2,1421.0,> 200,3,4,-,-,,,4000.0,-7.2308,112.7442
405,372.0,KOTA BANJAR,Banjar,Masjid Agung Baiturrahman,http://simas.kemenag.go.id/index.php/profil/masjid/561/,01.2.13.26.01.000004,Masjid Agung,RT 01 RW 04 Lingkungan Cibulan Kecamatan Banjar Kota Banjar,1.800 m2,Wakaf,1.000 m2,1950.0,> 200,3,12,-,-,0265742179,,2000.0,-7.3243,108.5394
406,373.0,KOTA CIMAHI,Cimahi Tengah,Masjid Agung Kota Cimahi,http://simas.kemenag.go.id/index.php/profil/masjid/555/,01.2.13.24.02.000001,Masjid Agung,Jl. Kaum No.1  Kel. Cimahi Kecamatan Cimahi Tengah,6.120 m2,Wakaf,1.800 m2,1817.0,> 200,3,25,3,300,022 6658166 /081809985028,Masjid Agung Kota Cimahi perta…,3000.0,-6.8732,107.5419
407,374.0,KOTA BEKASI,Bekasi Selatan,Masjid Al-Barkah,http://simas.kemenag.go.id/index.php/profil/masjid/535/,01.2.13.22.04.000001,Masjid Agung,"Jl. Veteran No.46, Kec.Bekasi Selatan, Kota Bekasi, Prov.Jawa Barat",7.318 m2,Wakaf,900 m2,1890.0,> 200,20,15,-,-,021-88951181/0817824443,,10000.0,-6.242,106.999
408,375.0,KAB. GUNUNG KIDUL,Wonosari,Masjid Al-Ikhlas,http://simas.kemenag.go.id/index.php/profil/masjid/531/,01.2.15.03.01.000001,Masjid Agung,"Jln, Alun -alun Barat, Kepek 2, Kepek, Wonosari, GK",2.000 m2,SHM,700 m2,1950.0,> 200,5,12,-,-,,,1500.0,-7.964,110.5998
409,376.0,KOTA CILEGON,Jombang,Masjid Nurul Ikhlas,http://simas.kemenag.go.id/index.php/profil/masjid/526/,01.2.12.06.05.000001,Masjid Agung,Jl. Sultan Ageng Tirtayasa Cilegon,3.600 m2,Wakaf,1.372 m2,1943.0,> 200,5,20,-,-,0254 392125 / 388715,,2350.0,-6.0177,106.0528
410,377.0,KOTA SERANG,Serang,Masjid At-Tsauroh,http://simas.kemenag.go.id/index.php/profil/masjid/516/,01.2.12.07.01.000001,Masjid Agung,JI. Veteran No. 43 Kota Serang Banten,26510 M2,Wakaf,-,1870.0,> 200,7,9,5,-,0254217848,,2500.0,-6.1167,106.1563
411,378.0,KOTA MOJOKERTO,Prajurit Kulon,Masjid Al-Fattah,http://simas.kemenag.go.id/index.php/profil/masjid/508/,01.2.15.35.01.000001,Masjid Agung,"Jl. Hasyim Asyhari no. 1 Kec. Prajurit Kulon, Kota Mojokerto",2.874 m2,Wakaf,2.874 m2,1875.0,> 200,3,12,-,-,0321328670,,2000.0,-7.5095,112.4258
412,379.0,KOTA CIREBON,Kejaksan,Masjid At-Taqwa,http://simas.kemenag.go.id/index.php/profil/masjid/503/,01.2.13.21.01.000005,Masjid Agung,Jl. RA Kartini No. 02 Kebon Baru Cirebon,8.000 m2,Girik,5.000 m2,1932.0,> 200,3,30,-,-,02313384096,,20000.0,-6.71,108.5584
413,380.0,KOTA YOGYAKARTA,Gondokusuman,Masjid Syuhada,http://simas.kemenag.go.id/index.php/profil/masjid/500/,01.2.15.05.03.000001,Masjid Agung,"Jl. Inyoman Oka No 2, Kec. Gondokusuman, Kota Yogyakarta",3.200 m2,Wakaf,2.796 m2,1949.0,50 - 100,10,60,-,-,0274561189,Masjid Syuhada Yogyakarta adal…,1000.0,-7.7863,110.3692
414,381.0,KAB. SLEMAN,Sleman,Masjid Dr. Wahidin Soedirohoesodo,http://simas.kemenag.go.id/index.php/profil/masjid/494/,01.2.15.04.13.000001,Masjid Agung,Jln. Parasamya Beran Lor Tridadi Sleman,9.177 m2,Girik,1.296 m2,1987.0,150 - 200,2,25,5,30,0274-869536,,2500.0,-7.7152,110.3557
415,382.0,KOTA TASIKMALAYA,Tawang,Masjid Agung Tasikmalaya,http://simas.kemenag.go.id/index.php/profil/masjid/477/,01.2.13.25.03.000001,Masjid Agung,Jl. Mesjid Agung No.01 Kec. Tawang Tasikmalaya,7.215 m2,Wakaf,2.456 m2,1886.0,> 200,9,50,-,-,085222221599 / Dodoy,,8000.0,-7.3262,108.2201
416,383.0,KAB. GRESIK,Kebomas,Masjid Agung Maulana Malik Ibrahim Gresik,http://simas.kemenag.go.id/index.php/profil/masjid/383/,01.2.16.25.14.000001,Masjid Agung,"Jl. Dr. Wahidin Sudiro Husodo (Simpang Tiga Sumber) Kembangan, Kec. Kebomas, Kab. Gresik. Prov.Jawa Timur",30.000 m2,SHM,10.000 m2,2004.0,> 200,-,-,-,-,(031) 3955198,,5000.0,-7.1664,112.6142
417,384.0,KOTA ADM. JAKARTA UTARA,Kelapa Gading,Masjid Al-Musyawarah,http://simas.kemenag.go.id/index.php/profil/masjid/381/,01.2.11.02.06.000001,Masjid Agung,"JL.Raya Bulevar, Kec.Kelapa Gading, Jakarta Utara, Prov.DKI Jakarta",22.000 m2,SHM,16.915 m2,1992.0,> 200,-,-,-,-,020 4531924,,0.0,-6.1551,106.9099
418,385.0,KOTA BAU BAU,Wolio,Masjid Raya Baubau,http://simas.kemenag.go.id/index.php/profil/masjid/363/,01.2.27.12.02.000002,Masjid Agung,"Jl. RA Kartini, Kelurahan Wale, Kecamatam Wolio. Kota Bau-bau, Sulawesi Tenggara",1.000 m2,Wakaf,500 m2,2010.0,> 200,7,4,7,-,,,1000.0,-5.4569,122.6057
419,386.0,KAB. KUANTAN SINGINGI,Kuantan Tengah,Masjid Kuantan Singingi,http://simas.kemenag.go.id/index.php/profil/masjid/352/,01.2.04.09.02.000001,Masjid Agung,Jl. Proklamasi no.1 Sungai Jering Taluk Kuantan,32.000 m2,Wakaf,2.400 m2,2010.0,> 200,5,2,4,43,,,2200.0,-0.521,101.5344
420,387.0,KAB. BADUNG,Kuta Selatan,Masjid Ibnu Batutah,http://simas.kemenag.go.id/index.php/profil/masjid/299/,01.2.17.03.05.000001,Masjid Agung,"Kompleks Puja Mandala Nusa Dua, Jl.Kurusetra, Br Bualu Benoa, Kuta Selatan Badung, Prov.Bali",1.500 m2,Girik,1.700 m2,1997.0,> 200,4,4,4,90,087860864248,,2500.0,-8.8003,115.2134
421,388.0,KAB. GORONTALO,Limboto,Masjid Baiturrahman,http://simas.kemenag.go.id/index.php/profil/masjid/295/,01.2.28.01.01.000001,Masjid Agung,"Jl. Cokroaminoto no.16, Kel.Kayubulan, Kec.Limboto, Prov.Gorontalo",62.500 m2,Wakaf,22.500 m2,1979.0,> 200,5,2,2,50,,,2500.0,0.6268,122.9803
422,389.0,KOTA PONTIANAK,Pontianak Barat,Masjid AL-Falah,http://simas.kemenag.go.id/index.php/profil/masjid/278/,01.2.20.13.03.000001,Masjid Agung,Jl Hasanuddin Kelurahan Sungai Jawi Dalam,850 m2,Wakaf,144 m2,1961.0,> 200,2,2,-,-,,,0.0,-0.0189,109.3264
423,390.0,KOTA DEPOK,Pancoran Mas,Masjid Al-Muhajirin,http://simas.kemenag.go.id/index.php/profil/masjid/149/,01.2.13.23.01.000001,Masjid Agung,"Jl. Nusantara Raya no.33, Kota Depok",-,SHM,-,1984.0,> 200,7,7,-,-,,,5000.0,-6.3943,106.8147
424,391.0,KOTA AMBON,Sirimau,Masjid An-Nur,http://simas.kemenag.go.id/index.php/profil/masjid/109/,01.2.30.10.02.000001,Masjid Agung,"Batu Merah, Kec. Sirimau, Kota Ambon, Maluku",-,SHM,-,2000.0,> 200,-,-,-,-,,,0.0,-3.6834,128.213
425,392.0,KOTA MANADO,Tuminiting,Masjid Awwal Fathul Mubien,http://simas.kemenag.go.id/index.php/profil/masjid/97/,01.2.24.12.02.000001,Masjid Agung,Jl. Sultan Hasanuddin Kel. Islam,1.000 m2,Wakaf,676 m2,1770.0,> 200,1,4,-,-,,,5000.0,1.5066,124.8456
426,393.0,KOTA PALU,Palu Barat,Masjid Darussalam,http://simas.kemenag.go.id/index.php/profil/masjid/66/,01.2.25.11.02.000001,Masjid Agung,"Jl. W.R. Supratman, Palu Barat, Sulawesi Tengah",-,SHM,-,1978.0,> 200,3,-,2,-,,,1200.0,-0.8939,119.8525
427,394.0,KAB. BANJAR,Martapura,Masjid Al-Karomah,http://simas.kemenag.go.id/index.php/profil/masjid/63/,01.2.22.03.05.000001,Masjid Agung,Jl. Ahmad Yani Km. 41 Kel. Keraton Martapura,-,SHM,-,1897.0,> 200,-,-,-,-,,,10000.0,-3.4052,114.8483
428,395.0,KOTA BATU,Batu,Masjid An-Nuur,http://simas.kemenag.go.id/index.php/profil/masjid/55/,01.2.16.38.01.000001,Masjid Agung,"Jl. Gajah Mada No.1 Kota Batu , Malang, Jawa Timur",5000 m2,Wakaf,1000 m2,1920.0,> 200,-,-,-,-,,,6000.0,-7.8702,112.5266
429,396.0,KOTA MAKASSAR,Bontoala,Masjid Al-Markaz al-Islami Jenderal M. Jusuf,http://simas.kemenag.go.id/index.php/profil/masjid/51/,01.2.26.22.06.000001,Masjid Agung,"Jl. Masjid Raya No.57, Kec. Bontala, Kota Makasar, Sulawesi Selatan",10.000 m2,SHM,6.932 m2,1996.0,> 200,2,4,2,-,,,10000.0,-5.1307,119.4249
430,397.0,KOTA SEMARANG,Semarang Tengah,Masjid Agung Semarang,http://simas.kemenag.go.id/index.php/profil/masjid/40/,01.2.14.33.01.000001,Masjid Agung,Jl. Alun-alun Barat no.11 Kota Semarang,-,Wakaf,-,1749.0,> 200,3,35,-,-,024 - 3543051,,2000.0,-6.9727,110.4231
431,398.0,KOTA BENGKULU,Gading Cempaka,Masjid Akbar At-Taqwa,http://simas.kemenag.go.id/index.php/profil/masjid/31/,01.2.07.10.02.000001,Masjid Agung,"Jl. Soekarno-Hatta, Kel. Anggut Atas Kec. Gading Cempaka, Kota Bengkulu","1104,5 m2",SHM,"879,2 m2",1989.0,> 200,-,-,-,-,,,2900.0,-3.8002,102.2591
432,399.0,KOTA ADM. JAKARTA TIMUR,Makasar,Masjid At-Tiin,http://simas.kemenag.go.id/index.php/profil/masjid/24/,01.2.11.05.08.000001,Masjid Agung,"Jl. Raya Taman Mini Pintu 1 Taman Mini Kelurahan Pinang Ranti, Makasar, Jakarta Timur",70000 m2,SHM,-,1997.0,> 200,10,10,-,-,,,25850.0,-6.2978,106.8841
433,400.0,KOTA ADM. JAKARTA PUSAT,Menteng,Masjid Sunda Kelapa,http://simas.kemenag.go.id/index.php/profil/masjid/23/,01.2.11.03.06.000001,Masjid Agung,"Jl. Taman Sunda Kelapa Nomor 16, Menteng, Jakarta Pusat, DKI Jakarta",9.920 m2,SHM,-,1970.0,> 200,-,-,-,-,021-31934261,,4430.0,-6.2014,106.8324
434,401.0,KOTA ADM. JAKARTA SELATAN,Kebayoran Lama,Masjid Raya Pondok Indah,http://simas.kemenag.go.id/index.php/profil/masjid/20/,01.2.11.06.05.000001,Masjid Agung,Jl. Sultan Iskandar Muda No. 1 Kebayoran Lama Selatan Kebayoran Lama Jakarta Selatan DKI Jakarta,2.500 m2,SHM,1.764 m2,1990.0,> 200,-,-,-,-,021  7666166,,2600.0,-6.2616,106.7827
435,1.0,KOTA CILEGON,Cibeber,Masjid JAMI AL-BAROKAH,http://simas.kemenag.go.id/index.php/profil/masjid/288441/,01.3.12.06.01.000067,Masjid Besar,KEDUNG BAYA KALITIMBANG,100 m2,Wakaf,100 m2,1990.0,50 - 100,3,3,3,50,0,,300.0,-6.034,106.0675
436,2.0,KAB. ADM. KEP. SERIBU,Kepulauan Seribu Selatan,Masjid AGUNG NURUL HUDA,http://simas.kemenag.go.id/index.php/profil/masjid/288378/,01.3.11.01.02.000006,Masjid Besar,jl. Masjid Rt 5/1 Kelurahan Pulau Tidung,1.500 m2,Wakaf,959 m2,1987.0,100 - 150,5,5,7,30,,,700.0,-5.7978,106.4967
437,3.0,KAB. KETAPANG,Sungai Laur,Masjid AN-NUR,http://simas.kemenag.go.id/index.php/profil/masjid/288364/,01.3.20.04.06.000014,Masjid Besar,Jln. Trans Kalimantan RT.5 RW.2 Dusun Aur Kuning Desa Riam Bunut,1.750 m2,Wakaf,625 m2,1994.0,> 200,6,8,4,20,0813451753174,,500.0,-0.0225,109.3303
438,4.0,KAB. KUBU RAYA,Sungai Raya,Masjid Al-Fatwa,http://simas.kemenag.go.id/index.php/profil/masjid/288337/,01.3.20.12.01.000178,Masjid Besar,Jl. Adi Sucipto KM 12.9 Arang Limbung,1.500 m2,Wakaf,840 m2,1992.0,150 - 200,5,9,5,50,,,400.0,-0.0225,109.3303
439,5.0,KAB. PASER,Kuaro,Masjid Al- Jihad,http://simas.kemenag.go.id/index.php/profil/masjid/288333/,01.3.23.01.05.000017,Masjid Besar,Kuaro Jln Letjen Suprapto,7.000 m2,Wakaf,2.500 m2,1966.0,100 - 150,4,3,3,10,081346294070,,140.0,-1.8015,116.1475
440,6.0,KAB. BOGOR,Citeureup,Masjid Ash-Shoheh,http://simas.kemenag.go.id/index.php/profil/masjid/288248/,01.3.13.01.03.000159,Masjid Besar,Jl. Pahlawan No. 6 RT 01 RW 01 Kelurahan Karang Asem Barat,1.500 m2,Wakaf,1.250 m2,1920.0,> 200,5,14,5,50,02187913037,,1000.0,-6.4888,106.8813
441,7.0,KAB. GORONTALO,Boliyohuto,Masjid Ar-Rahman,http://simas.kemenag.go.id/index.php/profil/masjid/288147/,01.3.28.01.06.000045,Masjid Besar,Dusun Hulude Yiletu Utara Desa Diloniyohu Kecamatan Boliyohuto Kabupaten Gorontalo Provinsi Gorontalo,1.306 m2,Wakaf,393 m2,1972.0,50 - 100,4,5,4,20,,,300.0,0.5502,123.0717
442,8.0,KAB. TANAH BUMBU,Batu Licin,Masjid Ar-Rahman,http://simas.kemenag.go.id/index.php/profil/masjid/288101/,01.3.22.10.01.000012,Masjid Besar,Desa Karang Indah RT 01 RW 01,10.000 m2,Wakaf,216 m2,1980.0,100 - 150,3,5,5,5,,,400.0,-3.327,114.5895
443,9.0,KAB. BOJONEGORO,Balen,Masjid AL-FALAH,http://simas.kemenag.go.id/index.php/profil/masjid/287992/,01.3.16.22.13.000073,Masjid Besar,Jalan Masjid Al-Falah No.005 Rt. 006 Rw. 001 Desa Balenrejo Kecamatan Balen Kabupaten Bojonegoro,1.134 m2,Wakaf,810 m2,1935.0,> 200,3,10,5,40,082332931763,,2.0,-7.2892,112.7344
444,10.0,KAB. POLEWALI MANDAR,Campalagian,Masjid RAYA CAMPALAGIAN,http://simas.kemenag.go.id/index.php/profil/masjid/287954/,01.3.29.04.02.000001,Masjid Besar,Bonde Desa Bonde Kec.Campalagian Kab.Polewali Mandar,2.010 m2,Wakaf,1.680 m2,1790.0,> 200,2,2,2,45,,,2000.0,-2.6866,118.868
445,11.0,KAB. ROKAN HILIR,Bangko Pusako,Masjid AL-AWWALIN,http://simas.kemenag.go.id/index.php/profil/masjid/287942/,01.3.04.07.10.000040,Masjid Besar,Jl. Lintas Sumatra Km 5 Kepenghuluan Bangko Permata,770 m2,Wakaf,160 m2,1992.0,50 - 100,1,2,2,12,082284496877,,150.0,0.5462,101.4323
446,12.0,KAB. LEBAK,Cibeber,Masjid NURUL IMAN,http://simas.kemenag.go.id/index.php/profil/masjid/287734/,01.3.12.02.19.000008,Masjid Besar,KP. CIKOTOK RT. 01/02 DESA CIKOTOK,2.239 m2,Wakaf,400 m2,1980.0,50 - 100,3,3,3,3,,,100.0,-6.1216,106.1527
447,13.0,KAB. PANDEGLANG,Cikeusik,Masjid NURUL IMAN AL-ASRI,http://simas.kemenag.go.id/index.php/profil/masjid/287727/,01.3.12.01.04.000009,Masjid Besar,KP.TANJUNGAN DESA TANJUNGAN,150 m2,Wakaf,96 m2,1992.0,100 - 150,4,4,6,7,,,200.0,-6.269,106.0428
448,14.0,KAB. MALANG,Bantur,"Masjid "" NURUL HAKIM AL-MUHDHOR """,http://simas.kemenag.go.id/index.php/profil/masjid/287686/,01.3.16.07.03.000148,Masjid Besar,DSN SENGON RT 15 RW 02 DESA PRINGGODANI,132 m2,Wakaf,132 m2,2019.0,50 - 100,5,5,5,11,085335405288,,70.0,-7.2892,112.7344
449,15.0,KAB. PASER,Tanah Grogot,Masjid RAUDHAH,http://simas.kemenag.go.id/index.php/profil/masjid/287684/,01.3.23.01.04.000034,Masjid Besar,JL.JEMBATAN GANTUNG DESA TANAH PERIUK,742 m2,Wakaf,268 m2,1967.0,> 200,4,37,7,8,081347672160/08125375502,,750.0,-0.5022,117.1538
450,16.0,KAB. GARUT,Samarang,Masjid Al-Fatihi,http://simas.kemenag.go.id/index.php/profil/masjid/287679/,01.3.13.05.07.000104,Masjid Besar,Kp. Pamulihan Rt 04 Rw 06 Ds. Samarang,560 m2,SHM,140 m2,2015.0,50 - 100,3,-,2,10,081222547535 / H. Toto Hartono,,200.0,-6.9152,107.6035
451,17.0,KAB. ROKAN HILIR,Bangko,Masjid TAQWA MUHAMMADIYAH,http://simas.kemenag.go.id/index.php/profil/masjid/287678/,01.3.04.07.02.000019,Masjid Besar,JL. Pelabuhan Hulu Rt 009 Rw 003 Kelurahan Bagan Hulu,1.443 m2,Wakaf,340 m2,1954.0,150 - 200,4,10,4,35,081378678738/085365196728,,300.0,0.5462,101.4323
452,18.0,KAB. PASURUAN,Prigen,Masjid AL-FIRDAUS,http://simas.kemenag.go.id/index.php/profil/masjid/287607/,01.3.16.14.10.000016,Masjid Besar,Jl. Raya Prigen Barat No.21 Kelurahan Prigen,550 m2,Wakaf,350 m2,2001.0,> 200,5,5,5,20,085257734641,,400.0,-7.2892,112.7344
453,19.0,KAB. TANAH LAUT,Kintap,"Masjid ""Al-Ikhlas""",http://simas.kemenag.go.id/index.php/profil/masjid/287414/,01.3.22.01.07.000031,Masjid Besar,Jl. A Yani Rt. 03 Desa Kintapura,600 m2,Wakaf,750 m2,1995.0,150 - 200,1,1,-,-,085391877013,,200.0,-1.8015,116.1475
454,20.0,KAB. PANDEGLANG,Sukaresmi,Masjid AL-MUKHLISIN,http://simas.kemenag.go.id/index.php/profil/masjid/286913/,01.3.12.01.29.000029,Masjid Besar,Jl.Labuan -Panimbang RT001/003 Ds. Sidamukti,1.200 m2,Wakaf,400 m2,1975.0,150 - 200,7,7,6,42,,,220.0,-6.3221,106.1211
455,21.0,KAB. PANDEGLANG,Banjar,Masjid NURUL IMAN,http://simas.kemenag.go.id/index.php/profil/masjid/286679/,01.3.12.01.20.000004,Masjid Besar,KP. KADUGEDONG RT/RW. 002/001,1.500 m2,Wakaf,1.000 m2,1941.0,100 - 150,5,5,3,150,0,,300.0,-1.8015,116.1475
456,22.0,KAB. PANDEGLANG,Cikedal,Masjid AL-IJABAH,http://simas.kemenag.go.id/index.php/profil/masjid/286542/,01.3.12.01.26.000004,Masjid Besar,KP. CIKEUTAR RT.002/003 DESA CIPICUNG,1.000 m2,Wakaf,500 m2,1940.0,> 200,5,5,5,20,,,300.0,-6.1216,106.1527
457,23.0,KAB. PANDEGLANG,Pagelaran,Masjid NURUL HUDA,http://simas.kemenag.go.id/index.php/profil/masjid/286500/,01.3.12.01.09.000007,Masjid Besar,KP. PASAR PAGELARAN DESA PANDEGLANG,492 m2,Wakaf,352 m2,1945.0,150 - 200,6,5,8,35,,,200.0,-6.5132,105.9734
458,24.0,KAB. LEBAK,Cileles,Masjid AL-IKHLAS,http://simas.kemenag.go.id/index.php/profil/masjid/286308/,01.3.12.02.10.000015,Masjid Besar,KP. KAUM DESA CILELES,800 m2,Wakaf,660 m2,1910.0,> 200,5,5,4,-,-,,350.0,-1.8015,116.1475
459,25.0,KAB. PAHUWATO,Duhiadaa,Masjid Baiturrahman,http://simas.kemenag.go.id/index.php/profil/masjid/286186/,01.3.28.04.10.000018,Masjid Besar,Desa Buntulia Barat Dusun Hiasan 1 Kec. Duhiadaa Kab. Pohuwato,1.800 m2,SHM,196 m2,2013.0,150 - 200,2,4,4,25,085298180348,,400.0,-1.8015,116.1475
460,26.0,KAB. MINAHASA TENGGARA,Ratatotok,Masjid BAITULSALAM,http://simas.kemenag.go.id/index.php/profil/masjid/286146/,01.3.24.07.04.000005,Masjid Besar,Desa Ratatotok,1.409 m2,Girik,2.021 m2,1968.0,> 200,1,5,5,50,082347109913,,500.0,0.8726,124.7017
461,27.0,KAB. MALANG,Bantur,Masjid SABILIL MUTTAQIN,http://simas.kemenag.go.id/index.php/profil/masjid/285880/,01.3.16.07.03.000143,Masjid Besar,DSN.GUMUK MAS RT.035/006 DS.KARANGSARI,600 m2,Wakaf,500 m2,1987.0,150 - 200,5,5,5,20,085102095999,,200.0,-7.2892,112.7344
462,28.0,KAB. MALANG,Bantur,Masjid ANNUR,http://simas.kemenag.go.id/index.php/profil/masjid/285749/,01.3.16.07.03.000141,Masjid Besar,KRAJAN RT.005/001 DESA BANDUNGREJO,345 m2,Wakaf,195 m2,1951.0,50 - 100,5,4,4,13,085855311013,,300.0,-7.2892,112.7344
463,29.0,KAB. TANAH LAUT,Pelaihari,Masjid SYUHADA,http://simas.kemenag.go.id/index.php/profil/masjid/285708/,01.3.22.01.03.000039,Masjid Besar,Jl. Taqwa Kel. Pelaihari Kec. Pelaihari Kab. Tanah Laut,-,Wakaf,-,19.0,150 - 200,-,-,-,-,,FOTO ADA,1000.0,-3.327,114.5895
464,30.0,KAB. BREBES,Ketanggungan,Masjid Baitul Muttaqin,http://simas.kemenag.go.id/index.php/profil/masjid/285658/,01.3.14.29.16.000061,Masjid Besar,desa dukuh tengah rt.01 rw.05 gintung kec.ketanggungan kab.brebes,1.145 m2,Wakaf,304 m2,2019.0,50 - 100,5,5,5,20,087730283197,,600.0,-6.9714,110.4255
465,31.0,KOTA BANDAR LAMPUNG,Telukbetung Timur,Masjid Muhajirin,http://simas.kemenag.go.id/index.php/profil/masjid/285634/,01.3.08.13.19.000014,Masjid Besar,Jalan Teluk Bone n0 58 Suka Banjar Kelurahan Kota Karang,617 m2,Wakaf,150 m2,1985.0,> 200,4,4,4,40,081273365583,,300.0,-1.8015,116.1475
466,32.0,KOTA BANDAR LAMPUNG,Telukbetung Timur,Masjid Nurul Huda,http://simas.kemenag.go.id/index.php/profil/masjid/285631/,01.3.08.13.19.000012,Masjid Besar,Jalan RE. Martadinata Kampung Kedaung RT.05 Kelurahan Sukamaju,650 m2,Wakaf,488 m2,1978.0,> 200,4,4,4,40,082181030388,,300.0,-1.8015,116.1475
467,33.0,KAB. PEMALANG,Pemalang,Masjid AGUNG NURUL KALAM  PEMALANG,http://simas.kemenag.go.id/index.php/profil/masjid/285630/,01.3.14.27.08.000107,Masjid Besar,Alun -Alun KOTA Pemalang,7.000 m2,Wakaf,5.000 m2,1930.0,150 - 200,6,12,3,100,0284323000,,1000.0,-1.8015,116.1475
468,34.0,KOTA BANDAR LAMPUNG,Telukbetung Timur,Masjid Jamiatul Islamiyah,http://simas.kemenag.go.id/index.php/profil/masjid/285629/,01.3.08.13.19.000011,Masjid Besar,Jalan RE. Martadinata RT.02 Kelurahan Sukamaju,315 m2,Wakaf,270 m2,1960.0,> 200,4,4,4,40,081373636140,,300.0,-1.8015,116.1475
469,35.0,KOTA BANDAR LAMPUNG,Telukbetung Timur,Masjid Darul Hikmah,http://simas.kemenag.go.id/index.php/profil/masjid/285610/,01.3.08.13.19.000007,Masjid Besar,Jalan RE. Martadinata RT.04 Kelurahan Way Tataan,325 m2,Wakaf,275 m2,1974.0,150 - 200,2,2,2,35,-,,200.0,-1.8015,116.1475
470,36.0,KOTA BANDAR LAMPUNG,Telukbetung Timur,Masjid Nurul Iman,http://simas.kemenag.go.id/index.php/profil/masjid/285608/,01.3.08.13.19.000006,Masjid Besar,Jalan RE. Martadinata Kampung Sukamina PPI RT.06 Kelurahan Way Tataan,126 m2,Wakaf,96 m2,1980.0,100 - 150,2,2,2,30,-,,150.0,-1.8015,116.1475
471,37.0,KOTA BANDAR LAMPUNG,Telukbetung Timur,Masjid Nurul 'Aini,http://simas.kemenag.go.id/index.php/profil/masjid/285607/,01.3.08.13.19.000005,Masjid Besar,Jalan RE. Martadinata RT.02 Kelurahan Sukamaju,333 m2,Wakaf,280 m2,1950.0,150 - 200,4,4,2,40,081369992978,,200.0,-1.8015,116.1475
472,38.0,KOTA BANDAR LAMPUNG,Telukbetung Timur,Masjid At-Taqwa,http://simas.kemenag.go.id/index.php/profil/masjid/285603/,01.3.08.13.19.000004,Masjid Besar,Jalan Sulaiman 2 Kampung Sinar Mulya Kelurahan Keteguhan,458 m2,Wakaf,380 m2,1992.0,> 200,4,2,2,30,08117206266,,300.0,-1.8015,116.1475
473,39.0,KOTA BANDAR LAMPUNG,Telukbetung Timur,Masjid An-Nur,http://simas.kemenag.go.id/index.php/profil/masjid/285596/,01.3.08.13.19.000003,Masjid Besar,Jalan Teluk Bone II Sinar Laut Kelurahan Kota Karang Raya,180 m2,Wakaf,140 m2,2004.0,100 - 150,2,2,2,30,081299029697,,200.0,-1.8015,116.1475
474,40.0,KAB. MALANG,Tumpang,Masjid AL-HIDAYAH,http://simas.kemenag.go.id/index.php/profil/masjid/285590/,01.3.16.07.16.000064,Masjid Besar,Dsn. Glanggang Rt. 22 Rw. 08 Desa Slamet Kecamatan Tumpang,435 m2,Wakaf,435 m2,1999.0,50 - 100,5,-,-,30,--,,400.0,-1.8015,116.1475
475,41.0,KOTA BANDAR LAMPUNG,Telukbetung Timur,Masjid Baitul Muawwanah,http://simas.kemenag.go.id/index.php/profil/masjid/285589/,01.3.08.13.19.000002,Masjid Besar,Jalan Kelurahan RT.03 LK.III Kelurahan Perwata,495 m2,Wakaf,360 m2,1990.0,> 200,2,4,2,40,0811790966,,300.0,-1.8015,116.1475
476,42.0,KOTA BANDAR LAMPUNG,Telukbetung Timur,Masjid Miftahul Jannah,http://simas.kemenag.go.id/index.php/profil/masjid/285586/,01.3.08.13.19.000001,Masjid Besar,Jalan RE. Martadinata Gang M. Said Kelurahan Keteguhan,652 m2,Wakaf,400 m2,1990.0,> 200,4,4,4,50,082185239991,,300.0,-5.2424,104.3075
477,43.0,KOTA BANDAR LAMPUNG,Sukarame,Masjid AL-HIDAYAH,http://simas.kemenag.go.id/index.php/profil/masjid/285579/,01.3.08.13.02.000039,Masjid Besar,JL. PULAU SERIBU WAYDADI,309 m2,Wakaf,300 m2,1995.0,50 - 100,4,8,3,40,081341040964,,150.0,-1.8015,116.1475
478,44.0,KOTA BANDAR LAMPUNG,Sukarame,Masjid AL-ANSOR,http://simas.kemenag.go.id/index.php/profil/masjid/285575/,01.3.08.13.02.000038,Masjid Besar,JL. PULAU DAMAR WAYDADI,1.400 m2,SHM,1.300 m2,1980.0,50 - 100,4,8,4,45,,,150.0,-1.8015,116.1475
479,45.0,KOTA BANDAR LAMPUNG,Sukarame,Masjid AL-BAROKAH,http://simas.kemenag.go.id/index.php/profil/masjid/285571/,01.3.08.13.02.000037,Masjid Besar,JL. AL-BAROKAH /JL. PULAU SERIBU WAYDADI,1.400 m2,SHM,1.200 m2,1989.0,100 - 150,4,10,2,40,,,200.0,-1.8015,116.1475
480,46.0,KOTA BANDAR LAMPUNG,Sukarame,Masjid AT-TAQWA,http://simas.kemenag.go.id/index.php/profil/masjid/285567/,01.3.08.13.02.000036,Masjid Besar,JL. AT-TAQWA KELURAHAN WAYDADI,1.400 m2,SHM,1.200 m2,1980.0,50 - 100,6,15,3,25,081369354842,,200.0,-1.8015,116.1475
481,47.0,KAB. PASER,Long Kali,Masjid Nurul Ijtihad,http://simas.kemenag.go.id/index.php/profil/masjid/285538/,01.3.23.01.08.000005,Masjid Besar,Jl. Raya Propinsi Km.65 Rt.14 Kel. Long Kali Kecamatan Long Kali Kab. Paser Kaltim,3.267 m2,Wakaf,1.089 m2,1985.0,150 - 200,2,5,4,25,085345772000,,200.0,-0.5128,116.967
482,48.0,KAB. PACITAN,Bandar,Masjid Nurul Yakin,http://simas.kemenag.go.id/index.php/profil/masjid/285377/,01.3.16.01.08.000052,Masjid Besar,Rt.01/Rw.15  Salam,90 m2,Wakaf,63 m2,2003.0,50 - 100,3,5,5,35,-,,75.0,-1.8015,116.1475
483,49.0,KOTA SUNGAI PENUH,Sungai Penuh,Masjid BAITUN NUR,http://simas.kemenag.go.id/index.php/profil/masjid/285363/,01.3.05.11.01.000023,Masjid Besar,DUSUN BATU PANJANG DESA SUNGAI JERNIH,375 m2,Wakaf,286 m2,1954.0,100 - 150,4,32,15,168,085369137337,,200.0,-2.0732,101.3847
484,50.0,KAB. OKU TIMUR,Martapura,Masjid SABILIL MUTTAQIN,http://simas.kemenag.go.id/index.php/profil/masjid/285344/,01.3.06.08.01.000073,Masjid Besar,Kotabaru Selatan,3.131 m2,Wakaf,729 m2,2018.0,> 200,5,3,2,15,,,1000.0,-1.8015,116.1475
485,51.0,KAB. MALANG,Sumberpucung,Masjid AL-ISHLAH,http://simas.kemenag.go.id/index.php/profil/masjid/285339/,01.3.16.07.12.000046,Masjid Besar,Jl. Panglima Sudirman No. 92 RT/RW 12/01 Desa Sumberpucung,2.640 m2,Wakaf,875 m2,1950.0,> 200,7,11,3,20,(0341) 9338529 / 081330429436,,1500.0,-7.2892,112.7344
486,52.0,KAB. MALANG,Bantur,Masjid AS-SYAFI'I,http://simas.kemenag.go.id/index.php/profil/masjid/285261/,01.3.16.07.03.000139,Masjid Besar,Dusun Krajan RT.20/06 Krajan Rejosari,200 m2,Wakaf,135 m2,1972.0,150 - 200,12,8,5,67,-,,200.0,-7.2892,112.7344
487,53.0,KAB. PATI,Juwana,Masjid Al-Mukarromah,http://simas.kemenag.go.id/index.php/profil/masjid/284897/,01.3.14.18.08.000040,Masjid Besar,Jl. P Diponegoro No. 1 Kauman Juwana pati,1.000 m2,Wakaf,800 m2,1935.0,> 200,10,10,1,100,,,500.0,-1.8015,116.1475
488,54.0,KAB. ENREKANG,Buntu Batu,Masjid AL-ANSHAR,http://simas.kemenag.go.id/index.php/profil/masjid/284809/,01.3.26.16.10.000029,Masjid Besar,PASUI DESA PASUI,1.089 m2,Wakaf,961 m2,1952.0,50 - 100,2,5,2,20,085256204349,,1000.0,-1.8015,116.1475
489,55.0,KAB. PASER,Long Ikis,Masjid AL-MUKARRAM,http://simas.kemenag.go.id/index.php/profil/masjid/284796/,01.3.23.01.06.000007,Masjid Besar,Jl. Kutilang RT. 08 Desa Kayungo Sari,-,Wakaf,-,1988.0,> 200,4,6,5,-,0,,600.0,-0.5022,117.1538
490,56.0,KAB. TAPANULI TENGAH,Pandan,Masjid Darussalam,http://simas.kemenag.go.id/index.php/profil/masjid/284603/,01.3.02.01.03.000038,Masjid Besar,Jalan Prof. Mr. M. Hazairin No. 36 Kel. Sibuluan Terpadu Kec. Pandan,1.560 m2,Wakaf,1.000 m2,2018.0,150 - 200,2,10,2,70,,,300.0,1.6959,98.8239
491,57.0,KAB. SEMARANG,Banyubiru,Masjid AT- TAQWA,http://simas.kemenag.go.id/index.php/profil/masjid/284584/,01.3.14.22.07.000105,Masjid Besar,DUSUN KRAJAN RT 01 RW 01 DESA SEPAKUNG,1.435 m2,Wakaf,870 m2,2000.0,150 - 200,4,4,3,50,,,200.0,-1.8015,116.1475
492,58.0,KOTA ADM. JAKARTA SELATAN,Pancoran,Masjid Al-Mujtamiin,http://simas.kemenag.go.id/index.php/profil/masjid/284146/,01.3.11.06.08.000041,Masjid Besar,Jl. Kalibata Tengah Rt008/Rw003 Kelurahan Kalibata,580 m2,Wakaf,400 m2,1950.0,50 - 100,3,2,3,80,021 7984340,,700.0,-6.2115,106.8452
493,59.0,KOTA ADM. JAKARTA SELATAN,Pancoran,Masjid Ashsholihin,http://simas.kemenag.go.id/index.php/profil/masjid/283962/,01.3.11.06.08.000040,Masjid Besar,Jl. Triloka Komp.TNI AU Rt001/04 Kelurahan Pancoran,1.000 m2,Wakaf,500 m2,1975.0,50 - 100,3,3,2,70,085692732020,,1000.0,-1.8015,116.1475
494,60.0,KOTA ADM. JAKARTA SELATAN,Pancoran,Masjid Ahmad Al-Amin,http://simas.kemenag.go.id/index.php/profil/masjid/283961/,01.3.11.06.08.000039,Masjid Besar,Jl. Guru Alip Rt004/06 Kelurahan Duren Tiga,200 m2,Wakaf,200 m2,2000.0,50 - 100,3,4,2,80,0816852394,,400.0,-1.8015,116.1475
495,61.0,KOTA ADM. JAKARTA SELATAN,Pancoran,Masjid Al-Mujahidin,http://simas.kemenag.go.id/index.php/profil/masjid/283960/,01.3.11.06.08.000038,Masjid Besar,Jl. Kalibata Utara II Rt012/002 Kelurahan Kalibata,1.872 m2,Wakaf,1.000 m2,1960.0,50 - 100,4,3,3,80,081281751050,,2000.0,-1.8015,116.1475
496,62.0,KOTA ADM. JAKARTA SELATAN,Pancoran,Masjid Nurul Iman,http://simas.kemenag.go.id/index.php/profil/masjid/283957/,01.3.11.06.08.000037,Masjid Besar,Gg. Asem Rt 001/001 Kelurahan Duren Tiga,300 m2,Wakaf,300 m2,1957.0,50 - 100,2,3,2,70,02179193043,,700.0,-1.8015,116.1475
497,63.0,KOTA ADM. JAKARTA SELATAN,Pancoran,Masjid Al-Hidayah,http://simas.kemenag.go.id/index.php/profil/masjid/283955/,01.3.11.06.08.000036,Masjid Besar,Jl. Potlot Rt001/03 Kelurahan Duren Tiga,561 m2,Wakaf,561 m2,1957.0,50 - 100,2,3,2,70,085771641833,,800.0,-1.8015,116.1475
498,64.0,KOTA ADM. JAKARTA SELATAN,Pancoran,Masjid Al-Falah,http://simas.kemenag.go.id/index.php/profil/masjid/283954/,01.3.11.06.08.000035,Masjid Besar,Jl. Pertanian Rt006/03 Kelurahan Duren Tiga,550 m2,Wakaf,500 m2,1980.0,50 - 100,2,3,2,70,08123571490,,800.0,-6.2115,106.8452
499,65.0,KOTA ADM. JAKARTA SELATAN,Pancoran,Masjid Darussalam,http://simas.kemenag.go.id/index.php/profil/masjid/283950/,01.3.11.06.08.000034,Masjid Besar,"Jl.Sarinah 1, Pancoran Timur II-D Rt012/02 Kelurahan Pancoran",268 m2,Wakaf,268 m2,1992.0,50 - 100,2,4,2,80,,,700.0,-1.8015,116.1475
500,66.0,KOTA ADM. JAKARTA SELATAN,Pancoran,Masjid Nurul Amaliyah,http://simas.kemenag.go.id/index.php/profil/masjid/283949/,01.3.11.06.08.000033,Masjid Besar,Jl. Rawajati Barat II Rt008/04 Kelurahan Rawajati,200 m2,Wakaf,200 m2,1991.0,50 - 100,5,3,3,50,08,,700.0,-6.2115,106.8452
501,67.0,KAB. ENREKANG,Alla,Masjid nurul huda belajen yayasan amal bakti muslim pancasila,http://simas.kemenag.go.id/index.php/profil/masjid/283874/,01.3.26.16.05.000017,Masjid Besar,belajen barat kel. kambiolangi kec. alla,1.737 m2,Wakaf,740 m2,1997.0,> 200,1,4,2,15,,,1000.0,-5.1463,119.4001
502,68.0,KAB. KARANGANYAR,Jaten,Masjid Mujahidin,http://simas.kemenag.go.id/index.php/profil/masjid/283856/,01.3.14.13.11.000087,Masjid Besar,jaten Rt.02/13,500 m2,Girik,500 m2,1995.0,50 - 100,5,5,2,40,,,200.0,-1.8015,116.1475
503,69.0,KAB. LOMBOK UTARA,Gangga,Masjid JIHADUL MUHAJIRIN,http://simas.kemenag.go.id/index.php/profil/masjid/283791/,01.3.18.08.02.000039,Masjid Besar,DUSUN TEMPOS KUJUR DESA GENGGELANG,700 m2,Wakaf,225 m2,2009.0,100 - 150,2,4,2,50,082340179471,1. Untuk mewujudkan sarana iba…,200.0,-1.8015,116.1475
504,70.0,KAB. TELUK BINTUNI,Meyado,Masjid Al-Muhajirin,http://simas.kemenag.go.id/index.php/profil/masjid/283699/,01.3.33.09.23.000001,Masjid Besar,Vaskodanem Stennkol III,2.520 m2,Girik,110 m2,2009.0,100 - 150,2,3,2,10,,,150.0,-1.8015,116.1475
505,71.0,KAB. MALANG,Gondanglegi,Masjid KH. AHMAD ZAMACHSYARI,http://simas.kemenag.go.id/index.php/profil/masjid/283674/,01.3.16.07.10.000069,Masjid Besar,JL RAYA KETAWANG NO 2 DESA KETAWANG,13.855 m2,Wakaf,5.000 m2,2000.0,> 200,5,5,-,-,081615736249,,5000.0,-7.2892,112.7344
506,72.0,KAB. MALANG,Tumpang,Masjid Al-Hurriyyah Tumpang,http://simas.kemenag.go.id/index.php/profil/masjid/283662/,01.3.16.07.16.000059,Masjid Besar,Jl. Raya No. 20 Tumpang,2.000 m2,Wakaf,1.500 m2,1950.0,> 200,10,10,2,30,0341-789706 / 081216301970,,1500.0,-7.2892,112.7344
507,73.0,KAB. PASAMAN BARAT,Sungai Beremas,Masjid ISTIQOMAH,http://simas.kemenag.go.id/index.php/profil/masjid/283595/,01.3.03.12.01.000005,Masjid Besar,JORONG PASAR POKAN NAGARI AIR BANGIS,1.993 m2,Wakaf,2.256 m2,1993.0,50 - 100,3,5,2,35,081270151648,BANGUNAN INI MEMILIKI CORAK BE…,700.0,-1.8015,116.1475
508,74.0,KAB. LOMBOK TENGAH,Batukliang Utara,Masjid Al- Ikhlas,http://simas.kemenag.go.id/index.php/profil/masjid/283459/,01.3.18.02.12.000093,Masjid Besar,Pediti Teratak,35 m2,Wakaf,25 m2,1960.0,> 200,5,3,5,50,081916886166,,500.0,-8.589,116.1304
509,75.0,KOTA BANDAR LAMPUNG,Kedamaian,Masjid Darul Hikmah,http://simas.kemenag.go.id/index.php/profil/masjid/283373/,01.3.08.13.18.000021,Masjid Besar,Jl.P.Antasari GG. Langgar LK.I Kel.Kedamaian,200 m2,Wakaf,170 m2,1997.0,50 - 100,4,4,3,25,,,150.0,-1.8015,116.1475
510,76.0,KOTA BANDAR LAMPUNG,Kedamaian,Masjid Al Hidayah,http://simas.kemenag.go.id/index.php/profil/masjid/283372/,01.3.08.13.18.000020,Masjid Besar,Jl P Antasari LK 1  Kel. Kedamaian,220 m2,Wakaf,200 m2,1986.0,100 - 150,4,4,4,25,082375652999,,300.0,-1.8015,116.1475
511,77.0,KOTA BANDAR LAMPUNG,Kedamaian,Masjid Al Muhajirin,http://simas.kemenag.go.id/index.php/profil/masjid/283370/,01.3.08.13.18.000018,Masjid Besar,Jl. P. Antasari Gg. P. Kelagian LK 2 Kel. Kedamaian,729 m2,Wakaf,500 m2,1985.0,150 - 200,4,4,4,40,085267552176,,200.0,-1.8015,116.1475
512,78.0,KOTA BANDAR LAMPUNG,Kedamaian,Masjid Ukhuwatul Islam,http://simas.kemenag.go.id/index.php/profil/masjid/283369/,01.3.08.13.18.000017,Masjid Besar,Jl. P. Antasari Gg. Mulya Jaya LK 1 Kel. Kedamaian,306 m2,Wakaf,300 m2,1971.0,150 - 200,4,4,4,40,085279360004,,200.0,-1.8015,116.1475
513,79.0,KOTA BANDAR LAMPUNG,Kedamaian,Masjid Al Ishlah,http://simas.kemenag.go.id/index.php/profil/masjid/283368/,01.3.08.13.18.000016,Masjid Besar,Jl. Putri Balaw Kelurahan Kedamaian,600 m2,Wakaf,500 m2,1968.0,150 - 200,4,4,4,40,081273509144,,200.0,-1.8015,116.1475
514,80.0,KAB. SUBANG,Pamanukan,Masjid AL-MUKHLISIN,http://simas.kemenag.go.id/index.php/profil/masjid/283327/,01.3.13.13.11.000020,Masjid Besar,JLN EYANG TIRTAFRAJA,-,Wakaf,-,1983.0,100 - 150,4,4,4,20,,,400.0,-6.9152,107.6035
515,81.0,KAB. TOLI TOLI,Dako Pemean,Masjid BAITURRAHMAN,http://simas.kemenag.go.id/index.php/profil/masjid/283271/,01.3.25.04.10.000009,Masjid Besar,JLN. TRANS SULAWESI DESA GALUMPANG,680 m2,Wakaf,430 m2,1986.0,150 - 200,1,1,1,-,,,200.0,-0.8984,119.8591
516,82.0,KOTA BANDAR LAMPUNG,Kedamaian,Masjid Alma'rij,http://simas.kemenag.go.id/index.php/profil/masjid/283245/,01.3.08.13.18.000014,Masjid Besar,Jl.Bakau  Kelurahan Tanjung Raya,400 m2,Wakaf,300 m2,1979.0,> 200,4,8,4,12,,,500.0,-5.4244,105.2766
517,83.0,KAB. ACEH SELATAN,Trumon Timur,Masjid Baitul Quddus,http://simas.kemenag.go.id/index.php/profil/masjid/283184/,01.3.01.01.16.000019,Masjid Besar,Jl. Tapaktuan- Subulussalam Gp. Krueng Luas,8.353 m2,SHM,900 m2,2017.0,> 200,3,2,2,10,085296829009,,1200.0,5.5436,95.3229
518,84.0,KOTA TANGERANG,Cipondoh,Masjid KHOIORUL HUDA,http://simas.kemenag.go.id/index.php/profil/masjid/283107/,01.3.12.05.05.000051,Masjid Besar,JL. AGUS SALIM RT. 001/006 KEL. PORIS PLAWAD,500 m2,Wakaf,450 m2,1968.0,> 200,4,10,4,30,085885786183,,1000.0,-1.8015,116.1475
519,85.0,KAB. KOTAWARINGIN TIMUR,Tualan Hulu,Masjid Al-Mujahidin,http://simas.kemenag.go.id/index.php/profil/masjid/282978/,01.3.21.02.16.000026,Masjid Besar,Desa Wonosari Rt. 10 Rw 03,5.000 m2,Wakaf,196 m2,2012.0,> 200,4,5,5,40,081352887166,,300.0,-1.8015,116.1475
520,86.0,KAB. SUKABUMI,Cidadap,Masjid MIFTAHUL IZZAH,http://simas.kemenag.go.id/index.php/profil/masjid/282775/,01.3.13.02.44.000109,Masjid Besar,Kp. Cibarengkok Rt. 08/05 Desa Cidadap,700 m2,SHM,400 m2,2001.0,150 - 200,5,5,4,25,-,,250.0,-1.8015,116.1475
521,87.0,KAB. GARUT,Pameungpeuk,Masjid ISTIQOMAH,http://simas.kemenag.go.id/index.php/profil/masjid/282719/,01.3.13.05.27.000055,Masjid Besar,KP. KAUM TENGAH DS. PAMEUNGPEUK,1.605 m2,SHM,450 m2,1810.0,> 200,5,5,2,50,'085324766660,,600.0,-11.0811,113.4922
522,88.0,KAB. BANDUNG,Cimaung,Masjid BESAR CIMAUNG,http://simas.kemenag.go.id/index.php/profil/masjid/282702/,01.3.13.04.13.000230,Masjid Besar,KP. SUKADANA DS. CIMAUNG KEC. CIMAUNG KAB. BANDUNG,2.000 m2,Wakaf,1.500 m2,2000.0,> 200,6,10,5,35,,,500.0,-6.9152,107.6035
523,89.0,KAB. KOLAKA TIMUR,Loea,Masjid NURUL JIHAD,http://simas.kemenag.go.id/index.php/profil/masjid/282675/,01.3.27.13.02.000001,Masjid Besar,LINK. IV KEL. LOEA,2.500 m2,Wakaf,625 m2,1987.0,50 - 100,2,3,1,15,082336180083,,600.0,-4.0866,121.8895
524,90.0,KAB. PATI,Jakenan,Masjid AT-TAQWA,http://simas.kemenag.go.id/index.php/profil/masjid/282617/,01.3.14.18.09.000035,Masjid Besar,"RT 02 RW 03, DS TAMBAHMULYO, JAKENAN, PATI, JAWA TENGAH",425 m2,Wakaf,140 m2,2002.0,100 - 150,5,5,5,10,,,300.0,-1.8015,116.1475
525,91.0,KAB. PATI,Jakenan,Masjid AL-MUBAROKAH,http://simas.kemenag.go.id/index.php/profil/masjid/282615/,01.3.14.18.09.000034,Masjid Besar,"DS TAMBAH MULYO, JAKENAN, PATI, JAWA TENGAH",-,SHM,180 m2,2009.0,50 - 100,5,5,5,15,,,300.0,-1.8015,116.1475
526,92.0,KAB. PURWOREJO,Butuh,Masjid Jannatunna'im,http://simas.kemenag.go.id/index.php/profil/masjid/282520/,01.3.14.06.10.000066,Masjid Besar,Rt.02 Rw.02  Desa  Dlangu,1.241 m2,Wakaf,600 m2,0.0,> 200,4,3,4,40,0,,300.0,-1.8015,116.1475
527,93.0,KAB. NUNUKAN,Sebatik Utara,Masjid Al-Aqsa,http://simas.kemenag.go.id/index.php/profil/masjid/282359/,01.3.34.02.11.000013,Masjid Besar,Rt. 09 Desa Aji Kuning Kec. Sebatik Tengah,2.400 m2,Wakaf,576 m2,1996.0,50 - 100,2,8,6,30,081250760144,,360.0,-1.8015,116.1475
528,94.0,KAB. ENREKANG,Enrekang,Masjid TAQWA MUHAMMADIYAH,http://simas.kemenag.go.id/index.php/profil/masjid/282207/,01.3.26.16.02.000089,Masjid Besar,JALAN HOS COKROAMINOTO ENREKANG,1.480 m2,Wakaf,1.200 m2,1965.0,> 200,3,3,2,35,085242327527,,1000.0,-3.7115,119.8808
529,95.0,KAB. BOGOR,Cigudeg,Masjid NURUL IMAN,http://simas.kemenag.go.id/index.php/profil/masjid/281886/,01.3.13.01.22.000025,Masjid Besar,KOMPLEK PTP N VIII CIKASUNGKA KM. 33 RT 001/005 DESA CIGUDEG,1.334 m2,SHM,324 m2,2017.0,50 - 100,3,5,5,20,-,,250.0,-6.9152,107.6035
530,96.0,KAB. KATINGAN,Katingan Hilir,Masjid AL-ANSHOR,http://simas.kemenag.go.id/index.php/profil/masjid/281880/,01.3.21.06.02.000016,Masjid Besar,"JL. KASONGAN SAMPIT KM. 13,5 DESA TELANGKAH",1.870 m2,Wakaf,512 m2,2015.0,50 - 100,5,6,4,30,082151441444,,500.0,-2.2242,113.9423
531,97.0,KAB. LANGKAT,Tanjung Pura,Masjid BAITUL RAHMAN,http://simas.kemenag.go.id/index.php/profil/masjid/281872/,01.3.02.05.11.000060,Masjid Besar,"DUSUN PEMATANG RAMBAI, PANTAI CERMIN",598 m2,Wakaf,156 m2,2000.0,50 - 100,2,2,4,30,085362106036,,144.0,3.5852,98.6756
532,98.0,KAB. KARIMUN,Durai,Masjid NURUL HUDA,http://simas.kemenag.go.id/index.php/profil/masjid/281680/,01.3.10.02.09.000013,Masjid Besar,KAMPUNG TENGAH RT 003 RW 002 DESA TELAGA TUJUH,5.200 m2,SHM,480 m2,2018.0,50 - 100,5,12,5,23,08126116195,,600.0,0.8356,102.6717
533,99.0,KAB. LUMAJANG,Lumajang,Masjid Al-Chairat,http://simas.kemenag.go.id/index.php/profil/masjid/281658/,01.3.16.08.10.000111,Masjid Besar,Rogotrunan RT.01 RW.03,200 m2,Wakaf,200 m2,1966.0,50 - 100,3,2,-,-,,,50.0,-1.8015,116.1475
534,100.0,KAB. LUMAJANG,Lumajang,Masjid Baitur Makmur,http://simas.kemenag.go.id/index.php/profil/masjid/281657/,01.3.16.08.10.000110,Masjid Besar,Rogotrunan RT.05 RW.12,150 m2,Wakaf,120 m2,1995.0,50 - 100,2,1,-,-,,,50.0,-1.8015,116.1475
535,101.0,KAB. JEPARA,Mlonggo,Masjid Baiturrohman Jambu,http://simas.kemenag.go.id/index.php/profil/masjid/281631/,01.3.14.20.07.000055,Masjid Besar,"Jambu, Rt.39/08 Mlonggo Jepara",3.660 m2,Wakaf,2.700 m2,1935.0,> 200,5,6,2,42,085335839705,,1000.0,-6.9714,110.4255
536,102.0,KAB. LUMAJANG,Lumajang,Masjid Ribatus Sholihin,http://simas.kemenag.go.id/index.php/profil/masjid/281624/,01.3.16.08.10.000109,Masjid Besar,Denok RT.04 RW.05,555 m2,Wakaf,272 m2,2005.0,50 - 100,1,2,-,-,,,50.0,-1.8015,116.1475
537,103.0,KAB. LUMAJANG,Lumajang,Masjid Baitur Rahman,http://simas.kemenag.go.id/index.php/profil/masjid/281615/,01.3.16.08.10.000108,Masjid Besar,Blukon RT.06 RW.02,250 m2,Wakaf,210 m2,1962.0,50 - 100,3,2,-,-,,,75.0,-1.8015,116.1475
538,104.0,KAB. LUMAJANG,Lumajang,Masjid Al-Itqon,http://simas.kemenag.go.id/index.php/profil/masjid/281604/,01.3.16.08.10.000107,Masjid Besar,Citrodiwangsan RT.02 RW.14,2.000 m2,Wakaf,2.000 m2,1967.0,100 - 150,5,2,3,-,,,150.0,-1.8015,116.1475
539,105.0,KAB. LUMAJANG,Lumajang,Masjid Al-Huda,http://simas.kemenag.go.id/index.php/profil/masjid/281602/,01.3.16.08.10.000106,Masjid Besar,Citrodiwangsan RT. 03 RW.04,2.400 m2,Wakaf,2.400 m2,2000.0,100 - 150,5,2,1,-,,,200.0,-1.8015,116.1475
540,106.0,KAB. LUMAJANG,Lumajang,Masjid Awwabin,http://simas.kemenag.go.id/index.php/profil/masjid/281601/,01.3.16.08.10.000105,Masjid Besar,Citrodiwangsan RT.02 RW.06,400 m2,Wakaf,340 m2,1989.0,50 - 100,3,2,-,-,,,50.0,-1.8015,116.1475
541,107.0,KOTA SUNGAI PENUH,Sungai Penuh,Masjid BAITURRAHMAN,http://simas.kemenag.go.id/index.php/profil/masjid/281587/,01.3.05.11.01.000021,Masjid Besar,KELURAHAN PASAR SUNGAI PENUH,1.700 m2,Girik,1.700 m2,1992.0,> 200,6,6,6,80,081218219017,,600.0,-2.0633,101.3936
542,108.0,KAB. FLORES TIMUR,Adonara,Masjid Mukhlisin,http://simas.kemenag.go.id/index.php/profil/masjid/281536/,01.3.19.06.17.000019,Masjid Besar,Desa Sagu Kec. Adonara - Flores Timur,2.614 m2,Wakaf,1.000 m2,1950.0,> 200,-,-,-,-,,,300.0,-8.2423,123.2134
543,109.0,KAB. BONE,Ulaweng,Masjid Al-Ikhsan,http://simas.kemenag.go.id/index.php/profil/masjid/281227/,01.3.26.08.14.000008,Masjid Besar,Manurunge,621 m2,Wakaf,266 m2,0.0,50 - 100,2,1,2,10,,,300.0,-1.8015,116.1475
544,110.0,KAB. SUMENEP,Pragaan,Masjid GEMMA,http://simas.kemenag.go.id/index.php/profil/masjid/281192/,01.3.16.29.11.000034,Masjid Besar,Jl. Raya Prenduan Desa Prenduan Kec. Pragaan Kab. Sumenep,1.250 m2,Wakaf,1.000 m2,1930.0,> 200,5,5,3,30,,,1000.0,-1.8015,116.1475
545,111.0,KOTA SUNGAI PENUH,Sungai Penuh,Masjid BAITUL IKHLAS,http://simas.kemenag.go.id/index.php/profil/masjid/281149/,01.3.05.11.01.000017,Masjid Besar,DESA SUNGAI JERNIH,200 m2,Wakaf,140 m2,1978.0,100 - 150,4,2,5,15,082282897873,,150.0,-2.081,101.3804
546,112.0,KAB. PASER,Batu Sopang,Masjid As-Salam,http://simas.kemenag.go.id/index.php/profil/masjid/281001/,01.3.23.01.01.000001,Masjid Besar,Batu Kajang RT. 03 Kecamatan Batu Sopang,5.000 m2,Wakaf,1.600 m2,2006.0,50 - 100,4,12,12,40,081250213645,,200.0,-0.5022,117.1538
547,113.0,KAB. MERAUKE,Kurik,Masjid BAITURRAHMAN,http://simas.kemenag.go.id/index.php/profil/masjid/280971/,01.3.32.01.11.000001,Masjid Besar,JL.PERMAIWARI KAMPUNG HARAPAN MAKMUR DISTRIK KURIK,5.000 m2,Wakaf,625 m2,1981.0,> 200,3,6,2,30,082239237352,,600.0,-8.3127,140.2841
548,114.0,KOTA SUNGAI PENUH,Sungai Penuh,Masjid SYATARIAH,http://simas.kemenag.go.id/index.php/profil/masjid/280724/,01.3.05.11.01.000012,Masjid Besar,DESA LAWANG AGUNG,950 m2,SHM,324 m2,1978.0,> 200,1,2,1,-,081271716978,,300.0,-2.0685,101.401
549,115.0,KOTA SUNGAI PENUH,Sungai Penuh,Masjid HIDAYATUSSALAM,http://simas.kemenag.go.id/index.php/profil/masjid/280723/,01.3.05.11.01.000011,Masjid Besar,DESA LAWANG AGUNG,520 m2,Wakaf,260 m2,1986.0,> 200,4,13,5,60,081366104463,,200.0,-2.0701,101.3994
550,116.0,KAB. SINJAI,Sinjai Barat,Masjid Al-Ikhwanushsafaa,http://simas.kemenag.go.id/index.php/profil/masjid/280640/,01.3.26.07.01.000102,Masjid Besar,Lingk. Lingk. Kayu Kanang Kel. Tassililu,1.569 m2,Wakaf,1.225 m2,1857.0,50 - 100,2,12,3,25,082293736977,,1000.0,-5.1463,119.4001
551,117.0,KAB. LEBAK,Cijaku,Masjid AS-SA'ADAH,http://simas.kemenag.go.id/index.php/profil/masjid/280570/,01.3.12.02.16.000035,Masjid Besar,KP. SUKASARI DESA CIJAKU,400 m2,Wakaf,255 m2,2000.0,100 - 150,6,4,3,20,085811151172,,500.0,-1.8015,116.1475
552,118.0,KAB. MANGGARAI BARAT,Boleng,Masjid AL-MUNAWWARAH,http://simas.kemenag.go.id/index.php/profil/masjid/280483/,01.3.19.15.06.000003,Masjid Besar,TERANG DESA GOLO SEPANG,-,Wakaf,-,0.0,> 200,1,1,2,-,0,,400.0,-10.1744,123.5742
553,119.0,KAB. KERINCI,Air Hangat,Masjid RAYA,http://simas.kemenag.go.id/index.php/profil/masjid/280401/,01.3.05.01.04.000026,Masjid Besar,DESA BALAI,625 m2,Wakaf,324 m2,1995.0,100 - 150,5,6,3,35,,,324.0,-1.8015,116.1475
554,120.0,KAB. LEBAK,Cijaku,Masjid AT-TAUFIQ,http://simas.kemenag.go.id/index.php/profil/masjid/280394/,01.3.12.02.16.000030,Masjid Besar,KP. SUKAMAJU DESA CIJAKU,600 m2,Wakaf,300 m2,1975.0,> 200,6,5,4,10,-,,450.0,-1.8015,116.1475
555,121.0,KAB. SRAGEN,Sumberlawang,Masjid AL-HUDA,http://simas.kemenag.go.id/index.php/profil/masjid/280351/,01.3.14.14.15.000110,Masjid Besar,"KEDUNGDOWO RT. 7, HADILUWIH",180 m2,Wakaf,180 m2,1995.0,50 - 100,2,2,2,3,082137670383,,300.0,-6.9714,110.4255
556,122.0,KAB. BONE,Lamuru,Masjid Nurul Iman,http://simas.kemenag.go.id/index.php/profil/masjid/280181/,01.3.26.08.13.000023,Masjid Besar,"Lalebata, Kelurahan Lalebata",1.718 m2,Wakaf,625 m2,1970.0,50 - 100,2,1,2,15,,,500.0,-1.8015,116.1475
557,123.0,KAB. MOROWALI,Bumi Raya,Masjid Nurul Falah,http://simas.kemenag.go.id/index.php/profil/masjid/279917/,01.3.25.06.05.000001,Masjid Besar,Desa Bahonsuai,1.680 m2,Wakaf,609 m2,1992.0,50 - 100,1,1,1,40,,,400.0,-1.8015,116.1475
558,124.0,KAB. MOROWALI,Bungku Barat,Masjid Nurul Iman,http://simas.kemenag.go.id/index.php/profil/masjid/279873/,01.3.25.06.04.000003,Masjid Besar,Desa Wosu,1.935 m2,Wakaf,576 m2,1973.0,50 - 100,2,2,3,60,,,300.0,-1.8015,116.1475
559,125.0,KAB. MOROWALI,Menui Kepulauan,Masjid Baitul Rahman,http://simas.kemenag.go.id/index.php/profil/masjid/279663/,01.3.25.06.03.000001,Masjid Besar,Desa Ulunambo,1.674 m2,Wakaf,340 m2,1980.0,100 - 150,2,2,2,30,,,250.0,-1.8015,116.1475
560,126.0,KAB. MAMUJU TENGAH,Budong-Budong,Masjid AL-IRADAT,http://simas.kemenag.go.id/index.php/profil/masjid/279499/,01.3.29.06.03.000032,Masjid Besar,Desa Babana,1.600 m2,Wakaf,1.400 m2,1985.0,150 - 200,2,3,2,30,0,,1400.0,-2.6866,118.868
561,127.0,KAB. SRAGEN,Sumberlawang,Masjid ALMUALIM,http://simas.kemenag.go.id/index.php/profil/masjid/279126/,01.3.14.14.15.000092,Masjid Besar,"NGASINAN, NGRAGOTIRTO",600 m2,Wakaf,182 m2,1942.0,50 - 100,2,2,2,10,,,500.0,-1.8015,116.1475
562,128.0,KAB. MALUKU TENGAH,Kota Masohi,Masjid AL-MUAWWANAH,http://simas.kemenag.go.id/index.php/profil/masjid/279056/,01.3.30.01.11.000005,Masjid Besar,Jl. Taman Makam Pahlawan No.5 Kecamatan Kota Masohi Kabupaten Maluku Tengah,2.500 m2,Wakaf,4.225 m2,1082.0,> 200,3,3,3,75,081248368492,,2700.0,-1.8015,116.1475
563,129.0,KAB. MUARO JAMBI,Sungai Bahar,Masjid AL-HIKMAH,http://simas.kemenag.go.id/index.php/profil/masjid/279032/,01.3.05.05.07.000029,Masjid Besar,TLG Datar Rt. 01 Rw. 01,400 m2,Wakaf,144 m2,1993.0,100 - 150,2,2,1,1,,,150.0,-1.4057,102.4848
564,130.0,KAB. MUARO JAMBI,Sungai Bahar,Masjid MUHAJIRIN,http://simas.kemenag.go.id/index.php/profil/masjid/278977/,01.3.05.05.07.000028,Masjid Besar,TLG Datar Rt. 03 Rw. 02,1.225 m2,Wakaf,400 m2,1995.0,100 - 150,2,2,1,1,,,200.0,-1.4061,102.5684
565,131.0,KAB. WAJO,Keera,Masjid Al- Munawwarah,http://simas.kemenag.go.id/index.php/profil/masjid/278513/,01.3.26.13.14.000041,Masjid Besar,Kel. Ballere,-,Wakaf,1.435 m2,1974.0,50 - 100,1,1,1,15,082332928720,,500.0,-5.1463,119.4001
566,132.0,KAB. LOMBOK TENGAH,Pujut,Masjid Nur Attakwa,http://simas.kemenag.go.id/index.php/profil/masjid/278463/,01.3.18.02.04.000060,Masjid Besar,Dusun Joat Timur Desa Selong Belanak Kecamatan Pujut,1.500 m2,Wakaf,144 m2,2018.0,50 - 100,2,3,2,50,,,120.0,-8.589,116.1304
567,133.0,KAB. MALANG,Bantur,Masjid DARUSSALAM,http://simas.kemenag.go.id/index.php/profil/masjid/278433/,01.3.16.07.03.000116,Masjid Besar,Dsn Bantur Timur RT/RW 34/07 Bantur,825 m2,Wakaf,500 m2,1932.0,50 - 100,8,10,6,30,'081334125676,,1000.0,-7.2892,112.7344
568,134.0,KOTA GORONTALO,Sipatana,Masjid AL-MUKHLISIN,http://simas.kemenag.go.id/index.php/profil/masjid/278421/,01.3.28.06.07.000010,Masjid Besar,Jl. Moh. Thayeb Gobel Kel. Molosipat U,418 m2,Wakaf,117 m2,1963.0,> 200,3,3,3,-,,,0.0,0.5803,123.054
569,135.0,KAB TANJUNG JABUNG TIMUR,Mendahara Ulu,Masjid RAUDHATUL JANNAH,http://simas.kemenag.go.id/index.php/profil/masjid/278134/,01.3.05.07.09.000012,Masjid Besar,PEMATANG RAHM,900 m2,Wakaf,441 m2,1995.0,50 - 100,3,2,2,15,,,300.0,-1.7572,102.9242
570,136.0,KAB. KONAWE,Onembute,Masjid NURUL FALAH,http://simas.kemenag.go.id/index.php/profil/masjid/278094/,01.3.27.02.30.000002,Masjid Besar,KEL. ONEMBUTE,5.000 m2,Wakaf,195 m2,1988.0,150 - 200,2,2,2,8,085232856369,,200.0,-3.9696,122.5879
571,137.0,KAB. TEBO,Muara Tabir,Masjid Baitussalaam,http://simas.kemenag.go.id/index.php/profil/masjid/278074/,01.3.05.09.12.000022,Masjid Besar,Jalan Pintas-Betung Rt.03 Desa Pintas Tuo,1.500 m2,SHM,125 m2,2018.0,> 200,3,4,3,20,081320019308,,1000.0,-1.7572,102.9242
572,138.0,KAB. BONE BOLANGO,Suwawa,Masjid Baitul Haq,http://simas.kemenag.go.id/index.php/profil/masjid/277991/,01.3.28.03.03.000020,Masjid Besar,Desa Ulantha,300 m2,Wakaf,100 m2,2017.0,50 - 100,1,1,2,-,,,100.0,0.5366,123.1488
573,139.0,KAB. PURWOREJO,Bruno,Masjid BAITURROHIM,http://simas.kemenag.go.id/index.php/profil/masjid/277948/,01.3.14.06.13.000052,Masjid Besar,TEGALSARI RT 08 RW O1,190 m2,Wakaf,190 m2,1987.0,50 - 100,2,3,3,-,081295821546,,100.0,-1.8015,116.1475
574,140.0,KAB. NGANJUK,Sawahan,Masjid BAITUL MAKMUR,http://simas.kemenag.go.id/index.php/profil/masjid/277815/,01.3.16.18.01.000080,Masjid Besar,Dukuh Klili RT 01 RW 29 Ds. Margopatut Kec. Sawahan Kab. Nganjuk,483 m2,Wakaf,169 m2,1915.0,100 - 150,3,5,6,20,085234776390,,150.0,-7.2892,112.7344
575,141.0,KAB. KAPUAS HULU,Kalis,Masjid AT-TAQWA,http://simas.kemenag.go.id/index.php/profil/masjid/277791/,01.3.20.06.18.000001,Masjid Besar,DESA KALIS RAYA,-,Wakaf,400 m2,1995.0,50 - 100,3,5,2,50,,,500.0,-0.0225,109.3303
576,142.0,KAB. KAPUAS HULU,Putussibau Selatan,Masjid DARUSSALAM,http://simas.kemenag.go.id/index.php/profil/masjid/277690/,01.3.20.06.17.000001,Masjid Besar,KEDAMIN,-,Wakaf,-,1978.0,50 - 100,3,7,3,75,,,800.0,-1.8015,116.1475
577,143.0,KAB. ACEH TAMIANG,Tamiang Hulu,Masjid BAITUSSALAM,http://simas.kemenag.go.id/index.php/profil/masjid/277651/,01.3.01.16.07.000027,Masjid Besar,DSN INGIN JAYA KP. PERK. PULAU TIGA,11.000 m2,Girik,992 m2,2016.0,> 200,-,-,-,-,,,5000.0,5.5436,95.3229
578,144.0,KAB. ACEH UTARA,Nisam Antara,Masjid Baitul Waridi,http://simas.kemenag.go.id/index.php/profil/masjid/277513/,01.3.01.08.27.000008,Masjid Besar,Alue Papeun,5.500 m2,Wakaf,350 m2,1972.0,50 - 100,-,-,-,-,,,500.0,-1.8015,116.1475
579,145.0,KAB. ACEH UTARA,Geuredong Pase,Masjid Al- Anshar,http://simas.kemenag.go.id/index.php/profil/masjid/277507/,01.3.01.08.25.000002,Masjid Besar,Dayang Seupeng,1.600 m2,Wakaf,400 m2,1991.0,100 - 150,-,-,-,-,-,,1000.0,-1.8015,116.1475
580,146.0,KAB. SORONG SELATAN,Teminabuan,Masjid NUR KAJASE,http://simas.kemenag.go.id/index.php/profil/masjid/277374/,01.3.33.07.01.000004,Masjid Besar,Jalan Sengget komp Pasar kajase kelurahan Kaibus,951 m2,SHM,946 m2,2014.0,150 - 200,3,3,3,15,081344345322,,500.0,-1.8015,116.1475
581,147.0,KAB. TANA TORAJA,Saluputi,Masjid Al-Hidayah,http://simas.kemenag.go.id/index.php/profil/masjid/277335/,01.3.26.18.01.000002,Masjid Besar,Ulusalu,739 m2,Wakaf,144 m2,1955.0,50 - 100,-,-,-,-,-,,100.0,-1.8015,116.1475
582,148.0,KAB. TANA TORAJA,Malimbong Balepe,Masjid Baiturahman,http://simas.kemenag.go.id/index.php/profil/masjid/277333/,01.3.26.18.17.000001,Masjid Besar,"Pasang, Malimbong",145 m2,Wakaf,80 m2,1990.0,50 - 100,-,-,-,-,-,,100.0,-1.8015,116.1475
583,149.0,KAB. TANA TORAJA,Makale,Masjid Baiturrahman To Kaluku,http://simas.kemenag.go.id/index.php/profil/masjid/277285/,01.3.26.18.04.000002,Masjid Besar,Jl. Tritura Kelurahan Bombongan,522 m2,Wakaf,300 m2,1940.0,> 200,2,2,-,-,-,,100.0,-1.8015,116.1475
584,150.0,KAB. TANA TORAJA,Gandangbatu Sillanan,Masjid Babul Jannah,http://simas.kemenag.go.id/index.php/profil/masjid/277150/,01.3.26.18.09.000002,Masjid Besar,Buntu Benteng Ambeso,482 m2,Wakaf,168 m2,1986.0,50 - 100,1,1,1,30,085296315683,,100.0,-1.8015,116.1475
585,151.0,KAB. TANA TORAJA,Mengkendek,Masjid Nurul Falah Ge'tengan,http://simas.kemenag.go.id/index.php/profil/masjid/276952/,01.3.26.18.07.000001,Masjid Besar,Ge'tengan Rante Kalua,2.500 m2,Wakaf,224 m2,1976.0,50 - 100,3,2,1,-,085242124872,,100.0,-5.1463,119.4001
586,152.0,KAB. LEBAK,Cibadak,Masjid Kilat,http://simas.kemenag.go.id/index.php/profil/masjid/276922/,01.3.12.02.18.000010,Masjid Besar,Kp. Kadu Agung Rt. 04/04 Desa Kadu Agung Timur,660 m2,Wakaf,324 m2,1960.0,50 - 100,4,4,6,-,,,100.0,-6.1216,106.1527
587,153.0,KAB. ENREKANG,Curio,Masjid BABUL IMAN,http://simas.kemenag.go.id/index.php/profil/masjid/276876/,01.3.26.16.08.000019,Masjid Besar,CURIO DESA CURIO,900 m2,Wakaf,400 m2,1969.0,> 200,1,1,1,7,,,300.0,-5.1463,119.4001
588,154.0,KAB. KEBUMEN,Sempor,Masjid AL-KAROMAH,http://simas.kemenag.go.id/index.php/profil/masjid/276772/,01.3.14.05.18.000068,Masjid Besar,"Dkh. Semampir Desa Sampang Rt. 04/03 Kec. Sempor, Kebumen",284 m2,Wakaf,169 m2,2010.0,100 - 150,4,4,3,20,081226501822,,200.0,-7.5227,109.4696
589,155.0,KAB. KEPULAUAN ARU,Aru Selatan Utara,Masjid Nurul Iman,http://simas.kemenag.go.id/index.php/profil/masjid/276746/,01.3.30.07.10.000001,Masjid Besar,Desa Tabarfane,1.980 m2,Wakaf,312 m2,1982.0,> 200,1,2,2,30,081247098209,,500.0,-1.8015,116.1475
590,156.0,KAB. BANGGAI,Batui Selatan,Masjid Al-Muhajirin,http://simas.kemenag.go.id/index.php/profil/masjid/276654/,01.3.25.01.15.000018,Masjid Besar,Desa gori-Gori,900 m2,Wakaf,144 m2,1980.0,100 - 150,1,3,2,-,,,0.0,-1.2853,122.5195
591,157.0,KAB. PARIGI MOUTONG,Bolano Lambunu,Masjid NURUL IMAN,http://simas.kemenag.go.id/index.php/profil/masjid/276507/,01.3.25.08.07.000014,Masjid Besar,Dsn. VII Desa Lambunu Kabupaten Parigi Moutong,1.200 m2,Wakaf,625 m2,1967.0,50 - 100,1,2,2,15,,,1250.0,-0.8984,119.8591
592,158.0,KAB MALUKU TENGGARA BARAT,Tanimbar Utara,Masjid masjid babussalam,http://simas.kemenag.go.id/index.php/profil/masjid/276481/,01.3.30.03.05.000003,Masjid Besar,Desa karatat,1.050 m2,Wakaf,340 m2,1968.0,> 200,1,2,3,-,,,500.0,-1.8015,116.1475
593,159.0,KAB MALUKU TENGGARA BARAT,Tanimbar Utara,Masjid masjid ataqwa,http://simas.kemenag.go.id/index.php/profil/masjid/276477/,01.3.30.03.05.000001,Masjid Besar,Kampung bugis larat,459 m2,Wakaf,261 m2,1967.0,> 200,1,1,2,-,081247307396,,290.0,-1.8015,116.1475
594,160.0,KAB. KEPULAUAN ARU,Pulau-Pulau Aru,Masjid Nurul Haq,http://simas.kemenag.go.id/index.php/profil/masjid/276470/,01.3.30.07.01.000008,Masjid Besar,Jl. Kapitan Malongi,1.628 m2,Wakaf,1.569 m2,1972.0,> 200,2,2,2,170,081285650030,,1000.0,-5.7595,134.2354
595,161.0,KAB. TORAJA UTARA,Sesean,Masjid HUSAAIN AL-MUKMININ,http://simas.kemenag.go.id/index.php/profil/masjid/276259/,01.3.26.21.02.000001,Masjid Besar,To'karau kelurahan palawa,149 m2,Wakaf,100 m2,1998.0,100 - 150,1,14,3,26,081354906233,,250.0,-1.8015,116.1475
596,162.0,KAB. TORAJA UTARA,Sanggalangi,Masjid TAQWA,http://simas.kemenag.go.id/index.php/profil/masjid/276253/,01.3.26.21.07.000001,Masjid Besar,Jl. Pongtiku No.34 Karassik,105 m2,SHM,120 m2,1986.0,100 - 150,2,25,2,50,081242282204,,200.0,-1.8015,116.1475
597,163.0,KAB. TORAJA UTARA,Tallunglipu,Masjid NURUL TAQWA BOLU,http://simas.kemenag.go.id/index.php/profil/masjid/276252/,01.3.26.21.11.000001,Masjid Besar,JL.pegadaian,1.200 m2,Wakaf,425 m2,1989.0,150 - 200,1,2,2,30,,,800.0,-1.8015,116.1475
598,164.0,KAB. LAMPUNG BARAT,Batu Brak,Masjid Nurul Huda,http://simas.kemenag.go.id/index.php/profil/masjid/276203/,01.3.08.04.07.000035,Masjid Besar,Pekon Balak,352 m2,Wakaf,352 m2,1992.0,50 - 100,3,3,3,25,,,0.0,-5.0142,104.1464
599,165.0,KAB. LOMBOK TIMUR,Montong Gading,Masjid MISBAHUL MUNIR,http://simas.kemenag.go.id/index.php/profil/masjid/276091/,01.3.18.03.11.000063,Masjid Besar,DESA MONTONG BETOK KEC. MONTONG GADING,1.700 m2,Wakaf,566 m2,1927.0,> 200,3,4,3,-,"Bahri, S.Pd / 081997721299",,250.0,-8.5997,116.3984
600,166.0,KAB. BONE,Barebbo,Masjid IBADURRAHMAN,http://simas.kemenag.go.id/index.php/profil/masjid/275905/,01.3.26.08.09.000018,Masjid Besar,APALA KELURAHAN APALA,672 m2,Wakaf,368 m2,1990.0,50 - 100,3,3,-,-,,,400.0,-5.1463,119.4001
601,167.0,KAB. KUTAI KERTANEGARA,Sanga Sanga,Masjid AL-MUKARROMAH,http://simas.kemenag.go.id/index.php/profil/masjid/275885/,01.3.23.02.15.000012,Masjid Besar,JL. JEND. SUDIRMAN RT.12 SANGASANGA DALAM,12.543 m2,SHM,1.600 m2,2007.0,> 200,-,-,-,-,-,,3000.0,-1.8015,116.1475
602,168.0,KAB. BURU SELATAN,Namrole,Masjid ISTQLAL,http://simas.kemenag.go.id/index.php/profil/masjid/275819/,01.3.30.09.01.000010,Masjid Besar,DESA LABUANG,-,Wakaf,-,2000.0,> 200,1,1,2,120,-,,100.0,-1.8015,116.1475
603,169.0,KAB. OKU SELATAN,Muara Dua,Masjid Agung Kota,http://simas.kemenag.go.id/index.php/profil/masjid/275695/,01.3.06.09.01.000020,Masjid Besar,Kelurahan Batu Belang,256 m2,SHM,169 m2,2018.0,150 - 200,5,5,5,-,,,250.0,-4.3222,104.0411
604,170.0,KAB. HALMAHERA SELATAN,Kepulauan Joronga,Masjid Al-Falhin,http://simas.kemenag.go.id/index.php/profil/masjid/275617/,01.3.31.04.25.000007,Masjid Besar,Desa Kukupang,1.200 m2,Wakaf,504 m2,1972.0,50 - 100,1,4,1,-,-,,400.0,-1.8015,116.1475
605,171.0,KAB. LAMPUNG BARAT,Kebun Tebu,Masjid Al-ikhlas,http://simas.kemenag.go.id/index.php/profil/masjid/275610/,01.3.08.04.10.000025,Masjid Besar,Tugu Mulya,300 m2,Wakaf,144 m2,1994.0,50 - 100,3,4,4,25,,,150.0,-5.0558,104.5376
606,172.0,KAB. HALMAHERA SELATAN,Pulau Makian,Masjid Taqwa,http://simas.kemenag.go.id/index.php/profil/masjid/275570/,01.3.31.04.01.000017,Masjid Besar,Desa Dalam,72.275 m2,Wakaf,2.331 m2,1698.0,50 - 100,2,4,1,-,-,,2000.0,-1.8015,116.1475
607,173.0,KAB. HALMAHERA SELATAN,Kepulauan Botanglomang,Masjid Al-Hijrah,http://simas.kemenag.go.id/index.php/profil/masjid/275525/,01.3.31.04.18.000008,Masjid Besar,Desa Bajo,900 m2,Wakaf,625 m2,1965.0,50 - 100,2,4,1,-,-,,300.0,-1.8015,116.1475
608,174.0,KAB. HALMAHERA SELATAN,Mandioli Utara,Masjid Nurul Yaqin,http://simas.kemenag.go.id/index.php/profil/masjid/275512/,01.3.31.04.20.000004,Masjid Besar,Desa Indong,1.800 m2,Wakaf,1.225 m2,1977.0,50 - 100,2,3,2,25,081244624332,,400.0,-1.8015,116.1475
609,175.0,KAB. HALMAHERA SELATAN,Kasiruta Timur,Masjid Ruhul Asykin,http://simas.kemenag.go.id/index.php/profil/masjid/275500/,01.3.31.04.16.000008,Masjid Besar,Desa Loleo Jaya,1.800 m2,Wakaf,216 m2,1982.0,50 - 100,2,2,1,-,-,,150.0,-1.8015,116.1475
610,176.0,KAB. HALMAHERA SELATAN,Kayoa Barat,Masjid Nurul Taqwa,http://simas.kemenag.go.id/index.php/profil/masjid/275486/,01.3.31.04.11.000005,Masjid Besar,Desa Busua,621 m2,Wakaf,361 m2,1972.0,50 - 100,2,2,1,15,-,,150.0,-1.8015,116.1475
611,177.0,KAB. HALMAHERA SELATAN,Kayoa Selatan,Masjid Al-Muhajir,http://simas.kemenag.go.id/index.php/profil/masjid/275462/,01.3.31.04.12.000003,Masjid Besar,Desa Laluin,1.080 m2,Wakaf,750 m2,2010.0,50 - 100,1,3,1,-,--,,150.0,-1.8015,116.1475
612,178.0,KAB. ACEH TENGAH,Laut Tawar,Masjid Ruhama,http://simas.kemenag.go.id/index.php/profil/masjid/275270/,01.3.01.04.10.000010,Masjid Besar,"Kp. Merah Mersa, Kec.Lut Tawar, Kab.Aceh Tengah",13.550 m2,Wakaf,3.000 m2,1969.0,> 200,7,3,7,3,,,1000.0,4.6211,96.8469
613,179.0,KAB. BONE,Libureng,Masjid Al-Aberar,http://simas.kemenag.go.id/index.php/profil/masjid/275259/,01.3.26.08.06.000023,Masjid Besar,Dusun Camming Kel.Ceppaga,2.277 m2,Wakaf,625 m2,1969.0,50 - 100,3,15,2,7,,,0.0,-5.1463,119.4001
614,180.0,KAB. HALMAHERA SELATAN,Bacan Timur Tengah,Masjid Al-Ukhuwah Islami,http://simas.kemenag.go.id/index.php/profil/masjid/275179/,01.3.31.04.22.000001,Masjid Besar,Desa Bibinoi,2.500 m2,SHM,256 m2,1994.0,100 - 150,2,3,2,15,-,,150.0,-1.8015,116.1475
615,181.0,KAB. GARUT,Leles,Masjid Al-Hidayah,http://simas.kemenag.go.id/index.php/profil/masjid/275165/,01.3.13.05.09.000065,Masjid Besar,Kp. Cigasti Hilit Rt 04 Rw 12 Ds. Margaluyu,50 m2,Wakaf,44 m2,1954.0,> 200,3,1,2,-,Cecep Wawan ZM.S.Ag / 082118663962,,200.0,-1.8015,116.1475
616,182.0,KAB. SEMARANG,Bringin,Masjid MIFTAKUL JANNAH,http://simas.kemenag.go.id/index.php/profil/masjid/275136/,01.3.14.22.12.000128,Masjid Besar,Dsn Kuncir RT 03 RW 02,227 m2,Wakaf,150 m2,1961.0,50 - 100,3,4,3,30,,,200.0,-6.9714,110.4255
617,183.0,KOTA JAYAPURA,Jayapura Selatan,Masjid Taqwa,http://simas.kemenag.go.id/index.php/profil/masjid/275072/,01.3.32.29.02.000015,Masjid Besar,Jl. Perikanan Pasar hamadi,1.335 m2,Wakaf,1.335 m2,1970.0,150 - 200,4,27,3,30,081344010045,-,2000.0,-1.8015,116.1475
618,184.0,KAB. TULUNGAGUNG,Campurdarat,Masjid Baitul Ma'mur,http://simas.kemenag.go.id/index.php/profil/masjid/275007/,01.3.16.04.16.000067,Masjid Besar,Dusun Kauman RT:03 RW:01 Desa / Kecamatan Campurdarat Kabupaten Tulungagung,3.000 m2,Wakaf,28 m2,2007.0,50 - 100,5,6,5,40,08113023343,,700.0,-8.0864,111.9672
619,185.0,KAB. GARUT,Leles,Masjid Al-Kholililyah,http://simas.kemenag.go.id/index.php/profil/masjid/274999/,01.3.13.05.09.000051,Masjid Besar,Kampung Pangauban Rt 07 Desa Jangkurang,150 m2,Wakaf,120 m2,1951.0,50 - 100,-,-,-,-,Aj Eunjang /085218371044,,0.0,-1.8015,116.1475
620,186.0,KAB. GARUT,Leles,Masjid Al-Kholililyah,http://simas.kemenag.go.id/index.php/profil/masjid/274998/,01.3.13.05.09.000050,Masjid Besar,Kampung Pangauban Rt 07 Desa Jangkurang,150 m2,Wakaf,120 m2,1951.0,50 - 100,4,2,2,-,Aj Eunjang /085218371044,,100.0,-1.8015,116.1475
621,187.0,KAB. KEPULAUAN ANAMBAS,Siantan,Masjid Jamik Baiturrahim,http://simas.kemenag.go.id/index.php/profil/masjid/274913/,01.3.10.05.01.000012,Masjid Besar,tarempa,-,Wakaf,-,1925.0,50 - 100,4,2,-,-,,,400.0,3.2138,106.2183
622,188.0,KAB. SEMARANG,Tuntang,Masjid 'BAITUL IZZAH,http://simas.kemenag.go.id/index.php/profil/masjid/274880/,01.3.14.22.06.000071,Masjid Besar,REJOSARI KIDUL RT.002 RW.004 DESA ROWOSARI,144 m2,Wakaf,144 m2,1979.0,> 200,2,3,4,60,081248478780,,500.0,-1.8015,116.1475
623,189.0,KAB. SEMARANG,Tuntang,Masjid DARUSSALAM,http://simas.kemenag.go.id/index.php/profil/masjid/274877/,01.3.14.22.06.000070,Masjid Besar,ROWOSABI RT.001 RW.002 DESA ROWOSARI,170 m2,Wakaf,155 m2,1955.0,150 - 200,5,4,5,30,085713582935,,200.0,-6.9714,110.4255
624,190.0,KAB. ACEH TIMUR,Peunaron,Masjid BAITUL MINAN,http://simas.kemenag.go.id/index.php/profil/masjid/274716/,01.3.01.03.24.000017,Masjid Besar,Dsn. Pajak Peunaron Gp. Arul Pinang Kec. Peunaron Kab. aceh Timur,10.000 m2,Wakaf,400 m2,1980.0,50 - 100,2,2,2,50,,,200.0,5.5436,95.3229
625,191.0,KOTA ADM. JAKARTA SELATAN,Pancoran,Masjid Al-Muttaqin,http://simas.kemenag.go.id/index.php/profil/masjid/274715/,01.3.11.06.08.000025,Masjid Besar,"Jl. Kalibata Timur No.21, Rt.09/Rw.08 Kalibata, Kec.Pancoran",400 m2,Wakaf,400 m2,1960.0,50 - 100,3,-,20,100,089621427639,,800.0,-6.2621,106.8457
626,192.0,KAB. SEMARANG,Bawen,Masjid ROUDLOTUL MUTTAQIN,http://simas.kemenag.go.id/index.php/profil/masjid/274684/,01.3.14.22.11.000079,Masjid Besar,DUSUN NGEMPLAK RT 03 RW 01 KEL BAWEN,697 m2,Wakaf,190 m2,1989.0,50 - 100,6,5,2,20,087888315377,,400.0,-6.9714,110.4255
627,193.0,KAB. BULUKUMBA,Kajang,Masjid AL-KAUTTSAR,http://simas.kemenag.go.id/index.php/profil/masjid/274504/,01.3.26.02.06.000107,Masjid Besar,KASSI KEL TANAH JAYA,2.501 m2,Wakaf,2.500 m2,1950.0,> 200,6,6,5,-,,,0.0,-1.8015,116.1475
628,194.0,KOTA PADANG PANJANG,Padang Panjang Timur,Masjid Islamic Centre,http://simas.kemenag.go.id/index.php/profil/masjid/274396/,01.3.03.16.01.000019,Masjid Besar,jalan Lingkar SElatan RT 04 Kelurahan Koto Katiak,45.000 m2,SHM,6.250 m2,2018.0,> 200,2,22,2,-,081378346869,,6000.0,-0.4776,100.4103
629,195.0,KAB. BULUKUMBA,Kajang,Masjid NURUL TAQWA,http://simas.kemenag.go.id/index.php/profil/masjid/274382/,01.3.26.02.06.000078,Masjid Besar,KALUMPANG DESA LEMBANG,182 m2,Wakaf,122 m2,1977.0,50 - 100,2,5,-,-,,,100.0,-1.8015,116.1475
630,196.0,KAB. BONE,Kajuara,Masjid ANSARULLAH,http://simas.kemenag.go.id/index.php/profil/masjid/274319/,01.3.26.08.03.000088,Masjid Besar,DUSUN BOJO KEL.AWANG TANGKA,2.915 m2,Wakaf,576 m2,1971.0,50 - 100,2,3,3,-,,,0.0,-1.8015,116.1475
631,197.0,KAB. KOLAKA TIMUR,Tirawuta,Masjid JABAL NUR,http://simas.kemenag.go.id/index.php/profil/masjid/274292/,01.3.27.13.01.000001,Masjid Besar,KELURAHAN RATE-RATE,2.000 m2,Wakaf,400 m2,1967.0,> 200,2,12,2,10,082292292171,,700.0,-4.042,121.9008
632,198.0,KAB. BULUKUMBA,Kindang,Masjid NURUL AMIN,http://simas.kemenag.go.id/index.php/profil/masjid/274196/,01.3.26.02.08.000001,Masjid Besar,BORONGRAPPOA,568 m2,Wakaf,323 m2,1960.0,50 - 100,2,16,3,30,,,900.0,-5.1463,119.4001
633,199.0,KAB. BULUKUMBA,Herlang,Masjid Babur Rahman,http://simas.kemenag.go.id/index.php/profil/masjid/274121/,01.3.26.02.05.000001,Masjid Besar,Tanuntung Kel Tanuntung,1.800 m2,Wakaf,360 m2,1950.0,> 200,2,17,2,7,-,,300.0,-1.8015,116.1475
634,200.0,KAB. BULUKUMBA,Bonto Bahari,Masjid FATHUL YAQIN,http://simas.kemenag.go.id/index.php/profil/masjid/274079/,01.3.26.02.03.000041,Masjid Besar,Kel. Tanah Beru,2.250 m2,Wakaf,960 m2,1935.0,50 - 100,2,14,1,-,085255406226,,1250.0,-1.8015,116.1475
635,201.0,KAB. BULUKUMBA,Kajang,Masjid NURUL YAQIN,http://simas.kemenag.go.id/index.php/profil/masjid/273926/,01.3.26.02.06.000009,Masjid Besar,BONTO MARAHE DESA POSSITANAH,225 m2,Wakaf,144 m2,1977.0,50 - 100,2,3,2,-,,,70.0,-1.8015,116.1475
636,202.0,KAB. BULUKUMBA,Kajang,Masjid NURUL AMIN,http://simas.kemenag.go.id/index.php/profil/masjid/273922/,01.3.26.02.06.000008,Masjid Besar,TAKLOHEA,500 m2,Wakaf,144 m2,1964.0,50 - 100,2,3,2,-,,,70.0,-1.8015,116.1475
637,203.0,KAB. BULUKUMBA,Kajang,Masjid NURUL MUHAMMAD,http://simas.kemenag.go.id/index.php/profil/masjid/273911/,01.3.26.02.06.000007,Masjid Besar,LABOJO 2 DESA PANTAMA,120 m2,Wakaf,100 m2,2015.0,50 - 100,2,3,2,-,,,55.0,-1.8015,116.1475
638,204.0,KAB. BULUKUMBA,Kajang,Masjid BABUL KHAER,http://simas.kemenag.go.id/index.php/profil/masjid/273906/,01.3.26.02.06.000006,Masjid Besar,KAJANG KEKE DESA PANTAMA,900 m2,Wakaf,196 m2,1964.0,50 - 100,2,4,3,-,,,100.0,-1.8015,116.1475
639,205.0,KAB. LAMPUNG BARAT,Sukau,Masjid NURUL HUDA,http://simas.kemenag.go.id/index.php/profil/masjid/273831/,01.3.08.04.08.000095,Masjid Besar,BANDAR BARU,300 m2,Wakaf,144 m2,1994.0,150 - 200,2,2,3,30,,,200.0,0.0,103.5559
640,206.0,KAB. LAMPUNG BARAT,Gedung Surian,Masjid AL-BAIDLO,http://simas.kemenag.go.id/index.php/profil/masjid/273719/,01.3.08.04.09.000043,Masjid Besar,GEDUNG SURIAN,300 m2,Wakaf,144 m2,1994.0,150 - 200,2,2,3,30,,,200.0,-5.0803,104.4346
641,207.0,KAB. KONAWE SELATAN,Konda,Masjid Darul iman,http://simas.kemenag.go.id/index.php/profil/masjid/273636/,01.3.27.05.07.000024,Masjid Besar,desa lebo jaya,1.621 m2,Wakaf,225 m2,2011.0,150 - 200,2,4,4,12,,,450.0,-1.8015,116.1475
642,208.0,KAB. LAMPUNG BARAT,Pagar Dewa,Masjid Al-Ikhlas,http://simas.kemenag.go.id/index.php/profil/masjid/273621/,01.3.08.04.12.000004,Masjid Besar,"Basungan Kec, Paagar dewa",400 m2,Wakaf,272 m2,1992.0,100 - 150,3,3,3,25,,,200.0,-4.9274,104.3358
643,209.0,KAB. GUNUNG KIDUL,Semanu,Masjid AN-NUR,http://simas.kemenag.go.id/index.php/profil/masjid/273597/,01.3.15.03.08.000120,Masjid Besar,KUWANGEN LOR PACAREJO 03/05,177 m2,Wakaf,128 m2,1985.0,100 - 150,2,4,5,-,,,180.0,-1.8015,116.1475
644,210.0,KAB. LEBAK,Cileles,Masjid AL-IKHLAS (XX),http://simas.kemenag.go.id/index.php/profil/masjid/273591/,01.3.12.02.10.000011,Masjid Besar,KP. KAUM RT. 02/02 DESA CILELES,1.230 m2,Wakaf,500 m2,1980.0,> 200,4,6,8,2,,,600.0,-6.1216,106.1527
645,211.0,KAB. LAMPUNG BARAT,Belalau,Masjid At-taqwa,http://simas.kemenag.go.id/index.php/profil/masjid/273581/,01.3.08.04.03.000008,Masjid Besar,"pekon Kenali Kec,belalau",600 m2,Wakaf,144 m2,1994.0,100 - 150,3,3,3,25,,,200.0,-4.9933,104.0893
646,212.0,KAB. LAMPUNG BARAT,Suoh,Masjid THARIQUSSALAM,http://simas.kemenag.go.id/index.php/profil/masjid/273401/,01.3.08.04.06.000052,Masjid Besar,mekar jaya sumber agung Kec. Suoh,600 m2,Wakaf,220 m2,1995.0,150 - 200,3,3,3,30,,,200.0,-5.1097,104.4922
647,213.0,KAB. LAMPUNG BARAT,Sekincau,Masjid Nurul Akbar,http://simas.kemenag.go.id/index.php/profil/masjid/273382/,01.3.08.04.05.000081,Masjid Besar,"Waspada ,Kec. Sekincau",600 m2,Wakaf,200 m2,1995.0,150 - 200,4,3,3,30,,,200.0,-5.0439,104.2523
648,214.0,KAB. BONE,Bengo,Masjid MAKMUR,http://simas.kemenag.go.id/index.php/profil/masjid/273263/,01.3.26.08.26.000028,Masjid Besar,Dusun Bengo Desa Bengo,1.600 m2,Wakaf,400 m2,1950.0,100 - 150,3,3,2,-,,,300.0,-1.8015,116.1475
649,215.0,KAB. SUBANG,Cibogo,Masjid AL-MUJAHIDIN,http://simas.kemenag.go.id/index.php/profil/masjid/273174/,01.3.13.13.17.000040,Masjid Besar,"JL.Raya Subang Cibogo KM.6,2 Kp.Sukamulya RT.13 RW.04 Desa Cibogo",1.445 m2,Wakaf,576 m2,2003.0,50 - 100,9,9,2,-,085224560970,,500.0,-6.9152,107.6035
650,216.0,KAB. BURU SELATAN,Waesama,Masjid AL-FURGAN,http://simas.kemenag.go.id/index.php/profil/masjid/273123/,01.3.30.09.02.000012,Masjid Besar,DESA WAMSISI,-,Wakaf,-,0.0,150 - 200,1,1,1,-,-,,200.0,-3.6998,128.1665
651,217.0,KAB. BURU SELATAN,Kepala Madan,Masjid AN-NUR,http://simas.kemenag.go.id/index.php/profil/masjid/273121/,01.3.30.09.04.000016,Masjid Besar,DESA BILORO,-,Wakaf,-,0.0,100 - 150,1,1,1,-,-,,150.0,-1.8015,116.1475
652,218.0,KAB. BURU SELATAN,Leksula,Masjid NURUL AKBAR,http://simas.kemenag.go.id/index.php/profil/masjid/273107/,01.3.30.09.05.000004,Masjid Besar,DESA NALBESSY,-,Wakaf,-,0.0,150 - 200,1,1,1,-,-,,200.0,-3.6998,128.1665
653,219.0,KAB. BULUKUMBA,Bulukumpa,Masjid Djabal Taqwa,http://simas.kemenag.go.id/index.php/profil/masjid/272775/,01.3.26.02.07.000004,Masjid Besar,Jl. Taqwa Kel.Tanete,2.000 m2,Wakaf,625 m2,1928.0,100 - 150,3,15,3,-,0,,700.0,-5.1463,119.4001
654,220.0,KAB. PANGKAJENE KEPULAUAN,Liukang Tupabbiring,Masjid NURUL MAARIFAH,http://simas.kemenag.go.id/index.php/profil/masjid/272620/,01.3.26.10.03.000001,Masjid Besar,PULAU BALANG LOMPO KEL. MATTIRO SOMPE,644 m2,Wakaf,1.050 m2,1934.0,> 200,1,4,2,-,,IMAM H. ABDUL AZIS FATTAH,250.0,-5.1463,119.4001
655,221.0,KAB. JOMBANG,Ngusikan,Masjid NURUL HIDAYAH,http://simas.kemenag.go.id/index.php/profil/masjid/272587/,01.3.16.17.21.000033,Masjid Besar,DSN KEBOAN KIDUL DESA KEBOAN,2.400 m2,Wakaf,900 m2,1972.0,150 - 200,5,-,-,-,0321889355,,250.0,-7.2892,112.7344
656,222.0,KAB. PARIGI MOUTONG,Ongka Malino,Masjid Nurul Iman,http://simas.kemenag.go.id/index.php/profil/masjid/272531/,01.3.25.08.22.000016,Masjid Besar,Dsn IV Desa Ongka Kecamatan Ongka Malino Kabupaten Parigi Moutong,3.420 m2,Wakaf,361 m2,1955.0,50 - 100,3,2,2,-,,,1000.0,-1.8015,116.1475
657,223.0,KAB. PARIGI MOUTONG,Tomini,Masjid Al-abrar,http://simas.kemenag.go.id/index.php/profil/masjid/272240/,01.3.25.08.05.000011,Masjid Besar,Tomini,2.430 m2,Wakaf,576 m2,1997.0,50 - 100,3,2,2,-,,,100.0,-0.8984,119.8591
658,224.0,KAB. BANGGAI,Pagimana,Masjid AL-IJTIHAD,http://simas.kemenag.go.id/index.php/profil/masjid/272215/,01.3.25.01.07.000021,Masjid Besar,Jl. Tras Sulawesi Kel. Pagimana,1.964 m2,Wakaf,674 m2,1912.0,> 200,2,2,2,200,082311082867,,500.0,-1.8015,116.1475
659,225.0,KOTA BIMA,Rasanae Barat,Masjid Al-Muwahidin,http://simas.kemenag.go.id/index.php/profil/masjid/272174/,01.3.18.10.01.000001,Masjid Besar,Jl. Sultan Hasanuddin Kel. Paruga Kec. Rasanae Barat,16.000 m2,Wakaf,7.000 m2,1935.0,> 200,4,3,12,40,,,7000.0,-8.589,116.1304
660,226.0,KAB. BANGGAI,Luwuk Timur,Masjid NURUL JAMAAH,http://simas.kemenag.go.id/index.php/profil/masjid/272145/,01.3.25.01.11.000001,Masjid Besar,JLN. KUWENTES  NO.     DESA HUNDUHON,1.134 m2,Wakaf,399 m2,1971.0,> 200,2,2,1,150,--,,300.0,-0.8984,119.8591
661,227.0,KAB. TELUK BINTUNI,Babo,Masjid Miftahul Jannah,http://simas.kemenag.go.id/index.php/profil/masjid/272078/,01.3.33.09.03.000001,Masjid Besar,Jalan Mayor Naru No.16 Modan Babo Teluk Bintuni,200 m2,Wakaf,100 m2,2000.0,100 - 150,-,-,-,-,,,0.0,-0.8597,134.0524
662,228.0,KAB. WAY KANAN,Negeri Besar,Masjid AL-MUNAWAROH,http://simas.kemenag.go.id/index.php/profil/masjid/272020/,01.3.08.08.12.000008,Masjid Besar,"KAMPUNG NEGERI BESAR,",400 m2,Wakaf,196 m2,1943.0,> 200,3,7,3,25,,,400.0,-1.8015,116.1475
663,229.0,KAB. SAMBAS,Sejangkung,Masjid AL-HIJRAH,http://simas.kemenag.go.id/index.php/profil/masjid/272000/,01.3.20.01.06.000032,Masjid Besar,DESA PARIT RAJA DUSUN SEMBUAI RT 014 RW 008,3.250 m2,Wakaf,400 m2,2019.0,> 200,5,5,5,56,081345336944,,500.0,-0.0225,109.3303
664,230.0,KOTA BANDUNG,Arcamanik,Masjid AT-TAQWA,http://simas.kemenag.go.id/index.php/profil/masjid/271923/,01.3.13.20.24.000024,Masjid Besar,Jl. Cisaranten Kulon Rt. 02/01 Kelurahan Cisaranten kulon,360 m2,Wakaf,220 m2,2002.0,> 200,10,17,11,30,081320545474/085320691035,,400.0,-6.9152,107.6035
665,231.0,KAB. PANGKAJENE KEPULAUAN,Liukang Tupabbiring Utara,Masjid Nurul Huda,http://simas.kemenag.go.id/index.php/profil/masjid/271918/,01.3.26.10.13.000001,Masjid Besar,Pulau.Sabutung,750 m2,Girik,500 m2,1936.0,50 - 100,1,15,2,15,082347019888,Ketua : H. ABD.SAMAD sekretari…,400.0,-5.1463,119.4001
666,232.0,KAB. POLEWALI MANDAR,Matakali,Masjid RAODATUL MUTTAQIN,http://simas.kemenag.go.id/index.php/profil/masjid/271860/,01.3.29.04.14.000056,Masjid Besar,LINGKUNGAN MATAKAI,1.000 m2,SHM,400 m2,1925.0,> 200,1,1,1,20,085299239058,,600.0,-3.3884,119.2767
667,233.0,KAB. SIGI,Nokilalaki,Masjid AL-MUHAJIRIN,http://simas.kemenag.go.id/index.php/profil/masjid/271801/,01.3.25.10.03.000001,Masjid Besar,JL. KIHAJAR DEWANTORO DESA KAMARORA A,1.600 m2,Wakaf,225 m2,1990.0,> 200,1,2,1,-,,,250.0,-1.8015,116.1475
668,234.0,KAB. GARUT,Leles,Masjid Nurul Ikhlas,http://simas.kemenag.go.id/index.php/profil/masjid/271742/,01.3.13.05.09.000036,Masjid Besar,Kampung Pangauban Rt 01 Rw 07 Desa Jangkurang,100 m2,Wakaf,90 m2,1990.0,50 - 100,2,1,2,-,Amin,,50.0,-6.9152,107.6035
669,235.0,KAB. PARIGI MOUTONG,Parigi Utara,Masjid AL-IKHLAS,http://simas.kemenag.go.id/index.php/profil/masjid/271682/,01.3.25.08.19.000005,Masjid Besar,Jl. Trans Sulawesi Desa Toboli,505 m2,Wakaf,200 m2,1970.0,150 - 200,2,1,1,20,,,200.0,-0.8984,119.8591
670,236.0,KAB. SIGI,Kulawi Selatan,Masjid AL-KAUTSAR,http://simas.kemenag.go.id/index.php/profil/masjid/271660/,01.3.25.10.06.000003,Masjid Besar,JL. POROS PALU GIMPU DESA TOMPI,2.400 m2,Wakaf,225 m2,1970.0,150 - 200,3,6,3,28,0852 4126 9613,RUSAK BERAT,200.0,-1.8015,116.1475
671,237.0,KAB. BANGGAI,Luwuk Selatan,Masjid Al-Huda,http://simas.kemenag.go.id/index.php/profil/masjid/271629/,01.3.25.01.20.000009,Masjid Besar,Jl. Moh. Hatta Kelurahan Maahas,722 m2,Wakaf,-,1957.0,100 - 150,1,1,1,-,,,150.0,-0.9228,122.8162
672,238.0,KAB. PANGKAJENE KEPULAUAN,Pangkajene,Masjid Nurl Huda,http://simas.kemenag.go.id/index.php/profil/masjid/271472/,01.3.26.10.04.000023,Masjid Besar,Maccini Oto Kel. Bonto perak,600 m2,SHM,224 m2,1971.0,50 - 100,1,30,4,30,085256586366,Ketua : H. Saleh Saiful Sekret…,500.0,-5.1463,119.4001
673,239.0,KAB. TUBAN,Plumpang,Masjid AR-ROHMAT,http://simas.kemenag.go.id/index.php/profil/masjid/271436/,01.3.16.23.17.000046,Masjid Besar,jL.Masjid No.05 Plumpang,5.000 m2,Wakaf,1.929 m2,1957.0,> 200,8,5,7,80,,,3000.0,-7.2892,112.7344
674,240.0,KAB. BENER MERIAH,Gajah Putih,Masjid Babunnasihin,http://simas.kemenag.go.id/index.php/profil/masjid/271408/,01.3.01.17.10.000002,Masjid Besar,Timang Gajah,1.000 m2,Wakaf,720 m2,1997.0,50 - 100,-,-,-,-,,,200.0,5.5436,95.3229
675,241.0,KOTA SAWAHLUNTO,Barangin,Masjid Nurul Falah,http://simas.kemenag.go.id/index.php/profil/masjid/271384/,01.3.03.15.02.000016,Masjid Besar,Kel. Durian I Kec. Barangin Kota Sawahlunto,200 m2,Girik,120 m2,2000.0,150 - 200,-,-,-,-,-,,0.0,-1.8015,116.1475
676,242.0,KOTA SAWAHLUNTO,Talawi,Masjid Taqwa,http://simas.kemenag.go.id/index.php/profil/masjid/271366/,01.3.03.15.04.000015,Masjid Besar,Desa Talawi Mudik Kecamatan Talawi Kota Sawahlunto,1.920 m2,Wakaf,1.300 m2,1929.0,150 - 200,-,-,-,-,,,0.0,-0.9551,100.3696
677,243.0,KAB. PANGKAJENE KEPULAUAN,Marang,Masjid Besar Taqwa,http://simas.kemenag.go.id/index.php/profil/masjid/271274/,01.3.26.10.08.000001,Masjid Besar,Jl.Poros Makassar Pare kel. Bonto-Bonto,10.000 m2,Wakaf,540 m2,1964.0,50 - 100,2,-,5,30,,"ketua: H. adam, S.Pd sekertari…",200.0,-5.1463,119.4001
678,244.0,KAB. PANGKAJENE KEPULAUAN,Segeri,Masjid AL-MULTAZAM,http://simas.kemenag.go.id/index.php/profil/masjid/271246/,01.3.26.10.09.000003,Masjid Besar,TIMPORONGAN KEL.SEGERI,710 m2,SHM,1.200 m2,1950.0,> 200,3,-,2,15,08124109042,"KETUA : H. ABU BAKAR SAFA,M.Sc…",500.0,-4.6459,119.5847
679,245.0,KAB. PARIGI MOUTONG,Torue,Masjid DARUSSALAM,http://simas.kemenag.go.id/index.php/profil/masjid/271222/,01.3.25.08.09.000007,Masjid Besar,JL. TADULAKO DESA TORUE,1.400 m2,Wakaf,400 m2,1980.0,100 - 150,2,2,1,3,,,160.0,-1.8015,116.1475
680,246.0,KAB. BENER MERIAH,Mesidah,Masjid Raudatul Hasanah,http://simas.kemenag.go.id/index.php/profil/masjid/271196/,01.3.01.17.09.000007,Masjid Besar,Amor,400 m2,Wakaf,144 m2,2007.0,50 - 100,3,2,4,5,,,200.0,5.5436,95.3229
681,247.0,KAB. PANGKAJENE KEPULAUAN,Mandalle,Masjid KAMALUL YAQIN,http://simas.kemenag.go.id/index.php/profil/masjid/271176/,01.3.26.10.11.000001,Masjid Besar,"Jl. Poros Makassar Pare, Enrekeng Desa Tamarupa",440 m2,SHM,600 m2,1932.0,50 - 100,2,25,2,22,085299729722,"Ketua: Usman P. Baso, S. Ag Se…",300.0,-5.1463,119.4001
682,248.0,KAB. PARIGI MOUTONG,Bolano,Masjid ARRAHMAN,http://simas.kemenag.go.id/index.php/profil/masjid/271155/,01.3.25.08.21.000001,Masjid Besar,DSN.IV DESA BOLANO KECAMATAN BOLANO KABUPATEN PARIGI MOUTONG,1.000 m2,Wakaf,289 m2,1982.0,50 - 100,2,2,2,15,,,500.0,-0.8984,119.8591
683,249.0,KAB. DOMPU,Kilo,Masjid ARRAHMAN,http://simas.kemenag.go.id/index.php/profil/masjid/271137/,01.3.18.05.04.000002,Masjid Besar,JL. LINTAS LABUAN PAROPA DESA MALAJU KEC. KILO,2.000 m2,Wakaf,418 m2,1985.0,100 - 150,3,12,4,10,0852 3869 0861,,250.0,-8.589,116.1304
684,250.0,KAB. PANGKAJENE KEPULAUAN,Minasa Tene,Masjid Raodatul Mudzniben,http://simas.kemenag.go.id/index.php/profil/masjid/271131/,01.3.26.10.10.000014,Masjid Besar,Jl.K.H. Muh.Yusuf Ujung Loe Kelurahan Minasatene,517 m2,SHM,225 m2,1952.0,50 - 100,2,27,3,50,085242511669,1. Ketua : Drs. Muh. Yakub 2. …,200.0,-1.8015,116.1475
685,251.0,KAB. BANGGAI,Luwuk Utara,Masjid Al-Hisab,http://simas.kemenag.go.id/index.php/profil/masjid/271122/,01.3.25.01.21.000012,Masjid Besar,Jl. Trans Sulawesi Dusun II Kohobotik Desa Biak Kecamatan Luwuk Utara,300 m2,Wakaf,400 m2,1990.0,> 200,1,1,1,-,,,800.0,-0.9228,122.7832
686,252.0,KAB. SERAM BAGIAN BARAT,Huamual,Masjid Jami,http://simas.kemenag.go.id/index.php/profil/masjid/271004/,01.3.30.06.08.000015,Masjid Besar,Desa Luhu,1.575 m2,Wakaf,562 m2,1950.0,100 - 150,2,3,2,-,0,,150.0,-3.3879,127.9825
687,253.0,KAB. DOMPU,Pajo,Masjid RAODATUL JANNAH,http://simas.kemenag.go.id/index.php/profil/masjid/270887/,01.3.18.05.08.000002,Masjid Besar,Jln. Lintas Lakey km.11 Desa Ranggo Kec. Pajo,75 m2,Wakaf,400 m2,1995.0,> 200,12,17,7,15,082339716601,,700.0,-1.8015,116.1475
688,254.0,KAB. BANGGAI,Lobu,Masjid Nurul Khairat,http://simas.kemenag.go.id/index.php/profil/masjid/270843/,01.3.25.01.16.000003,Masjid Besar,Desa Lobu,2.000 m2,Wakaf,238 m2,2002.0,150 - 200,-,-,-,-,,,0.0,-0.8239,122.8381
689,255.0,KAB. BANGGAI,Balantak Selatan,Masjid Nurur Rahman,http://simas.kemenag.go.id/index.php/profil/masjid/270807/,01.3.25.01.18.000006,Masjid Besar,Desa Giwang,-,Wakaf,-,1969.0,100 - 150,-,-,-,-,,,0.0,-0.8569,123.3929
690,256.0,KAB. BANGGAI,Balantak Utara,Masjid Nur Sholah,http://simas.kemenag.go.id/index.php/profil/masjid/270794/,01.3.25.01.19.000003,Masjid Besar,Desa Teku,-,Wakaf,-,1974.0,100 - 150,-,-,-,-,,,0.0,-0.7786,123.4341
691,257.0,KAB. KOLAKA,Iwoimendaa,Masjid Al-Mubaraq,http://simas.kemenag.go.id/index.php/profil/masjid/270726/,01.3.27.01.21.000017,Masjid Besar,Kel. Iwoimendaa,2.500 m2,Wakaf,400 m2,1995.0,100 - 150,2,1,2,25,085241416003,,500.0,-1.8015,116.1475
692,258.0,KAB. POSO,Poso Kota,Masjid Baiturrahman,http://simas.kemenag.go.id/index.php/profil/masjid/270656/,01.3.25.02.01.000019,Masjid Besar,Jl. P. Timor No. 1 Kel. Gebangrejo  Timur,5.000 m2,Wakaf,900 m2,1960.0,> 200,3,5,3,30,,,10000.0,-0.8984,119.8591
693,259.0,KOTA SAMARINDA,Palaran,Masjid Al-Wustho,http://simas.kemenag.go.id/index.php/profil/masjid/270613/,01.3.23.08.01.000029,Masjid Besar,Jl. Kamboja RT 37 Rawa Makmur,769 m2,Wakaf,400 m2,1960.0,50 - 100,3,2,3,-,0813516617552,,200.0,-0.5022,117.1538
694,260.0,KAB. OKU TIMUR,Belitang,Masjid Agung At-Taqwa,http://simas.kemenag.go.id/index.php/profil/masjid/270604/,01.3.06.08.03.000054,Masjid Besar,Desa Gumawang Kec. Belitang Kab. Oku Timur,2.047 m2,Wakaf,702 m2,1950.0,> 200,2,9,4,50,,,2000.0,-1.8015,116.1475
695,261.0,KAB. LINGGA,Singkep Selatan,Masjid TSAMARATUL JANNAH,http://simas.kemenag.go.id/index.php/profil/masjid/270594/,01.3.10.04.09.000004,Masjid Besar,"RT. 03 RW.01 Resang, Desa Marok Kecil",630 m2,Girik,150 m2,1975.0,50 - 100,2,5,-,-,,,500.0,-0.5617,104.4717
696,262.0,KAB. SIGI,Palolo,Masjid AL-MUHAJIRIN,http://simas.kemenag.go.id/index.php/profil/masjid/270557/,01.3.25.10.02.000006,Masjid Besar,DESA MAKMUR,2.448 m2,Wakaf,345 m2,1994.0,> 200,2,2,2,50,0852 4041 9878,,400.0,-1.8015,116.1475
697,263.0,KAB. MAMUJU TENGAH,Topoyo,Masjid Nurul Hidayah,http://simas.kemenag.go.id/index.php/profil/masjid/270456/,01.3.29.06.04.000010,Masjid Besar,Dusun Ngapaboa Desa Topoyo Kec. Topoyo,5.000 m2,Wakaf,2.500 m2,1998.0,> 200,2,5,2,15,,,600.0,-2.0685,119.2854
698,264.0,KAB. SIGI,Tanambulava,Masjid AL-IHSAN,http://simas.kemenag.go.id/index.php/profil/masjid/270441/,01.3.25.10.10.000005,Masjid Besar,Jl. Poros Palu Kulawi Desa Sibalaya Utara,400 m2,Wakaf,342 m2,1949.0,> 200,1,1,1,30,082344398578,,300.0,-1.8015,116.1475
699,265.0,KAB. BANGGAI,Luwuk,Masjid Muttahidah,http://simas.kemenag.go.id/index.php/profil/masjid/270381/,01.3.25.01.04.000006,Masjid Besar,Jl. Jendral Ahmad Yani Kelurahan Luwuk,-,SHM,-,1955.0,> 200,2,2,2,25,0811451160,,300.0,-0.8765,122.8035
700,266.0,KAB. PARIGI MOUTONG,Kasimbar,Masjid Baiturrahman,http://simas.kemenag.go.id/index.php/profil/masjid/270368/,01.3.25.08.08.000024,Masjid Besar,Desa Kasimbar,1.400 m2,Wakaf,1.200 m2,1980.0,> 200,2,2,2,30,,,500.0,-1.8015,116.1475
701,267.0,KAB. PARIGI MOUTONG,Kasimbar,Masjid Al-Khairaat,http://simas.kemenag.go.id/index.php/profil/masjid/270362/,01.3.25.08.08.000018,Masjid Besar,Dusun 1 Desa Laemanta,740 m2,Wakaf,600 m2,1989.0,> 200,2,2,2,25,,,300.0,-1.8015,116.1475
702,268.0,KAB. PARIGI MOUTONG,Kasimbar,Masjid Al-Hidayah,http://simas.kemenag.go.id/index.php/profil/masjid/270311/,01.3.25.08.08.000006,Masjid Besar,Desa Donggulu,1.500 m2,Wakaf,1.320 m2,1990.0,> 200,2,2,2,30,,,300.0,-1.8015,116.1475
703,269.0,KAB. PESISIR SELATAN,IV Jurai,Masjid AKBAR BAITURRAHMAN,http://simas.kemenag.go.id/index.php/profil/masjid/270302/,01.3.03.01.05.000058,Masjid Besar,Jl. Ilyas Yacub Painan,10.000 m2,SHM,5.000 m2,2011.0,150 - 200,3,5,3,50,081363448647,,2500.0,-0.9551,100.3696
704,270.0,KAB. PARIGI MOUTONG,Kasimbar,Masjid Ar-Rahman,http://simas.kemenag.go.id/index.php/profil/masjid/270271/,01.3.25.08.08.000003,Masjid Besar,Desa Silampayang,5.000 m2,Wakaf,3.500 m2,1990.0,> 200,2,1,1,30,,,350.0,-1.8015,116.1475
705,271.0,KOTA PADANG,Koto Tangah,Masjid BAITURRAHMAH,http://simas.kemenag.go.id/index.php/profil/masjid/270257/,01.3.03.13.11.000089,Masjid Besar,"RSI SITI RAHMAH(UMRAH),KEL.AIR PACAH",4.000 m2,SHM,1.300 m2,2014.0,> 200,2,9,2,-,082285448729,,1400.0,-1.8015,116.1475
706,272.0,KAB. BANGGAI,Batui,Masjid JAMI,http://simas.kemenag.go.id/index.php/profil/masjid/270068/,01.3.25.01.01.000021,Masjid Besar,KELURAHAN BALANTANG,3.000 m2,Wakaf,400 m2,1950.0,> 200,3,2,1,-,,,400.0,-1.8015,116.1475
707,273.0,KOTA BONTANG,Bontang Utara,Masjid 'Al-Istiqomah',http://simas.kemenag.go.id/index.php/profil/masjid/270042/,01.3.23.09.01.000042,Masjid Besar,D.I Panjaitan Kelurahan Api-Api,1.393 m2,Wakaf,400 m2,1972.0,> 200,2,5,2,15,,,300.0,-1.8015,116.1475
708,274.0,KAB. SIGI,Kulawi,Masjid NUR-HIDAYAH,http://simas.kemenag.go.id/index.php/profil/masjid/270039/,01.3.25.10.05.000012,Masjid Besar,Dusun I Pertokoan Desa Bolapapu,2.000 m2,Wakaf,289 m2,1993.0,100 - 150,3,4,4,40,082191935492,,400.0,-1.8015,116.1475
709,275.0,KAB. PESISIR SELATAN,Airpura,Masjid ISTIQAMAH,http://simas.kemenag.go.id/index.php/profil/masjid/270034/,01.3.03.01.13.000001,Masjid Besar,Kampung Koto Pandan Nagari Inderapura Timur,1.590 m2,Wakaf,300 m2,1993.0,150 - 200,1,2,2,1,-,,250.0,-1.8015,116.1475
710,276.0,KAB. SIGI,Kinovaro,Masjid AL-FURQAN,http://simas.kemenag.go.id/index.php/profil/masjid/270016/,01.3.25.10.13.000011,Masjid Besar,JL.UWELERA DESA PORAME,900 m2,Wakaf,400 m2,1980.0,> 200,2,2,2,50,0852 8723 5738,,400.0,-1.8015,116.1475
711,277.0,KAB. HALMAHERA SELATAN,Gane Barat,Masjid AL-MUNAWWARAH,http://simas.kemenag.go.id/index.php/profil/masjid/269992/,01.3.31.04.04.000001,Masjid Besar,DESA SAKETA,4.030 m2,Wakaf,2.520 m2,1975.0,50 - 100,1,3,3,25,,,130.0,0.7718,127.381
712,278.0,KAB. PESISIR BARAT,Ngambur,Masjid BAITURROHIM,http://simas.kemenag.go.id/index.php/profil/masjid/269961/,01.3.08.15.09.000032,Masjid Besar,NR. NGAMBUR,300 m2,Wakaf,-,2002.0,150 - 200,3,3,-,-,,,200.0,-1.8015,116.1475
713,279.0,KAB. DOMPU,Manggalewa,Masjid At-Taqwa,http://simas.kemenag.go.id/index.php/profil/masjid/269717/,01.3.18.05.07.000027,Masjid Besar,Desa Nusa Jaya,1.000 m2,Wakaf,400 m2,1982.0,> 200,4,4,6,50,,,400.0,-8.589,116.1304
714,280.0,KAB. BANGGAI,Masama,Masjid Al-Muhajirin,http://simas.kemenag.go.id/index.php/profil/masjid/269681/,01.3.25.01.10.000007,Masjid Besar,Desa Cemerlang,900 m2,Wakaf,225 m2,1991.0,> 200,1,1,1,30,,,700.0,-0.9077,122.9398
715,281.0,KAB. PESISIR SELATAN,Silaut,Masjid UMAR BIN KHATTAB,http://simas.kemenag.go.id/index.php/profil/masjid/269655/,01.3.03.01.15.000016,Masjid Besar,KAMPUNG TANJUNG MAKMUR NAGARI LUBUK BUNTA,5.000 m2,SHM,400 m2,2013.0,100 - 150,2,5,2,25,,,1200.0,-1.8015,116.1475
716,282.0,KAB. DOMPU,Manggalewa,Masjid Attaqwa,http://simas.kemenag.go.id/index.php/profil/masjid/269538/,01.3.18.05.07.000022,Masjid Besar,Dusun Sigi Desa Soriutu,1.000 m2,Wakaf,378 m2,1954.0,150 - 200,5,13,2,20,085337425497,,450.0,-1.8015,116.1475
717,283.0,KAB. DOMPU,Manggalewa,Masjid Attaqwa Nurul Jihad,http://simas.kemenag.go.id/index.php/profil/masjid/269534/,01.3.18.05.07.000021,Masjid Besar,Desa Kampasi Meci,7.500 m2,Wakaf,288 m2,1985.0,> 200,4,4,4,50,082341257796,,250.0,-1.8015,116.1475
718,284.0,KAB. PESISIR SELATAN,Batang Kapas,Masjid BAITUL MAKMUR,http://simas.kemenag.go.id/index.php/profil/masjid/269477/,01.3.03.01.04.000005,Masjid Besar,PASAR KUOK KENAGARIAN IV KOTO HILIE,820 m2,Wakaf,420 m2,1928.0,100 - 150,5,5,5,50,,,1000.0,-1.8015,116.1475
719,285.0,KAB. PESISIR SELATAN,Batang Kapas,Masjid RAYA AL-JADID,http://simas.kemenag.go.id/index.php/profil/masjid/269470/,01.3.03.01.04.000004,Masjid Besar,NAGARI TALUK,1.575 m2,Wakaf,530 m2,2016.0,50 - 100,5,20,2,50,081282129401,,1000.0,-1.8015,116.1475
720,286.0,KAB. PADANG PARIAMAN,Nan Sabaris,Masjid Baitul Makmur,http://simas.kemenag.go.id/index.php/profil/masjid/269464/,01.3.03.05.03.000018,Masjid Besar,"Korong Kabun Mudiak, Nagari Kapalo Koto, Kecamatan Nan Sabaris, Kabupaten Padang Pariaman, Provinsi Sumatera Barat",-,Wakaf,-,1990.0,50 - 100,2,10,2,50,085364165323,,1000.0,53.1801,95.4477
721,287.0,KAB. PESISIR BARAT,Karya Penggawa,Masjid AL-HIKMAH,http://simas.kemenag.go.id/index.php/profil/masjid/269326/,01.3.08.15.05.000010,Masjid Besar,KEBUAYAN KEBUAYAN,500 m2,Wakaf,500 m2,1992.0,> 200,2,3,2,-,,,800.0,-1.8015,116.1475
722,288.0,KAB. TOJO UNA UNA,Ratolindo,Masjid Tsamaratul Ukhuwwah,http://simas.kemenag.go.id/index.php/profil/masjid/269273/,01.3.25.09.10.000026,Masjid Besar,Kelurahan Muara Toba,3.500 m2,Wakaf,2.000 m2,1970.0,150 - 200,2,2,2,10,0,,1500.0,-4.7179,123.0785
723,289.0,KAB. DOMPU,Manggalewa,Masjid Attaqwa Nurul Jihad,http://simas.kemenag.go.id/index.php/profil/masjid/269263/,01.3.18.05.07.000018,Masjid Besar,Desa Kampasi Meci,7.500 m2,Wakaf,288 m2,1985.0,> 200,4,4,4,10,082341257796,,450.0,-1.8015,116.1475
724,290.0,KAB. BUTON SELATAN,Batauga,Masjid Jabal Hikmah,http://simas.kemenag.go.id/index.php/profil/masjid/269248/,01.3.27.17.01.000009,Masjid Besar,Desa Lawela Selatan Kec. Batauga Kab.Buton Sultra,500 m2,Wakaf,193 m2,1973.0,> 200,1,2,1,-,,,0.0,-3.9696,122.5879
725,291.0,KAB. BUTON SELATAN,Batauga,Masjid Baitul Hikmah,http://simas.kemenag.go.id/index.php/profil/masjid/269247/,01.3.27.17.01.000008,Masjid Besar,Desa Lawela kec.Batauga Kab.Buton Sultra,375 m2,Wakaf,64 m2,2000.0,50 - 100,1,2,1,-,,,0.0,-3.9696,122.5879
726,292.0,KAB. BUTON SELATAN,Kadatua,Masjid Nurul Iman,http://simas.kemenag.go.id/index.php/profil/masjid/269190/,01.3.27.17.07.000001,Masjid Besar,Desa Kapoa Kecamatan Kadatua Kabupaten Buton Provinsi Sulawesi Tenggara,896 m2,Wakaf,120 m2,1971.0,50 - 100,1,-,2,10,,,0.0,-3.9696,122.5879
727,293.0,KAB. BUTON SELATAN,Lapandewa,Masjid Al-Muhajirin,http://simas.kemenag.go.id/index.php/profil/masjid/269168/,01.3.27.17.03.000001,Masjid Besar,Tambunaloko Desa Lapandewa Kecamatan Lapandewa Kabupaten Buton Provinsi Sulawesi Tenggara,875 m2,Wakaf,225 m2,2000.0,50 - 100,1,-,1,10,,,0.0,-3.9696,122.5879
728,294.0,KAB. BUTON SELATAN,Siompu,Masjid Nurul - muni,http://simas.kemenag.go.id/index.php/profil/masjid/269059/,01.3.27.17.06.000002,Masjid Besar,desa Biwina,391 m2,Wakaf,100 m2,1974.0,100 - 150,2,-,2,12,,,0.0,-3.9696,122.5879
729,295.0,KAB. SINTANG,Sungai Tebelian,Masjid Al-Jihad,http://simas.kemenag.go.id/index.php/profil/masjid/269050/,01.3.20.05.13.000023,Masjid Besar,Jl.Sintang - Pontianak,11.000 m2,Wakaf,320 m2,1998.0,100 - 150,7,7,9,25,,,200.0,-0.0225,109.3303
730,296.0,KAB. BUTON TENGAH,Mawasangka Tengah,Masjid NURUL IMAN,http://simas.kemenag.go.id/index.php/profil/masjid/269040/,01.3.27.16.03.000002,Masjid Besar,JLN. POROS WAMENGKOLI-MAWASANGKA DESA LANTO KEC. MAWASANGKA TENGAH KAB. BUTON TENGAH,16.117 m2,Wakaf,588 m2,1965.0,> 200,3,3,3,15,,,0.0,-3.9696,122.5879
731,297.0,KAB. BUTON TENGAH,Sangia Wambulu,Masjid Baiturrahman,http://simas.kemenag.go.id/index.php/profil/masjid/269032/,01.3.27.16.07.000002,Masjid Besar,Kelurahan Tolandona Kecamatan Sangia Wambulu Kabupaten Buton Tengah Provinsi Sulawesi Tenggara,1.000 m2,Wakaf,800 m2,1964.0,> 200,2,4,-,-,,,0.0,-3.9696,122.5879
732,298.0,KAB. BUTON TENGAH,Talaga Raya,Masjid NIKMATULLAH,http://simas.kemenag.go.id/index.php/profil/masjid/269026/,01.3.27.16.05.000003,Masjid Besar,DESA TALAGA I KEC. TALAGA RAYA KAB. BUTON TENGAH,2.700 m2,Wakaf,891 m2,1935.0,100 - 150,2,2,2,10,,,0.0,-3.9696,122.5879
733,299.0,KOTA SEMARANG,Tembalang,Masjid AL-WALI,http://simas.kemenag.go.id/index.php/profil/masjid/268997/,01.3.14.33.10.000057,Masjid Besar,GENDONG RT 01 RW 14,-,SHM,-,2008.0,> 200,-,-,-,-,,,0.0,-1.8015,116.1475
734,300.0,KAB. BUTON TENGAH,Gu,Masjid Al-Ikhsan,http://simas.kemenag.go.id/index.php/profil/masjid/268851/,01.3.27.16.06.000002,Masjid Besar,Jalan Yos Sudarso Kelurahan Watulea Kecamatan Gu,5.795 m2,Wakaf,971 m2,1960.0,100 - 150,1,2,-,15,,,0.0,-3.9696,122.5879
735,301.0,KAB. BUTON TENGAH,Lakudo,Masjid Nurul Huda KH. Abd. Syukur,http://simas.kemenag.go.id/index.php/profil/masjid/268846/,01.3.27.16.01.000023,Masjid Besar,Kelurahan Lakudo Kecamatan Lakudo,2.668 m2,Wakaf,2.450 m2,1966.0,150 - 200,2,-,2,20,,,0.0,-3.9696,122.5879
736,302.0,KAB. GARUT,Cibalong,Masjid NUR HIDAYAH,http://simas.kemenag.go.id/index.php/profil/masjid/268753/,01.3.13.05.29.000016,Masjid Besar,KP. CIKUJANG  RT.04  RW.06  DESA KARYAMUKTI,150 m2,Girik,81 m2,1965.0,50 - 100,2,1,2,60,082129770856,,100.0,-6.0419,106.9883
737,303.0,KAB. NUNUKAN,Sebatik Utara,Masjid Baburrahim,http://simas.kemenag.go.id/index.php/profil/masjid/268718/,01.3.34.02.11.000002,Masjid Besar,Rt. 02 Desa Sungai Pancang Kec. Sebatik Utara,1.400 m2,Wakaf,750 m2,1975.0,150 - 200,3,4,6,13,081347002909,,300.0,-1.8015,116.1475
738,304.0,KAB. BUTON TENGAH,Mawasangka Timur,Masjid Babut Taqwa,http://simas.kemenag.go.id/index.php/profil/masjid/268705/,01.3.27.16.02.000001,Masjid Besar,Desa Lasori,936 m2,Wakaf,378 m2,1966.0,100 - 150,1,2,1,15,,,0.0,-3.9696,122.5879
739,305.0,KAB. BUTON TENGAH,Mawasangka,Masjid Al-Kautsar,http://simas.kemenag.go.id/index.php/profil/masjid/268698/,01.3.27.16.04.000021,Masjid Besar,Kel.Watolo,300 m2,SHM,270 m2,1997.0,100 - 150,5,8,3,-,081230789393,,0.0,-3.9696,122.5879
740,306.0,KAB. KOLAKA TIMUR,Tinondo,Masjid Miftahul Hasanah,http://simas.kemenag.go.id/index.php/profil/masjid/268649/,01.3.27.13.09.000001,Masjid Besar,Solewatu,1.225 m2,Wakaf,324 m2,1986.0,50 - 100,1,1,1,-,,,0.0,-3.9696,122.5879
741,307.0,KAB. KOLAKA TIMUR,Lambandia,Masjid Al-Ikhlas,http://simas.kemenag.go.id/index.php/profil/masjid/268602/,01.3.27.13.05.000001,Masjid Besar,Kel. Pinanggo kec. Lambandia,1.000 m2,Wakaf,1.024 m2,1997.0,100 - 150,2,1,2,-,085241592792,,0.0,-3.9696,122.5879
742,308.0,KAB. KOLAKA TIMUR,Uluiwoi,Masjid Al-Muhajirin,http://simas.kemenag.go.id/index.php/profil/masjid/268589/,01.3.27.13.08.000015,Masjid Besar,Ling.1 Kel.Sanggona,840 m2,Wakaf,256 m2,2003.0,> 200,1,1,1,15,,,250.0,-3.9696,122.5879
743,309.0,KAB. DOMPU,Kempo,Masjid Baiturrahim,http://simas.kemenag.go.id/index.php/profil/masjid/268379/,01.3.18.05.02.000018,Masjid Besar,Desa Kempo,783 m2,Wakaf,340 m2,1930.0,> 200,8,8,6,-,,,500.0,-1.8015,116.1475
744,310.0,KAB. BANGGAI,Lamala,Masjid AL-MUNAWARAH,http://simas.kemenag.go.id/index.php/profil/masjid/268337/,01.3.25.01.05.000001,Masjid Besar,DESA BONEBOBAKAL,569 m2,Wakaf,225 m2,1996.0,> 200,1,1,1,-,081244503186,,0.0,-1.0094,123.256
745,311.0,KAB. BANGGAI,Balantak,Masjid AL-MUBARAK,http://simas.kemenag.go.id/index.php/profil/masjid/268328/,01.3.25.01.06.000002,Masjid Besar,KEL. BALANTAK,-,Wakaf,-,1982.0,> 200,1,1,2,-,,,0.0,-0.8305,123.4348
746,312.0,KAB. KOLAKA TIMUR,Ladongi,Masjid Nurul Huda,http://simas.kemenag.go.id/index.php/profil/masjid/268261/,01.3.27.13.03.000033,Masjid Besar,Poli-polia kecamatan poli-polia,1.200 m2,Wakaf,400 m2,1998.0,150 - 200,1,1,1,-,,,0.0,-3.9696,122.5879
747,313.0,KAB. KOLAKA TIMUR,Ladongi,Masjid Nurul Hidayah,http://simas.kemenag.go.id/index.php/profil/masjid/268252/,01.3.27.13.03.000026,Masjid Besar,Dangia,1.250 m2,Wakaf,225 m2,1992.0,100 - 150,1,1,1,-,,,0.0,-3.9696,122.5879
748,314.0,KAB. KOLAKA TIMUR,Ladongi,Masjid Nurul Yakin,http://simas.kemenag.go.id/index.php/profil/masjid/268233/,01.3.27.13.03.000013,Masjid Besar,Atula,10.000 m2,Wakaf,750 m2,1987.0,150 - 200,1,1,1,-,,,0.0,-3.9696,122.5879
749,315.0,KAB. KOLAKA TIMUR,Mowewe,Masjid Babussalam,http://simas.kemenag.go.id/index.php/profil/masjid/268176/,01.3.27.13.07.000001,Masjid Besar,Inebenggi,625 m2,Wakaf,144 m2,1994.0,100 - 150,2,1,-,-,,,0.0,-3.9696,122.5879
750,316.0,KAB. MUNA BARAT,Lawa,Masjid AL-JAMI,http://simas.kemenag.go.id/index.php/profil/masjid/268056/,01.3.27.15.03.000001,Masjid Besar,KEL. WAMELAI,2.500 m2,SHM,625 m2,1996.0,50 - 100,3,5,-,-,85311293406,,0.0,-3.9696,122.5879
751,317.0,KAB. DONGGALA,Sojol Utara,Masjid At-Taqwa,http://simas.kemenag.go.id/index.php/profil/masjid/267997/,01.3.25.03.15.000005,Masjid Besar,Desa Ogoamas II,750 m2,Wakaf,250 m2,1970.0,50 - 100,1,2,2,10,,,400.0,0.3076,120.0146
752,318.0,KOTA SEMARANG,Semarang Selatan,Masjid Istiqomah,http://simas.kemenag.go.id/index.php/profil/masjid/267701/,01.3.14.33.07.000015,Masjid Besar,Jl. Lamper Tengah VIII Rt.07 Rw.07 Lamper Tengah,250 m2,Wakaf,305 m2,1977.0,50 - 100,6,6,2,-,0248444576 / 081228257555,,200.0,-1.8015,116.1475
753,319.0,KAB. MOROWALI UTARA,Mamosalato,Masjid Al-Furqon,http://simas.kemenag.go.id/index.php/profil/masjid/267513/,01.3.25.13.09.000001,Masjid Besar,Jl. Ahmad Yani Desa Tanasumpu Kecamatan Mamosalato,3.750 m2,Wakaf,400 m2,1984.0,> 200,3,4,3,60,,,0.0,-0.8984,119.8591
754,320.0,KAB. MOROWALI UTARA,Bungku Utara,Masjid Ar-Rahman,http://simas.kemenag.go.id/index.php/profil/masjid/267490/,01.3.25.13.08.000001,Masjid Besar,Jl. Dakwah Desa Baturube Kecamatan Bungku Utara Kabupaten Morowali Utara,1.746 m2,Wakaf,625 m2,1935.0,> 200,3,5,4,50,,,0.0,-0.8984,119.8591
755,321.0,KAB. MOROWALI UTARA,Petasia,Masjid Al-Muhajirin,http://simas.kemenag.go.id/index.php/profil/masjid/267428/,01.3.25.13.01.000001,Masjid Besar,Jl. Sultan Hasanuddin Kolonedale Kecamatan Petasia Kabupaten Morowali Utara,491 m2,Wakaf,358 m2,1930.0,150 - 200,2,2,2,50,085255257243,,0.0,-0.8984,119.8591
756,322.0,KAB. BANGGAI LAUT,Labobo,Masjid Al-Huda,http://simas.kemenag.go.id/index.php/profil/masjid/267427/,01.3.25.12.05.000001,Masjid Besar,Desa Mansalean,2.485 m2,Wakaf,440 m2,1994.0,> 200,1,3,3,-,,,0.0,-0.8984,119.8591
757,323.0,KAB. MOROWALI UTARA,Lembo,Masjid Al-Muhajirin,http://simas.kemenag.go.id/index.php/profil/masjid/267391/,01.3.25.13.04.000001,Masjid Besar,Jl. Trans Sulawesi Beteleme Kecamatan Lembo,1.872 m2,SHM,224 m2,1980.0,> 200,2,4,2,50,,,0.0,-0.8984,119.8591
758,324.0,KOTA SEMARANG,Semarang Tengah,Masjid BAITURROHIM,http://simas.kemenag.go.id/index.php/profil/masjid/267265/,01.3.14.33.01.000016,Masjid Besar,JL. GABAHAN NO.71 C KEL. GABAHAN,400 m2,Wakaf,400 m2,2017.0,> 200,5,12,4,50,085865620405,,1000.0,-1.8015,116.1475
759,325.0,KAB. MOROWALI UTARA,Soyo Jaya,Masjid Al-Anshar,http://simas.kemenag.go.id/index.php/profil/masjid/267253/,01.3.25.13.07.000009,Masjid Besar,Desa Lembah Sumara Kecamatan Soyojaya Kabupaten Morowali Utara,1.500 m2,Wakaf,500 m2,1990.0,> 200,2,5,2,50,,,0.0,-0.8984,119.8591
760,326.0,KAB. MOROWALI UTARA,Mori Atas,Masjid Al-Muhajirin,http://simas.kemenag.go.id/index.php/profil/masjid/267214/,01.3.25.13.05.000001,Masjid Besar,Jln. Trans Sulawesi Desa Lembontonara Kecamatan Mori Utara Kabupaten Morowali Utara Propinsi Sulawesi Tengah,2.200 m2,Wakaf,400 m2,1972.0,> 200,4,5,4,60,081242736404,,400.0,-0.8984,119.8591
761,327.0,KAB. PARIGI MOUTONG,Parigi Tengah,Masjid Nurul Haq,http://simas.kemenag.go.id/index.php/profil/masjid/267169/,01.3.25.08.20.000005,Masjid Besar,Jl. Trans Sulawesi Desa Pelawa,4.000 m2,Wakaf,600 m2,1952.0,> 200,2,4,2,12,085298530748,,500.0,-0.8984,119.8591
762,328.0,KAB. LOMBOK UTARA,Kayangan,Masjid RAUDATUL FIRDAUS,http://simas.kemenag.go.id/index.php/profil/masjid/267166/,01.3.18.08.03.000083,Masjid Besar,NANGKA LOMBOK DESA GUMANTAR KECAMATAN KAYANGAN KABUPATEN LONBOK UTARA,300 m2,Wakaf,250 m2,1980.0,100 - 150,9,9,5,87,,,350.0,-1.8015,116.1475
763,329.0,KAB. LOMBOK UTARA,Kayangan,Masjid NURUL IMAN,http://simas.kemenag.go.id/index.php/profil/masjid/267165/,01.3.18.08.03.000082,Masjid Besar,DESAN TERENG DESA GUMANTAR KECAMATAN KAYANGAN KABUPATEN LOMBOK UTARA,300 m2,Wakaf,250 m2,1986.0,150 - 200,9,7,5,87,,,350.0,-1.8015,116.1475
764,330.0,KAB. LOMBOK UTARA,Kayangan,Masjid AL-AMIN,http://simas.kemenag.go.id/index.php/profil/masjid/267163/,01.3.18.08.03.000080,Masjid Besar,DUSUN PAOK GADING DESA GUMANTAR KECAMATAN KAYANGAN KABUPATAN LOMBOK UTARA,300 m2,Wakaf,160 m2,1985.0,100 - 150,7,9,9,90,,,200.0,-1.8015,116.1475
765,331.0,KAB. LOMBOK UTARA,Kayangan,Masjid AL-MUHAJIRIN,http://simas.kemenag.go.id/index.php/profil/masjid/267162/,01.3.18.08.03.000079,Masjid Besar,BOYOTAN PEROYEK DESA GUMANTAR KECAMATAN KAYANGAN KABUPATEN LOMBOK UTARA,400 m2,Wakaf,200 m2,1980.0,150 - 200,9,8,7,70,,,200.0,-1.8015,116.1475
766,332.0,KAB. OKU SELATAN,Warkuk Ranau Selatan,Masjid Darul Muttaqien,http://simas.kemenag.go.id/index.php/profil/masjid/267128/,01.3.06.09.13.000023,Masjid Besar,Jalan Perintis Kemerdekaan Kota Batu,1.600 m2,Wakaf,625 m2,1908.0,> 200,5,7,6,15,081368123715,,600.0,-1.8015,116.1475
767,333.0,KAB. DONGGALA,Sirenja,Masjid Jami Baiturrahim,http://simas.kemenag.go.id/index.php/profil/masjid/267010/,01.3.25.03.06.000019,Masjid Besar,Desa Tompe,650 m2,SHM,450 m2,2003.0,100 - 150,1,2,2,10,,,900.0,0.2441,119.947
768,334.0,KAB. BANGGAI LAUT,Banggai,Masjid AT-TAQWA,http://simas.kemenag.go.id/index.php/profil/masjid/266825/,01.3.25.12.01.000001,Masjid Besar,KELURAHAN LOMPIO,1.980 m2,Wakaf,841 m2,2005.0,100 - 150,4,15,2,-,,,600.0,-0.8984,119.8591
769,335.0,KAB. MUSI RAWAS,Suka Karya,Masjid Al-Mujahidin (B),http://simas.kemenag.go.id/index.php/profil/masjid/266808/,01.3.06.05.21.000014,Masjid Besar,Pasar Ciptodadi Desa Ciptodadi,2.500 m2,Wakaf,120 m2,1974.0,> 200,2,4,4,30,,,500.0,-3.3654,103.1726
770,336.0,KOTA ADM. JAKARTA SELATAN,Pesanggrahan,Masjid AL-MUJAHIDIN,http://simas.kemenag.go.id/index.php/profil/masjid/266675/,01.3.11.06.09.000060,Masjid Besar,JL. H.SULAIMAN RT.002/01 PETUKANGAN UTARA KECAMATAN PESANGGRAHAN,300 m2,Girik,500 m2,2018.0,> 200,5,5,3,25,081212848903,,500.0,-6.2115,106.8452
771,337.0,KAB. PARIGI MOUTONG,Sidoan,Masjid Ar-Rahman,http://simas.kemenag.go.id/index.php/profil/masjid/266653/,01.3.25.08.23.000021,Masjid Besar,Masjid Besar Kec. Sidoan (Kecamatan Pemekaran dari Kec. Tinombo) Jl. Trans. Sulawesi Dusun I Desa Sidoan Kec. Sidoan,1.350 m2,Wakaf,400 m2,2000.0,> 200,2,2,1,40,,,600.0,-1.8015,116.1475
772,338.0,KAB. KEDIRI,Banyakan,Masjid Nurul Manan,http://simas.kemenag.go.id/index.php/profil/masjid/266529/,01.3.16.06.22.000071,Masjid Besar,Dsn. Selotopeng RT. 03 RW. 03 Ds. Banyakan Kec. Banyakan,790 m2,Wakaf,168 m2,2006.0,100 - 150,5,5,5,30,081259037199, TA’MIR MASJID NURUL MANNAN …,200.0,-1.8015,116.1475
773,339.0,KAB. POLEWALI MANDAR,Bulo,Masjid AR-RAHIM,http://simas.kemenag.go.id/index.php/profil/masjid/266504/,01.3.29.04.16.000034,Masjid Besar,Jalan Poros Matangnga Desa Bulo,900 m2,Wakaf,225 m2,2015.0,100 - 150,1,1,1,10,,,200.0,-2.6866,118.868
774,340.0,KAB. MALANG,Donomulyo,Masjid BESAR RAYA DONOMULYO,http://simas.kemenag.go.id/index.php/profil/masjid/266281/,01.3.16.07.01.000120,Masjid Besar,Jl. Raya No. 147 RT/RW 03/01 Donomulyo,2.500 m2,Wakaf,948 m2,1947.0,> 200,5,12,-,-,"'085102693292, 085646432857",,800.0,-1.8015,116.1475
775,341.0,KAB. KOLAKA,Wundulako,Masjid Nurul Falah,http://simas.kemenag.go.id/index.php/profil/masjid/266231/,01.3.27.01.01.000010,Masjid Besar,Desa Unamendaa,1.500 m2,Girik,245 m2,1972.0,> 200,1,1,3,37,081212675645,,300.0,-4.0972,121.6241
776,342.0,KAB. BOMBANA,Rumbia,Masjid At-Taqwa,http://simas.kemenag.go.id/index.php/profil/masjid/266186/,01.3.27.06.04.000007,Masjid Besar,Jalan Patimura.Kelurahan Lauru Kecamatan Rumbia Tengah,1.050 m2,Wakaf,500 m2,1965.0,> 200,5,20,5,20,085240071287,,500.0,-4.7757,122.0538
777,343.0,KAB. MAMUJU TENGAH,Karossa,Masjid Nurul Muttaqin,http://simas.kemenag.go.id/index.php/profil/masjid/266095/,01.3.29.06.05.000001,Masjid Besar,"Jalan Poros Mamuju-Palu Km 7 Dusun Durikumba, Desa Karossa",2.920 m2,Girik,324 m2,1982.0,150 - 200,3,8,5,30,0813 8828 5697,,300.0,-1.7931,119.4066
778,344.0,KAB. BONE BOLANGO,Tilongkabila,Masjid Al-Misbah,http://simas.kemenag.go.id/index.php/profil/masjid/266007/,01.3.28.03.06.000026,Masjid Besar,Desa Bongoime,581 m2,Wakaf,225 m2,1990.0,50 - 100,2,3,5,-,,,300.0,0.5728,123.1045
779,345.0,KAB. SIGI,Marawola,Masjid NURUL HAQ,http://simas.kemenag.go.id/index.php/profil/masjid/265964/,01.3.25.10.14.000013,Masjid Besar,DESA TINGGEDE JL. RAPOLINJA,2.170 m2,SHM,864 m2,2010.0,> 200,3,10,3,-,085342663938,,500.0,-1.8015,116.1475
780,346.0,KAB. BREBES,Bulakamba,Masjid AT-TAQWA,http://simas.kemenag.go.id/index.php/profil/masjid/265942/,01.3.14.29.14.000056,Masjid Besar,RT.02 RW.01 BULAKAMBA KEC. BULAKAMBA KAB. BREBES,555 m2,Wakaf,425 m2,1940.0,50 - 100,5,5,6,50,081326876004,,800.0,-6.9714,110.4255
781,347.0,KAB. SUKABUMI,Tegalbuleud,Masjid NURUL FATA,http://simas.kemenag.go.id/index.php/profil/masjid/265905/,01.3.13.02.45.000141,Masjid Besar,Kp. Rancaerang Rt. 05/02 Desa. Buniasih,1.700 m2,Wakaf,400 m2,1980.0,> 200,6,6,5,30,085523956978,,250.0,-1.8015,116.1475
782,348.0,KAB. LUMAJANG,Jatiroto,Masjid BAITUL MUTTHOHHIRIN,http://simas.kemenag.go.id/index.php/profil/masjid/265881/,01.3.16.08.17.000040,Masjid Besar,KRAJAN I RT.16 RW. 03 DESA KALIBOTO LOR KECAMATAN JATIROTO,900 m2,Wakaf,468 m2,1951.0,> 200,12,7,-,-,081 358 000 399,,600.0,-1.8015,116.1475
783,349.0,KAB. SUMBAWA BARAT,Taliwang,Masjid Agung Darussalam,http://simas.kemenag.go.id/index.php/profil/masjid/265832/,01.3.18.07.02.000098,Masjid Besar,Komplek KTC Sumbawa Barat,100 m2,Wakaf,1.000 m2,2005.0,> 200,4,15,2,-,,,3000.0,-1.8015,116.1475
784,350.0,KAB. SIAK,Lubuk Dalam,Masjid Sultan Abdul Jalil Rachmad Syah,http://simas.kemenag.go.id/index.php/profil/masjid/265829/,01.3.04.08.11.000015,Masjid Besar,Jalan Pertamina Jalur 6 Sialang Baru,20.000 m2,SHM,-,2014.0,150 - 200,3,6,2,-,-,,500.0,-1.8015,116.1475
785,351.0,KAB. CIAMIS,Cihaurbeuti,Masjid ISLAHUNNAJA,http://simas.kemenag.go.id/index.php/profil/masjid/265599/,01.3.13.07.06.000084,Masjid Besar,DUSUN DESA KALER RT 03 RW 01 DESA CIHAURBEUTI,400 m2,Wakaf,225 m2,1980.0,100 - 150,4,4,4,25,,,300.0,-6.9152,107.6035
786,352.0,KAB. BANJARNEGARA,Susukan,Masjid AT-THOYIBAH,http://simas.kemenag.go.id/index.php/profil/masjid/265530/,01.3.14.04.01.000097,Masjid Besar,DERMASARI RT 05 RW 01,96 m2,Wakaf,96 m2,1994.0,50 - 100,2,3,5,20,082138620259,,100.0,-7.4834,109.4072
787,353.0,KAB. SEMARANG,Susukan,Masjid AL-ABROR,http://simas.kemenag.go.id/index.php/profil/masjid/265423/,01.3.14.22.03.000069,Masjid Besar,SUMBERSARI RT 12/05 BAKALREJO,196 m2,Wakaf,324 m2,1982.0,50 - 100,5,5,4,43,,,430.0,-6.9714,110.4255
788,354.0,KAB. SAMBAS,Sejangkung,Masjid NURUL ISLAM,http://simas.kemenag.go.id/index.php/profil/masjid/265372/,01.3.20.01.06.000030,Masjid Besar,DUSUN SENABAH RT 11/RW 003 DESA SEMANGA KECAMATAN SEJANGKUNG,900 m2,Wakaf,360 m2,1994.0,> 200,12,12,12,47,082153176672,,570.0,-0.0225,109.3303
789,355.0,KAB. BANGKA,Mendo Barat,Masjid As-Salam,http://simas.kemenag.go.id/index.php/profil/masjid/265327/,01.3.09.01.04.000022,Masjid Besar,Jalan Raya Pangkalpinang Desa Zed,-,Wakaf,690 m2,1970.0,> 200,-,-,-,-,-,,1100.0,-1.8015,116.1475
790,356.0,KAB. BANGKA,Mendo Barat,Masjid Al-Istiqomah,http://simas.kemenag.go.id/index.php/profil/masjid/265325/,01.3.09.01.04.000020,Masjid Besar,Jalan Pahlawan 12 Petaling Banjar Desa Petaling,1.500 m2,Wakaf,999 m2,1959.0,> 200,7,7,7,-,081278036548,,2500.0,-2.1227,106.1062
791,357.0,KAB. KAPUAS,Kapuas Hulu,Masjid Miftahul Jannah,http://simas.kemenag.go.id/index.php/profil/masjid/265229/,01.3.21.03.12.000003,Masjid Besar,Jalan Lintas Sei Hanyo - Kuala Kurun RT. 2 Kec. Kapuas Hulu Kab. Kapuas Kalteng,2.000 m2,Wakaf,400 m2,2015.0,50 - 100,4,5,4,35,,,600.0,-1.8015,116.1475
792,358.0,KAB. NUNUKAN,Sei Menggaris,Masjid BAITURRAHMAN,http://simas.kemenag.go.id/index.php/profil/masjid/265206/,01.3.34.02.13.000001,Masjid Besar,JLN. SEI MANGGARIS,10.000 m2,SHM,500 m2,2004.0,50 - 100,4,12,3,30,085255998494,,2000.0,-0.5022,117.1538
793,359.0,KAB. HALMAHERA SELATAN,Bacan Selatan,Masjid AN-NUR,http://simas.kemenag.go.id/index.php/profil/masjid/264948/,01.3.31.04.17.000001,Masjid Besar,DESA GANDASULI,1.600 m2,Wakaf,360 m2,2001.0,100 - 150,1,6,2,20,,,250.0,0.7718,127.381
794,360.0,KAB. DEIYAI,Tigi,Masjid ASH SIDDIQ,http://simas.kemenag.go.id/index.php/profil/masjid/264619/,01.3.32.28.01.000001,Masjid Besar,Jl. Kompleks Pasar Waghete I Distrik Tigi,2.500 m2,SHM,400 m2,2001.0,> 200,2,4,2,35,08114818634,,500.0,-4.1249,136.284
795,361.0,KAB. JAYAWIJAYA,Wamena,Masjid Nurul Hidayah,http://simas.kemenag.go.id/index.php/profil/masjid/264600/,01.3.32.02.01.000002,Masjid Besar,Jalan Safri Darwin,750 m2,SHM,500 m2,1975.0,> 200,3,7,3,30,,,1000.0,-2.5535,140.7047
796,362.0,KAB. MAPPI,Obaa,Masjid NURUL HUDA,http://simas.kemenag.go.id/index.php/profil/masjid/264599/,01.3.32.17.01.000001,Masjid Besar,"Jl. Telkomsel, Kel. Kepi, Dist. Obaa, Kab. Mappi",10.000 m2,SHM,900 m2,2010.0,> 200,5,10,5,35,085244251059,,500.0,-6.5168,139.3165
797,363.0,KAB. SRAGEN,Sumberlawang,Masjid AT-TAQWA,http://simas.kemenag.go.id/index.php/profil/masjid/264571/,01.3.14.14.15.000055,Masjid Besar,SENDANGPALANG,730 m2,Wakaf,90 m2,1952.0,50 - 100,-,-,-,-,,,200.0,-6.9714,110.4255
798,364.0,KAB. MUARO JAMBI,Jambi Luar Kota,Masjid ATTAQWA,http://simas.kemenag.go.id/index.php/profil/masjid/264137/,01.3.05.05.01.000067,Masjid Besar,Rt. 02 Ds. Mendalo Indah,900 m2,SHM,700 m2,1989.0,> 200,1,1,1,-,,,450.0,-1.454,102.4894
799,365.0,KAB. NUNUKAN,Sebatik Timur,Masjid Nurul Huda,http://simas.kemenag.go.id/index.php/profil/masjid/263952/,01.3.34.02.10.000035,Masjid Besar,Jl.Ahmad Yani RT.07 Desa Sungai Nyamuk,4.800 m2,Wakaf,-,1987.0,> 200,3,3,3,30,08125338270 /081350171760,,700.0,-1.8015,116.1475
800,366.0,KAB TANJUNG JABUNG TIMUR,Mendahara,Masjid Taqwa Nurul Iman,http://simas.kemenag.go.id/index.php/profil/masjid/263806/,01.3.05.07.03.000001,Masjid Besar,RT.06 JL. Daroel dsn Seroja,50x50 M2,Wakaf,35x35 M2,1970.0,50 - 100,2,4,2,25,,,1000.0,-1.8015,116.1475
801,367.0,KAB TANJUNG JABUNG TIMUR,Berbak,Masjid RUHULLAH,http://simas.kemenag.go.id/index.php/profil/masjid/263803/,01.3.05.07.11.000019,Masjid Besar,SK. 07 DESA RANTAU MAKMUR KEC. BERBAK,20.000 m2,Wakaf,112 m2,1999.0,50 - 100,-,-,-,-,,,0.0,-1.8015,116.1475
802,368.0,KAB. TUBAN,Kenduran,Masjid AL-IKHLAS,http://simas.kemenag.go.id/index.php/profil/masjid/263769/,01.3.16.23.01.000030,Masjid Besar,Jalan Tengku Umar Desa Sidomukti,2.500 m2,Wakaf,360 m2,1909.0,> 200,12,10,6,350,081233972135,,1000.0,-6.9169,111.63
803,369.0,KAB. PANGANDARAN,Padaherang,Masjid At-Tqwa,http://simas.kemenag.go.id/index.php/profil/masjid/263721/,01.3.13.27.07.000101,Masjid Besar,Dusun Burujul Rt. 01 Rw. 05 Desa Padaherang,887 m2,Wakaf,396 m2,1935.0,150 - 200,2,4,-,-,082217169775,,500.0,-7.5969,108.7156
804,370.0,KOTA PEKALONGAN,Pekalongan Utara,Masjid Al-Ikhlas,http://simas.kemenag.go.id/index.php/profil/masjid/263709/,01.3.14.34.03.000013,Masjid Besar,"Kawasan Lapangan Jetayu No. 1, Panjang Wetan, Pekalongan Utara, Kota Pekalongan, Jawa Tengah 51141",1.600 m2,Girik,1.036 m2,1970.0,> 200,4,10,3,35,081548158939,"H. Ahmad Djaiz, S.Ag. (Ketua T…",800.0,-1.8015,116.1475
805,371.0,KAB. POLEWALI MANDAR,Tapango,Masjid BAITUL MAKMUR,http://simas.kemenag.go.id/index.php/profil/masjid/263642/,01.3.29.04.07.000049,Masjid Besar,Dusun i Tapango Desa Tapango,662 m2,Wakaf,360 m2,1982.0,50 - 100,1,1,1,25,081241573768,,400.0,-1.8015,116.1475
806,372.0,KAB. LOMBOK UTARA,Kayangan,Masjid NURUL HUDA,http://simas.kemenag.go.id/index.php/profil/masjid/263626/,01.3.18.08.03.000014,Masjid Besar,DUSUN OMAN ROT . DESA SESAIT,910 m2,Wakaf,250 m2,1988.0,> 200,3,3,4,35,,,200.0,-1.8015,116.1475
807,373.0,KAB. PANGANDARAN,Cimerak,Masjid At-Tqwa,http://simas.kemenag.go.id/index.php/profil/masjid/263490/,01.3.13.27.03.000065,Masjid Besar,Dusun Ciawi Rt. 13 Rw. 03 Desa Cimerak,350 m2,Wakaf,300 m2,1930.0,> 200,8,5,5,-,,,0.0,-7.7487,108.4392
808,374.0,KAB. PANGANDARAN,Langkaplancar,Masjid Al-Hidayah,http://simas.kemenag.go.id/index.php/profil/masjid/263489/,01.3.13.27.05.000078,Masjid Besar,Dusun Limusnunggal Rt. 03 Rw. 01 Desa Bangunjaya,195 m2,Wakaf,120 m2,1950.0,> 200,4,4,4,15,,,250.0,-7.6535,108.5188
809,375.0,KAB. BOYOLALI,Wonosegoro,Masjid Al-Falah,http://simas.kemenag.go.id/index.php/profil/masjid/263349/,01.3.14.09.18.000047,Masjid Besar,"Jrebeng, Wonosegoro",240 m2,Wakaf,140 m2,1946.0,50 - 100,2,2,1,-,,,100.0,-1.8015,116.1475
810,376.0,KAB TANJUNG JABUNG TIMUR,Kuala Jambi,Masjid Al-Azhar,http://simas.kemenag.go.id/index.php/profil/masjid/263272/,01.3.05.07.08.000011,Masjid Besar,RT.04 Kel. Kampung Laut,3.968 m2,Wakaf,400 m2,1950.0,> 200,2,4,4,-,,,750.0,-1.8015,116.1475
811,377.0,KAB. BULUNGAN,Tanjung Palas Utara,Masjid Al-Muhajirin,http://simas.kemenag.go.id/index.php/profil/masjid/263157/,01.3.34.01.03.000007,Masjid Besar,Jl. HM. Ardans RT 05 R 02 Desa Panca Agung,11.850 m2,Wakaf,324 m2,1983.0,100 - 150,4,8,4,120,081346540303,,700.0,-0.5022,117.1538
812,378.0,KAB. NUNUKAN,Nunukan Selatan,Masjid Hidayaturrahman Islamic Center,http://simas.kemenag.go.id/index.php/profil/masjid/263052/,01.3.34.02.09.000023,Masjid Besar,Jl. Sei Jepun Kel. Mansapa,50.000 m2,SHM,10.079 m2,2015.0,> 200,3,-,-,-,,,0.0,-1.8015,116.1475
813,379.0,KOTA PEKALONGAN,Pekalongan Barat,Masjid Assyafi,http://simas.kemenag.go.id/index.php/profil/masjid/262970/,01.3.14.34.01.000040,Masjid Besar,Jl.Urip Sumoharjo no.27 Rt.10 Rw.03Priglangu,2.500 m2,Wakaf,1.500 m2,1911.0,> 200,5,5,3,90,0285) 428981 Hp.085866901373,,500.0,-6.9087,109.6615
814,380.0,KAB. KOTAWARINGIN TIMUR,Mentaya Hilir Selatan,Masjid Husnul Hadi,http://simas.kemenag.go.id/index.php/profil/masjid/262556/,01.3.21.02.08.000026,Masjid Besar,Jl. Bakti TNI RT. 03 RW. 1 Kelurahan Samuda Kota,6.000 m2,Girik,576 m2,2015.0,> 200,3,7,5,10,081349009899,,400.0,-2.2242,113.9423
815,381.0,KAB. ROKAN HILIR,Batu Hampar,Masjid Jannatul Firdaus,http://simas.kemenag.go.id/index.php/profil/masjid/262299/,01.3.04.07.12.000001,Masjid Besar,Bentayan Hilir RT.02 RW.03 Jl. Lintas Bagansiapiapi - Ujung Tanjung,5.600 m2,SHM,625 m2,2006.0,50 - 100,2,2,-,-,08127682137,,100.0,0.5462,101.4323
816,382.0,KAB. BANYUMAS,Cilongok,Masjid BAITUL MATIEN,http://simas.kemenag.go.id/index.php/profil/masjid/262043/,01.3.14.02.17.000076,Masjid Besar,JL. RAYA PERNASIDI RT 001/005,-,Wakaf,800 m2,1924.0,100 - 150,4,15,10,-,,,500.0,-1.8015,116.1475
817,383.0,KAB. PATI,Trangkil,Masjid AT-Taqwa,http://simas.kemenag.go.id/index.php/profil/masjid/261926/,01.3.14.18.21.000013,Masjid Besar,Ds.Ketanen Kec. Trangkil Kab. Pati,400 m2,Wakaf,144 m2,1985.0,150 - 200,8,8,8,100,,,400.0,-1.8015,116.1475
818,384.0,KAB. TEBO,Rimbo Bujang,Masjid Al-Huda,http://simas.kemenag.go.id/index.php/profil/masjid/261891/,01.3.05.09.04.000098,Masjid Besar,Jln. Pahlawan Kel. Wiroto Agung,11.200 m2,Wakaf,575 m2,1977.0,50 - 100,2,2,2,75,-,,1000.0,-1.8015,116.1475
819,385.0,KAB. JENEPONTO,Bontoramba,Masjid Nurun Muhammad,http://simas.kemenag.go.id/index.php/profil/masjid/261803/,01.3.26.04.07.000052,Masjid Besar,"Bontoramba, Kel. Bontoramba",1.600 m2,Wakaf,400 m2,1905.0,> 200,1,15,4,20,,,1212.0,-5.6209,119.7
820,386.0,KAB. INDRAMAYU,Lohbener,Masjid SALIKUL HUDA,http://simas.kemenag.go.id/index.php/profil/masjid/261782/,01.3.13.12.18.000018,Masjid Besar,JL. IRIGASI TELUKAN DS. KIAJARAN KULON,760 m2,Wakaf,350 m2,1984.0,> 200,3,4,3,50,'085222132801,,300.0,-6.9152,107.6035
821,387.0,KAB. MERANGIN,Tabir,Masjid Al-Jihad,http://simas.kemenag.go.id/index.php/profil/masjid/261633/,01.3.05.02.05.000002,Masjid Besar,Pasar Rantau Panjang,4.032 m2,Wakaf,300 m2,1962.0,150 - 200,3,4,4,40,,,400.0,-1.8015,116.1475
822,388.0,KAB. BOJONEGORO,Temayang,Masjid BAITUR ROHMAN,http://simas.kemenag.go.id/index.php/profil/masjid/261521/,01.3.16.22.21.000040,Masjid Besar,DESA TEMAYANG,3.150 m2,Wakaf,640 m2,1940.0,50 - 100,3,5,5,25,,,1000.0,-7.2892,112.7344
823,389.0,KAB. MAMUJU,Tapalang,Masjid NURUL YAQIN,http://simas.kemenag.go.id/index.php/profil/masjid/261505/,01.3.29.02.02.000011,Masjid Besar,LINGKUNGAN GALUNG KELURAN GALUNG,917 m2,Wakaf,324 m2,1925.0,> 200,1,5,2,25,082187671546,,200.0,-1.8015,116.1475
824,390.0,KAB. BOJONEGORO,Ngasem,Masjid Al-Muttaqin,http://simas.kemenag.go.id/index.php/profil/masjid/261369/,01.3.16.22.04.000035,Masjid Besar,Krajan Ds. Ngasem,-,Girik,-,0.0,50 - 100,-,-,-,-,,,0.0,-1.8015,116.1475
825,391.0,KAB. TULUNGAGUNG,Puncaklaban,Masjid Baiturrohman,http://simas.kemenag.go.id/index.php/profil/masjid/260926/,01.3.16.04.12.000022,Masjid Besar,Desa Sumberdadap RT:04 RW:01 Kecamatan Pucanglaban Kabupaten Tulungagung,547 m2,SHM,352 m2,1997.0,150 - 200,7,5,5,25,,,230.0,-8.0973,111.9672
826,392.0,KAB. KETAPANG,Marau,Masjid AL-AZHAR,http://simas.kemenag.go.id/index.php/profil/masjid/260779/,01.3.20.04.02.000003,Masjid Besar,Jln. Daeng Utih RT.005 RW.001,2.950 m2,Wakaf,529 m2,1983.0,> 200,4,-,5,20,082157639215,,200.0,-0.0225,109.3303
827,393.0,KOTA MANADO,Malalayang,Masjid Aziddin,http://simas.kemenag.go.id/index.php/profil/masjid/260692/,01.3.24.12.09.000001,Masjid Besar,Masjid Besar Azidin,1.000 m2,SHM,500 m2,1992.0,100 - 150,1,1,1,100,&#39;085256772200,,1000.0,1.4884,124.8434
828,394.0,KAB. MINAHASA TENGGARA,Belang,Masjid Al-Amin,http://simas.kemenag.go.id/index.php/profil/masjid/260686/,01.3.24.07.03.000003,Masjid Besar,Desa Belang,1.931 m2,SHM,858 m2,1991.0,> 200,1,4,3,200,085397955705,,2000.0,0.9446,124.7873
829,395.0,KOTA GORONTALO,Dungingi,Masjid Al-Jariah,http://simas.kemenag.go.id/index.php/profil/masjid/260572/,01.3.28.06.04.000014,Masjid Besar,Jalan Beringin Kel. Huangobotu,448 m2,Wakaf,400 m2,0.0,50 - 100,2,2,1,25,081340368366,,200.0,0.5694,123.0368
830,396.0,KAB. PESISIR SELATAN,IV Jurai,Masjid RAYA DARUL FALLAH,http://simas.kemenag.go.id/index.php/profil/masjid/260523/,01.3.03.01.05.000002,Masjid Besar,Jl. Jendral Sudirman Kampung Koto Nagari Salido Kec. IV Jurai,1.340 m2,Wakaf,750 m2,1945.0,50 - 100,1,5,1,20,085263793168,,500.0,-1.3338,100.5706
831,397.0,KAB. JEMBER,Jelbuk,Masjid Al Barokah,http://simas.kemenag.go.id/index.php/profil/masjid/260150/,01.3.16.09.25.000079,Masjid Besar,Jl. A Yani No. 45,2.323 m2,Wakaf,280 m2,1892.0,150 - 200,5,5,3,-,085100441618,Takmir Masjid : Joko Purwanto,350.0,-8.1601,112.9981
832,398.0,KAB. KEBUMEN,Petanahan,Masjid Az-Zuhud,http://simas.kemenag.go.id/index.php/profil/masjid/260083/,01.3.14.05.04.000066,Masjid Besar,Kauman RT 03 RW 01 Petanahan,610 m2,Wakaf,394 m2,1941.0,100 - 150,3,3,4,150,085219004150,Masjid Az-Zuhud terletak di de…,3000.0,-7.749,109.5857
833,399.0,KAB. BURU,Fena Leisela,Masjid Al-Munawarah,http://simas.kemenag.go.id/index.php/profil/masjid/259957/,01.3.30.04.08.000001,Masjid Besar,Desa Wamlana,6.400 m2,SHM,300 m2,2013.0,50 - 100,2,2,1,-,,,120.0,-3.6998,128.1665
834,400.0,KAB. KEPULAUAN ARU,Aru Utara,Masjid At-Taqwa,http://simas.kemenag.go.id/index.php/profil/masjid/259902/,01.3.30.07.04.000001,Masjid Besar,Desa Marlasi,2.500 m2,Wakaf,256 m2,2015.0,100 - 150,1,1,1,64,-,,150.0,-5.3708,134.584
835,401.0,KAB. KEPULAUAN ARU,Pulau-Pulau Aru,Masjid Nurul Hayat,http://simas.kemenag.go.id/index.php/profil/masjid/259884/,01.3.30.07.01.000002,Masjid Besar,Jl. Ali Moertopo Kelurahan Siwalima,5.000 m2,Wakaf,225 m2,1995.0,> 200,1,1,1,15,081344901907,,900.0,-5.7609,134.2217
836,402.0,KAB. MAGETAN,Barat,Masjid BAITUL MUBAROK,http://simas.kemenag.go.id/index.php/profil/masjid/259695/,01.3.16.20.12.000046,Masjid Besar,RT 02/01 BANJAREJO,617 m2,Wakaf,289 m2,2018.0,150 - 200,5,5,5,50,085807208705,,250.0,-7.5759,111.4416
837,403.0,KAB. OKU TIMUR,Madang Suku II,Masjid AT-TAQWA,http://simas.kemenag.go.id/index.php/profil/masjid/259514/,01.3.06.08.06.000020,Masjid Besar,DSN.II DESA PANDAN AGUNG,1.005 m2,Wakaf,625 m2,1958.0,100 - 150,5,7,3,45,085273114005,,5.0,-2.991,104.7574
838,404.0,KAB. JEMBER,Gumukmas,"Masjid ""Al-Asy'ari""",http://simas.kemenag.go.id/index.php/profil/masjid/259312/,01.3.16.09.04.000054,Masjid Besar,Jl. Sultan Agung Purwoasri,3.666 m2,Wakaf,832 m2,1912.0,> 200,10,5,2,20,085336185225,,500.0,-7.2892,112.7344
839,405.0,KAB. MANGGARAI,Reok,Masjid Nurul Huda,http://simas.kemenag.go.id/index.php/profil/masjid/259309/,01.3.19.10.05.000004,Masjid Besar,Kelurahan Reo - Kecamatan Reok - Kabupaten Manggarai - Provinsi Nusa Tenggara Timur,2.925 m2,SHM,78.375 m2,1919.0,100 - 150,3,15,3,55,081392552089,,1300.0,-8.6625,120.5447
840,406.0,KAB. BUTON SELATAN,Batauga,Masjid Nurul Fitri,http://simas.kemenag.go.id/index.php/profil/masjid/259223/,01.3.27.17.01.000001,Masjid Besar,Kelurahan Laompo Kecamatan Batauga Kabupaten Buton Selatan Provinsi Sulawesi Tenggara,3.500 m2,Wakaf,528 m2,1975.0,150 - 200,1,3,2,10,,,200.0,-5.6634,122.6196
841,407.0,KOTA TARAKAN,Tarakan Utara,Masjid BABURRAHMAN,http://simas.kemenag.go.id/index.php/profil/masjid/259155/,01.3.34.05.04.000022,Masjid Besar,RT. 008 KEL. JUATA LAUT KEC. TARAKAN UTARA,2.958 m2,Wakaf,868 m2,2003.0,> 200,3,2,2,24,08115445003,,400.0,-1.8015,116.1475
842,408.0,KAB. TUBAN,Palang,Masjid Baiturrahman,http://simas.kemenag.go.id/index.php/profil/masjid/259073/,01.3.16.23.18.000083,Masjid Besar,Kradenan,900 m2,Wakaf,800 m2,1981.0,150 - 200,5,5,5,-,,,200.0,-1.8015,116.1475
843,409.0,KAB. OKU SELATAN,Sungai Are,Masjid AL-HIKMAH,http://simas.kemenag.go.id/index.php/profil/masjid/258987/,01.3.06.09.15.000003,Masjid Besar,DUSUN II DESA SIMPANG LUAS,750 m2,Wakaf,200 m2,2001.0,> 200,5,5,4,15,,,300.0,-4.4831,103.5134
844,410.0,KAB. MUARA ENIM,Belida Darat,Masjid Jamia't-Taqwa,http://simas.kemenag.go.id/index.php/profil/masjid/258964/,01.3.06.03.24.000003,Masjid Besar,Gaung Asam,206 m2,Wakaf,168 m2,1994.0,50 - 100,10,15,12,23,,,70.0,-1.8015,116.1475
845,411.0,KAB. BOGOR,Cileungsi,Masjid Al-Manshurunal Muqorrobun,http://simas.kemenag.go.id/index.php/profil/masjid/258871/,01.3.13.01.07.000155,Masjid Besar,Jl. Alternatif Cibubur RT 03 RW 02 Desa Cileungsi,7.717 m2,Girik,529 m2,1986.0,> 200,4,10,4,25,081382703925 - 0817774244 - 081804944410,,750.0,-6.9152,107.6035
846,412.0,KAB. MUARA ENIM,Muara Belida,Masjid Riyadul Jannah,http://simas.kemenag.go.id/index.php/profil/masjid/258752/,01.3.06.03.22.000016,Masjid Besar,Dusun 2 Desa Arisan Musi Timur Kec Muara Belida Kab Muara Enim,4.500 m2,Wakaf,2.400 m2,1942.0,150 - 200,6,6,7,30,,,200.0,-1.8015,116.1475
847,413.0,KOTA PALEMBANG,Alang-alang Lebar,Masjid DARUL MUTTAQIN,http://simas.kemenag.go.id/index.php/profil/masjid/258569/,01.3.06.12.15.000067,Masjid Besar,"PERUM MASKAREBET RT.04 RW.02
KEL.TLG KELAPA",1.200 m2,Wakaf,600 m2,1986.0,> 200,10,6,6,20,,,500.0,-2.991,104.7574
848,414.0,KAB. TUBAN,Semanding,Masjid BABUS SALAM,http://simas.kemenag.go.id/index.php/profil/masjid/258516/,01.3.16.23.15.000003,Masjid Besar,Jln .Penambangan No.126 Dsn Krajan  Ds.Penambangan Kec.Semanding Kab.Tuban,3.060 m2,Wakaf,445 m2,1950.0,100 - 150,10,10,10,120,085749875008,,500.0,-7.2892,112.7344
849,415.0,KAB. MUARA ENIM,Lubai Ulu,Masjid Nurul Iman,http://simas.kemenag.go.id/index.php/profil/masjid/258476/,01.3.06.03.25.000001,Masjid Besar,Karang Agung,2.500 m2,Wakaf,450 m2,2016.0,50 - 100,5,5,3,50,,,0.0,-2.991,104.7574
850,416.0,KAB. LUMAJANG,Kunir,Masjid AL-FALAH,http://simas.kemenag.go.id/index.php/profil/masjid/258258/,01.3.16.08.06.000002,Masjid Besar,DSN. SUMBERELING DS. KUNIR LOR,420 m2,Wakaf,286 m2,2000.0,100 - 150,15,10,8,40,085746659230,,925.0,-1.8015,116.1475
851,417.0,KAB. MUARA ENIM,Gelumbang,Masjid BABUSSALAM,http://simas.kemenag.go.id/index.php/profil/masjid/258231/,01.3.06.03.06.000063,Masjid Besar,"JL. RAYA PALEMBANG PRABUMULIH, SIMPANG EMPAT GELUMBANG",1.347 m2,Wakaf,460 m2,1850.0,> 200,10,10,15,10,082188202627,,2000.0,-2.991,104.7574
852,418.0,KAB. OKU TIMUR,Madang Suku I,Masjid DARUSSALAM,http://simas.kemenag.go.id/index.php/profil/masjid/258202/,01.3.06.08.07.000064,Masjid Besar,DUSUN I DESA RASUAN KEC. MADANG SUKU KAB. OKU TIMUR,5.000 m2,Girik,675 m2,1850.0,> 200,5,5,8,25,085216069572,,500.0,-2.991,104.7574
853,419.0,KAB. OKU TIMUR,Cempaka,Masjid SA&#39;ADATUL UMMAH,http://simas.kemenag.go.id/index.php/profil/masjid/258194/,01.3.06.08.04.000027,Masjid Besar,DESA CEMPAKA KEC. CEMPAKA KAB. OKU TIMUR,2.250 m2,Wakaf,1.279 m2,1993.0,> 200,8,8,15,200,082185142917,,500.0,-1.8015,116.1475
854,420.0,KAB. TUBAN,Keretek,Masjid AlJami',http://simas.kemenag.go.id/index.php/profil/masjid/258144/,01.3.16.23.08.000006,Masjid Besar,Jl.Raya Kerek - Tuban,1.515 m2,Wakaf,1.800 m2,1927.0,> 200,5,10,6,20,081259890127,,1000.0,-1.8015,116.1475
855,421.0,KAB. OKU TIMUR,Madang Suku II,Masjid AGUNG SABILIL HIDAYAH,http://simas.kemenag.go.id/index.php/profil/masjid/258047/,01.3.06.08.06.000019,Masjid Besar,DESA SRI KENCANA,2.500 m2,Wakaf,483 m2,2007.0,100 - 150,3,5,5,43,085268939614,,400.0,-2.991,104.7574
856,422.0,KAB. MUSI RAWAS,Tuah Negeri,Masjid Muawwanah,http://simas.kemenag.go.id/index.php/profil/masjid/258043/,01.3.06.05.20.000005,Masjid Besar,Simpang Semambang,900 m2,Girik,192 m2,1987.0,150 - 200,2,2,2,20,,,200.0,-3.1351,103.1345
857,423.0,KOTA TARAKAN,Tarakan Tengah,Masjid NURUL ISLAM,http://simas.kemenag.go.id/index.php/profil/masjid/258026/,01.3.34.05.02.000027,Masjid Besar,RT. 21 KEL. PAMUSIAN,875 m2,Wakaf,400 m2,1936.0,> 200,4,2,5,-,082158289220,,800.0,-1.8015,116.1475
858,424.0,KAB. OGAN KOMERING ILIR,Sirah Pulau Padang,Masjid Jamik,http://simas.kemenag.go.id/index.php/profil/masjid/258002/,01.3.06.02.05.000013,Masjid Besar,SP Padang,750 m2,Wakaf,144 m2,1942.0,50 - 100,5,5,7,30,-,,50.0,-1.8015,116.1475
859,425.0,KAB. MUSI RAWAS,Purwodadi,Masjid AL-FALAH(w),http://simas.kemenag.go.id/index.php/profil/masjid/257989/,01.3.06.05.13.000011,Masjid Besar,KELURAHAN O. MANGUN HARJO,200 m2,Girik,100 m2,2000.0,150 - 200,2,2,2,20,,,200.0,-3.3818,103.0518
860,426.0,KAB. MUSI RAWAS,Jayaloka,Masjid JAMIATUL MUSLIMIN,http://simas.kemenag.go.id/index.php/profil/masjid/257988/,01.3.06.05.08.000023,Masjid Besar,"Jl. Veteran, Marga Tunggal",500 m2,Girik,100 m2,2000.0,150 - 200,2,2,2,20,,,200.0,-3.8204,103.4033
861,427.0,KAB. OGAN KOMERING ILIR,Kayu Agung,Masjid AGUNG SOLIHIN,http://simas.kemenag.go.id/index.php/profil/masjid/257981/,01.3.06.02.04.000063,Masjid Besar,Jalan Muchtar Saleh Kelurahan Sidakersa,1.500 m2,Wakaf,800 m2,1945.0,> 200,2,5,5,30,,,800.0,-3.3845,104.8286
862,428.0,KAB. OGAN ILIR,Kandis,Masjid Nurul Iman II,http://simas.kemenag.go.id/index.php/profil/masjid/257954/,01.3.06.10.13.000010,Masjid Besar,Dusun III Desa Kandis I,1.000 m2,Wakaf,1.600 m2,2002.0,150 - 200,8,10,6,-,081373401806,,1500.0,-3.415,104.79
863,429.0,KAB. OGAN ILIR,Rambang Kuang,Masjid Pangeran Abdul Wahhab,http://simas.kemenag.go.id/index.php/profil/masjid/257910/,01.3.06.10.14.000001,Masjid Besar,Jalan Raya Propinsi Desa Tambang Rambang Kec.Rambang Kuang Kab.Ogan Ilir,2.500 m2,Wakaf,400 m2,1990.0,100 - 150,5,5,10,30,,,300.0,-2.991,104.7574
864,430.0,KAB. OKU TIMUR,Belitang Madang Raya,Masjid Al-Muhajirin,http://simas.kemenag.go.id/index.php/profil/masjid/257906/,01.3.06.08.18.000016,Masjid Besar,Desa Karang Binanguun Kec. Belitang Madang Raya Kab. OKU Timur,921 m2,Wakaf,360 m2,1980.0,150 - 200,5,4,4,-,,,200.0,-1.8015,116.1475
865,431.0,KAB. MUARA ENIM,Tanjung Agung,Masjid MASJID AT-THOYYBIN,http://simas.kemenag.go.id/index.php/profil/masjid/257881/,01.3.06.03.01.000037,Masjid Besar,DUSUN 4 DESA TANJUNG AGUNG,400 m2,Wakaf,205 m2,1928.0,50 - 100,13,12,15,-,,,1000.0,-2.991,104.7574
866,432.0,KAB. BOGOR,Cisarua,Masjid Al-Barokah,http://simas.kemenag.go.id/index.php/profil/masjid/257850/,01.3.13.01.25.000004,Masjid Besar,Jl. Raya puncak Cisarua Kelurahan Cisarua,1.978 m2,Wakaf,1.500 m2,1950.0,> 200,12,4,8,20,-,,1000.0,-1.8015,116.1475
867,433.0,KAB. OKU TIMUR,Buay Madang Timur,Masjid Al AMANAH,http://simas.kemenag.go.id/index.php/profil/masjid/257847/,01.3.06.08.12.000030,Masjid Besar,Jl. Belitang - Martapura Desa Srikaton Kp. VI Kec. Buay Madang Timur Kab. OKU Timur,2.500 m2,Wakaf,289 m2,1954.0,150 - 200,6,4,4,56,081373159499,,600.0,-4.0437,123.1265
868,434.0,KAB. OGAN ILIR,Payaraman,Masjid BAITURRAHIM,http://simas.kemenag.go.id/index.php/profil/masjid/257793/,01.3.06.10.16.000012,Masjid Besar,Jln. Lanang Kuaso  Kelurahan Payaraman Timur,1.600 m2,Girik,625 m2,2011.0,> 200,15,15,20,30,085268401410,,1000.0,-1.8015,116.1475
869,435.0,KAB. BURU,Lolong Guba,Masjid Al-Ikhlas,http://simas.kemenag.go.id/index.php/profil/masjid/257758/,01.3.30.04.06.000010,Masjid Besar,Desa Kubalahin,1.600 m2,Wakaf,144 m2,1997.0,50 - 100,1,1,1,-,,,100.0,-1.8015,116.1475
870,436.0,KAB. TUBAN,Tambakboyo,Masjid Nurul Islam,http://simas.kemenag.go.id/index.php/profil/masjid/257751/,01.3.16.23.06.000001,Masjid Besar,Desa Tambakboyo Kec. Tambakboyo Kab. Tuban,2.245 m2,Wakaf,400 m2,1911.0,> 200,5,5,4,30,-,,1000.0,-7.2892,112.7344
871,437.0,KAB. LAMPUNG SELATAN,Penengahan,Masjid Miftahul Jannah,http://simas.kemenag.go.id/index.php/profil/masjid/257739/,01.3.08.01.06.000063,Masjid Besar,Jl.  Pasar Pasuruan,1.000 m2,Wakaf,400 m2,1980.0,> 200,4,6,3,35,,,400.0,-5.8669,105.7425
872,438.0,KAB. TUBAN,Bancar,Masjid BAITUL-ATIQ,http://simas.kemenag.go.id/index.php/profil/masjid/257676/,01.3.16.23.04.000038,Masjid Besar,DS SUKOLILO BANCAR TUBAN,2.200 m2,Wakaf,196 m2,1895.0,100 - 150,-,-,-,-,,,0.0,-1.8015,116.1475
873,439.0,KAB. BOGOR,Gunung Sindur,Masjid Nurul Iman,http://simas.kemenag.go.id/index.php/profil/masjid/257618/,01.3.13.01.11.000025,Masjid Besar,Jl. Permata No. 19 RT 06 RW 05 Desa Curug,2.000 m2,Wakaf,414 m2,1908.0,> 200,4,6,5,-,-,,1200.0,-6.3943,106.7203
874,440.0,KAB. LAHAT,Muara Payang,Masjid NURUL YAKIN,http://simas.kemenag.go.id/index.php/profil/masjid/257612/,01.3.06.04.21.000012,Masjid Besar,DESA LAWANG AGUNG BARU KEC.MUARA PAYANG  KAB.LAHAT,800 m2,Wakaf,160 m2,2000.0,50 - 100,4,4,10,30,081279396339,,200.0,-3.7671,102.9394
875,441.0,KAB. LAHAT,Mulak Ulu,Masjid ASSALAM,http://simas.kemenag.go.id/index.php/profil/masjid/257585/,01.3.06.04.08.000005,Masjid Besar,DESA MUARA TIGA KEC. MULAK ULU KAB. LAHAT,520 m2,Wakaf,200 m2,1979.0,50 - 100,4,-,5,-,,,150.0,-1.8015,116.1475
876,442.0,KAB. LAHAT,Kikim Selatan,Masjid Shafa,http://simas.kemenag.go.id/index.php/profil/masjid/257552/,01.3.06.04.09.000001,Masjid Besar,Desa Pagar Jati,2.160 m2,Wakaf,200 m2,2004.0,100 - 150,5,10,10,10,,,0.0,-1.1892,89.6842
877,443.0,KAB. LAHAT,Kikim Tengah,Masjid Ar-Ridho,http://simas.kemenag.go.id/index.php/profil/masjid/257540/,01.3.06.04.11.000001,Masjid Besar,Desa Tanjung Aur,360 m2,Wakaf,-,1992.0,100 - 150,3,3,3,10,,,0.0,-3.6933,103.2642
878,444.0,KAB. LAHAT,Kikim Barat,Masjid Nurul Iman,http://simas.kemenag.go.id/index.php/profil/masjid/257532/,01.3.06.04.12.000021,Masjid Besar,Desa Saung Naga Kec. Kikim Barat Kab. Lahat,424 m2,SHM,196 m2,1993.0,100 - 150,3,3,5,60,,,300.0,-3.1666,104.4058
879,445.0,KAB. TUBAN,Soko,Masjid BAITUR ROHIM,http://simas.kemenag.go.id/index.php/profil/masjid/257353/,01.3.16.23.11.000002,Masjid Besar,Jln Raya Sokosari No:28 Ds Sokosari KecSoko,4.800 m2,Wakaf,300 m2,1919.0,> 200,-,-,-,-,081241366551,,2000.0,-7.2892,112.7344
880,446.0,KAB. TASIKMALAYA,Gunung Tanjung,Masjid Kalangsari,http://simas.kemenag.go.id/index.php/profil/masjid/257145/,01.3.13.06.23.000168,Masjid Besar,Kp. Kalangsari RT 03/02 Desa Bojongsari,400 m2,Wakaf,200 m2,1974.0,100 - 150,4,4,4,-,,,200.0,-7.5255,109.0098
881,447.0,KAB. TUBAN,Singgahan,Masjid At-Taqwa,http://simas.kemenag.go.id/index.php/profil/masjid/257073/,01.3.16.23.07.000001,Masjid Besar,Ds.  Mulyoagung,2.472 m2,Wakaf,810 m2,1943.0,> 200,4,5,5,20,,,1000.0,-7.2892,112.7344
882,448.0,KAB. LAMPUNG UTARA,Abung Tinggi,Masjid Al-ikhlas,http://simas.kemenag.go.id/index.php/profil/masjid/257038/,01.3.08.03.12.000037,Masjid Besar,dusun 03 sukamarga,80 m2,Wakaf,48 m2,1995.0,50 - 100,2,2,1,-,,,100.0,-1.8015,116.1475
883,449.0,KAB. LAMPUNG UTARA,Abung Tinggi,Masjid Al-amin,http://simas.kemenag.go.id/index.php/profil/masjid/257037/,01.3.08.03.12.000036,Masjid Besar,Dusun 11 sukamarga,120 m2,Wakaf,90 m2,1998.0,50 - 100,2,-,1,-,,,100.0,-5.2424,104.3075
884,450.0,KAB. LAMPUNG UTARA,Abung Tinggi,Masjid Baiturahman,http://simas.kemenag.go.id/index.php/profil/masjid/257003/,01.3.08.03.12.000035,Masjid Besar,Ulak rengas,150 m2,Wakaf,120 m2,2005.0,50 - 100,2,2,2,-,,,150.0,-1.8015,116.1475
885,451.0,KAB. KETAPANG,Simpang Hulu,Masjid AL-ILMI,http://simas.kemenag.go.id/index.php/profil/masjid/256687/,01.3.20.04.07.000006,Masjid Besar,jln. Trans Kalimantan Desa Balai Pinang,1.500 m2,Wakaf,400 m2,2017.0,50 - 100,5,5,4,20,081352421209,,150.0,-0.0225,109.3303
886,452.0,KAB. LAMPUNG UTARA,Abung Tinggi,Masjid Ar-rahman,http://simas.kemenag.go.id/index.php/profil/masjid/256684/,01.3.08.03.12.000032,Masjid Besar,Dsn 3 kibang kebun dalam,132 m2,Wakaf,132 m2,1980.0,50 - 100,3,3,2,-,,,100.0,-5.2424,104.3075
887,453.0,KAB. BULUNGAN,Sekatak,Masjid HIDAYATULLAH,http://simas.kemenag.go.id/index.php/profil/masjid/256658/,01.3.34.01.09.000001,Masjid Besar,jl.Pangeran Muda RT. 01 Desa sekatak buji kecamatan sekatak,924 m2,Wakaf,324 m2,1975.0,> 200,2,5,2,-,082158820455,,500.0,-0.5022,117.1538
888,454.0,KAB. LAMPUNG UTARA,Abung Tinggi,Masjid Nurul iman,http://simas.kemenag.go.id/index.php/profil/masjid/256621/,01.3.08.03.12.000030,Masjid Besar,Dusun 03 sukamaju kecamatan Abung tinggi kabupaten lampung utara,240 m2,Wakaf,100 m2,1989.0,50 - 100,2,3,1,-,,,100.0,-5.2424,104.3075
889,455.0,KAB. NUNUKAN,Sebatik,Masjid Al-Khair,http://simas.kemenag.go.id/index.php/profil/masjid/256598/,01.3.34.02.01.000005,Masjid Besar,Rt. 03 Desa Tanjung Karang,1.224 m2,Wakaf,-,1997.0,150 - 200,2,2,1,-,08125480267,,200.0,4.0623,117.9199
890,456.0,KAB TANA TIDUNG,Sesayap Hilir,Masjid Baiturrahman,http://simas.kemenag.go.id/index.php/profil/masjid/256590/,01.3.34.04.02.000008,Masjid Besar,Jl. Aji Putra RT. IV Desa Sesayap Kec. Sesayap Hilir,920 m2,Wakaf,360 m2,1976.0,> 200,7,10,10,-,085251485270,,300.0,-0.5022,117.1538
891,457.0,KAB. BURU,Teluk Kaiely,Masjid Al-Huda,http://simas.kemenag.go.id/index.php/profil/masjid/256491/,01.3.30.04.09.000005,Masjid Besar,Desa Kaiely,2.500 m2,Wakaf,437 m2,2003.0,50 - 100,1,1,2,15,,,0.0,-1.8015,116.1475
892,458.0,KAB. BULUNGAN,Tanjung Palas,Masjid Kasimuddin,http://simas.kemenag.go.id/index.php/profil/masjid/256435/,01.3.34.01.01.000001,Masjid Besar,Jl. Kasimudin Kel. Tanjung Palas Tengah,2.500 m2,Wakaf,-,1897.0,150 - 200,-,-,-,-,,,0.0,-1.8015,116.1475
893,459.0,KAB TANA TIDUNG,Tana Lia,Masjid Darul Ibad,http://simas.kemenag.go.id/index.php/profil/masjid/256403/,01.3.34.04.03.000003,Masjid Besar,Jl. Dermaga RT. 01 Tanah Merah Barat,2.400 m2,Girik,288 m2,1979.0,150 - 200,2,4,3,-,-,,200.0,-1.8015,116.1475
894,460.0,KAB. BURU,Waelata,Masjid Baiturrahmat,http://simas.kemenag.go.id/index.php/profil/masjid/256353/,01.3.30.04.07.000002,Masjid Besar,Desa Waelo,2.307 m2,Wakaf,225 m2,1993.0,50 - 100,2,4,3,15,,,675.0,-1.8015,116.1475
895,461.0,KAB. TUBAN,Parengan,Masjid AL-MUHAJIRIN,http://simas.kemenag.go.id/index.php/profil/masjid/256328/,01.3.16.23.09.000002,Masjid Besar,"JL. BUYUT BROJO    DUSUN DOLOK  RT. 03/RW.01
DESA  PARANGBATU",1.830 m2,Wakaf,1.200 m2,1901.0,100 - 150,5,10,5,40,085257775582,,1000.0,-7.0709,111.8444
896,462.0,KAB. BURU,Lilialy,Masjid Ar-Rahman,http://simas.kemenag.go.id/index.php/profil/masjid/256293/,01.3.30.04.10.000005,Masjid Besar,Desa Sawa,1.575 m2,Girik,576 m2,1972.0,50 - 100,1,1,1,15,,,0.0,-1.8015,116.1475
897,463.0,KAB. LAHAT,Kikim Timur,Masjid al-mubarokah,http://simas.kemenag.go.id/index.php/profil/masjid/256276/,01.3.06.04.10.000009,Masjid Besar,desa bungamas,2.500 m2,Wakaf,500 m2,1915.0,> 200,5,25,50,20,081217131018,,4000.0,-1.8015,116.1475
898,464.0,KAB. ROKAN HILIR,Pekaitan,Masjid As-Shofa,http://simas.kemenag.go.id/index.php/profil/masjid/256261/,01.3.04.07.14.000003,Masjid Besar,Dusun Taman Sari RT.011/RW. 006 Kepenghuluan Rokan Baru Kecamatan Pekaitan,20.000 m2,Girik,675 m2,1981.0,> 200,4,4,2,15,085265352228,,500.0,0.5462,101.4323
899,465.0,KAB. OKU TIMUR,Martapura,Masjid Jami',http://simas.kemenag.go.id/index.php/profil/masjid/256256/,01.3.06.08.01.000064,Masjid Besar,Jln. Jend Sudirman Kel. Paku Sengkunyit,625 m2,Wakaf,400 m2,1960.0,50 - 100,5,10,2,60,'081271663900,,800.0,-4.3196,104.3478
900,466.0,KAB. TUBAN,Keretek,Masjid Al-Jami',http://simas.kemenag.go.id/index.php/profil/masjid/256203/,01.3.16.23.08.000001,Masjid Besar,Jln. Raya Kerek,1.500 m2,Wakaf,130 m2,1911.0,> 200,5,5,5,115,081259890127,,700.0,-7.2892,112.7344
901,467.0,KAB. BULUNGAN,Bunyu,Masjid NURUL IMAN,http://simas.kemenag.go.id/index.php/profil/masjid/256201/,01.3.34.01.10.000005,Masjid Besar,Jl. Manunggal Rt. 16 Desa Bunyu Barat,2.000 m2,Wakaf,84 m2,1995.0,50 - 100,2,2,2,-,081217481661,,300.0,-1.8015,116.1475
902,468.0,KAB. TUBAN,Merakurat,Masjid Al- Kafrawi,http://simas.kemenag.go.id/index.php/profil/masjid/256029/,01.3.16.23.13.000001,Masjid Besar,Rt 05 Rw 02 Dusun Mendalan /Santren Merakurak,3.000 m2,Wakaf,576 m2,1932.0,50 - 100,5,5,5,50,081359006415,,800.0,-1.8015,116.1475
903,469.0,KOTA ADM. JAKARTA TIMUR,Cipayung,Masjid Al-Hidayah,http://simas.kemenag.go.id/index.php/profil/masjid/256016/,01.3.11.05.10.000082,Masjid Besar,Jln.Perintis Gg H.Timan Rt 05 Rw 05 Kelurahan ceger kecamatan Cipayung,222 m2,Wakaf,200 m2,1998.0,100 - 150,1,1,1,-,08781177547,,300.0,-6.2115,106.8452
904,470.0,KAB. BURU SELATAN,Ambalau,Masjid SIWAR,http://simas.kemenag.go.id/index.php/profil/masjid/256009/,01.3.30.09.03.000006,Masjid Besar,DESA SIWAR,-,Wakaf,-,0.0,50 - 100,1,1,2,-,-,,100.0,-1.8015,116.1475
905,471.0,KAB. MALANG,Dau,Masjid AL-IBRAHIM,http://simas.kemenag.go.id/index.php/profil/masjid/255705/,01.3.16.07.22.000068,Masjid Besar,Jl. Raya Mulyoagung Rt.02 Rw.10 Jetis Muolyoagung Dau,244 m2,Wakaf,334 m2,2018.0,150 - 200,8,8,-,-,085100803465,,360.0,-7.2892,112.7344
906,472.0,KAB. SAMBAS,Sambas,Masjid BABUL JANNAH,http://simas.kemenag.go.id/index.php/profil/masjid/255704/,01.3.20.01.01.000069,Masjid Besar,JALAN GUSTI HAMZAH NO. 106 A DESA PASAR MELAYU KEC. SAMBAS,6.054 m2,Wakaf,1.492 m2,1973.0,50 - 100,-,-,-,-,-,,0.0,1.3615,109.307
907,473.0,KAB MALUKU TENGGARA BARAT,Tanimbar Selatan,Masjid Baiturrahman,http://simas.kemenag.go.id/index.php/profil/masjid/255657/,01.3.30.03.01.000002,Masjid Besar,Jl.Bukit Duri Saumlaki Kecamatan Tanimbar Selatan Kabupaten Maluku Tenggara Barat,-,Wakaf,-,1992.0,> 200,3,2,-,-,081343340237,,250.0,-7.5472,131.3792
908,474.0,KAB. SANGGAU,Kembayan,Masjid HIDAYATUL MUTTAQIEN,http://simas.kemenag.go.id/index.php/profil/masjid/255571/,01.3.20.03.08.000016,Masjid Besar,JL H ISMAIL DUSUN KROYET DESA TANJUNG MERPATI KEMBAYAN,1.400 m2,Wakaf,460 m2,1969.0,> 200,18,16,5,25,085650851385,,500.0,0.5572,110.4103
909,475.0,KAB. BANGGAI KEPULAUAN,Liang,Masjid AL-IHWAN,http://simas.kemenag.go.id/index.php/profil/masjid/255553/,01.3.25.07.03.000001,Masjid Besar,Desa Liang,650 m2,Wakaf,225 m2,1984.0,50 - 100,1,1,3,1,-,,400.0,-1.5506,123.2372
910,476.0,KAB. BANDUNG BARAT,Sindangkerta,Masjid AL-KAUTSAR,http://simas.kemenag.go.id/index.php/profil/masjid/255375/,01.3.13.17.14.000212,Masjid Besar,Kp.Cisandawut No.134 Rt.05/03 Desa Cintakarya,600 m2,Wakaf,144 m2,1978.0,> 200,8,8,6,20,,,300.0,-1.8015,116.1475
911,477.0,KAB. MUARA ENIM,Belimbing,Masjid NURUL IMAN,http://simas.kemenag.go.id/index.php/profil/masjid/255337/,01.3.06.03.23.000002,Masjid Besar,DESA TELUK LUBUK KECAMTAN BELIMBING,475 m2,Wakaf,220 m2,2009.0,100 - 150,4,4,5,26,,,0.0,-1.8015,116.1475
912,478.0,KAB. KETAPANG,Tumbang Titi,Masjid Nurul Falakh,http://simas.kemenag.go.id/index.php/profil/masjid/255315/,01.3.20.04.10.000011,Masjid Besar,Jl. Dusun Asahan Rt. 09 Rw. 09 Desa Sengkaharak,5.400 m2,SHM,108 m2,1992.0,100 - 150,3,3,6,30,081345075410,,150.0,-0.0225,109.3303
913,479.0,KAB. ENREKANG,Maiwa,Masjid BABURRAHIM,http://simas.kemenag.go.id/index.php/profil/masjid/255286/,01.3.26.16.01.000053,Masjid Besar,MAROANGIN KELURAHAN BANGKALA KEC. MAIWA,2.163 m2,Wakaf,572 m2,1987.0,> 200,3,5,2,20,081241296713,,700.0,-3.8118,119.8302
914,480.0,KAB. MUSI RAWAS UTARA,Karang Dapo,Masjid Raya,http://simas.kemenag.go.id/index.php/profil/masjid/255269/,01.3.06.17.05.000005,Masjid Besar,Kelurahan Karang Dapo Kecamatan Karang Dapo Kabupaten Musi Rwas Utara,800 m2,Wakaf,160 m2,1925.0,100 - 150,5,2,-,-,,,0.0,-1.8015,116.1475
915,481.0,KAB. MUARA ENIM,Muara Enim,Masjid Al-Amin,http://simas.kemenag.go.id/index.php/profil/masjid/255225/,01.3.06.03.02.000055,Masjid Besar,Jl. Perwira Peltasari Kel. Pasar I Kec. Muara Enim,150 m2,Wakaf,100 m2,1987.0,150 - 200,3,6,2,35,,,250.0,-3.6519,103.7793
916,482.0,KAB. BANGGAI KEPULAUAN,Totikum,Masjid NURUL JIHAD,http://simas.kemenag.go.id/index.php/profil/masjid/255218/,01.3.25.07.01.000001,Masjid Besar,Desa Sambiut,378 m2,Wakaf,1.350 m2,1970.0,50 - 100,1,1,3,1,-,,300.0,-0.8984,119.8591
917,483.0,KAB. NUNUKAN,Sebatik Barat,Masjid Al-Muhajirin,http://simas.kemenag.go.id/index.php/profil/masjid/255195/,01.3.34.02.08.000008,Masjid Besar,RT.  10 Desa  Binalawan,25x45,Wakaf,20x30,1990.0,> 200,1,6,1,12,,,5014.0,-0.5022,117.1538
918,484.0,KAB. NUNUKAN,Sembakung,Masjid Al-Mujahidin,http://simas.kemenag.go.id/index.php/profil/masjid/255021/,01.3.34.02.03.000001,Masjid Besar,Jl Bhayangkara RT 03 Desa Atap kec. Sembakung Kab. Nunukan Provinsi Kalimantan Utara,625 m2,Wakaf,400 m2,1970.0,50 - 100,3,11,5,10,,Masjid besar Al-Mujahidin Desa…,500.0,-0.5022,117.1538
919,485.0,KAB. LAHAT,Tanjung Sakti Pumu,Masjid Nurul Iman,http://simas.kemenag.go.id/index.php/profil/masjid/254880/,01.3.06.04.01.000001,Masjid Besar,Simpang III PUMU Kecamatan Tanjung Sakti PUMU,195 m2,Wakaf,132 m2,1973.0,50 - 100,2,4,4,25,0,,300.0,-2.991,104.7574
920,486.0,KAB. BONE BOLANGO,Kabila Bone,Masjid Nurul Iman,http://simas.kemenag.go.id/index.php/profil/masjid/254870/,01.3.28.03.08.000013,Masjid Besar,Desa Huangobotu,750 m2,Wakaf,203 m2,2013.0,100 - 150,3,3,4,20,085256800653,,150.0,0.5502,123.0717
921,487.0,KOTA TARAKAN,Tarakan Barat,Masjid BAITURRAHMAN,http://simas.kemenag.go.id/index.php/profil/masjid/254806/,01.3.34.05.01.000019,Masjid Besar,JL. BHAYANGKARA RT. 68 KEL. KR. ANYAR,1.800 m2,Wakaf,596 m2,2012.0,50 - 100,1,15,4,5,081346446049,,400.0,-0.5022,117.1538
922,488.0,KAB. SERAM BAGIAN TIMUR,Siritaun Wida Timur,Masjid AL-ISTIQOMAH,http://simas.kemenag.go.id/index.php/profil/masjid/254744/,01.3.30.05.14.000004,Masjid Besar,KETA KWAOS,-,Wakaf,-,1975.0,50 - 100,1,1,1,-,,,100.0,-1.8015,116.1475
923,489.0,KAB. SERAM BAGIAN TIMUR,Siwalalat,Masjid AL-IKHSAN,http://simas.kemenag.go.id/index.php/profil/masjid/254733/,01.3.30.05.07.000001,Masjid Besar,ATIAHU,-,Wakaf,-,1965.0,50 - 100,1,1,1,-,,,100.0,-1.8015,116.1475
924,490.0,KAB. SERAM BAGIAN TIMUR,Werinama,Masjid DARUN NAIM,http://simas.kemenag.go.id/index.php/profil/masjid/254691/,01.3.30.05.03.000001,Masjid Besar,TANAFORA,-,Wakaf,-,1970.0,100 - 150,1,1,1,-,,,130.0,-3.6998,128.1665
925,491.0,KAB. MAMASA,Tabang,Masjid Nurul Muttahidah,http://simas.kemenag.go.id/index.php/profil/masjid/254588/,01.3.29.03.10.000002,Masjid Besar,Kelurahan Tabang,100 m2,Wakaf,64 m2,1955.0,50 - 100,1,3,1,8,,,70.0,-1.8015,116.1475
926,492.0,KAB. KARIMUN,Belat,Masjid Amiril Mukminin,http://simas.kemenag.go.id/index.php/profil/masjid/254584/,01.3.10.02.12.000001,Masjid Besar,Desa Sebele,1.404 m2,Wakaf,150 m2,1935.0,50 - 100,3,2,2,8,081364359171,,150.0,0.8116,103.4993
927,493.0,KAB. SERAM BAGIAN TIMUR,Pulau Gorom,Masjid JAMI,http://simas.kemenag.go.id/index.php/profil/masjid/254547/,01.3.30.05.04.000001,Masjid Besar,KATALOKA,-,Wakaf,-,1970.0,50 - 100,1,1,1,10,,,100.0,-1.8015,116.1475
928,494.0,KAB. SERAM BAGIAN TIMUR,Kian Darat,Masjid AL-HIJRAH,http://simas.kemenag.go.id/index.php/profil/masjid/254541/,01.3.30.05.13.000017,Masjid Besar,KIAN,-,Wakaf,-,1970.0,50 - 100,1,1,1,-,,,100.0,-1.8015,116.1475
929,495.0,KAB. SERAM BAGIAN TIMUR,Pulau Panjang,Masjid AL-AMIN,http://simas.kemenag.go.id/index.php/profil/masjid/254518/,01.3.30.05.09.000001,Masjid Besar,WISALEN,-,Wakaf,-,1975.0,50 - 100,1,1,1,-,,,100.0,-1.8015,116.1475
930,496.0,KAB. SERAM BAGIAN TIMUR,Teor,Masjid AL-BARQI,http://simas.kemenag.go.id/index.php/profil/masjid/254516/,01.3.30.05.10.000003,Masjid Besar,LAPAANG KAMP. JAWA,-,Wakaf,-,1990.0,50 - 100,1,1,1,-,,,100.0,-1.8015,116.1475
931,497.0,KAB. SERAM BAGIAN TIMUR,Wakate,Masjid AL-ISLAH,http://simas.kemenag.go.id/index.php/profil/masjid/254513/,01.3.30.05.05.000019,Masjid Besar,SUWAR,-,Wakaf,-,1990.0,50 - 100,1,1,1,-,,,100.0,-1.8015,116.1475
932,498.0,KAB. OKU SELATAN,Warkuk Ranau Selatan,Masjid NURUL FATHON,http://simas.kemenag.go.id/index.php/profil/masjid/254494/,01.3.06.09.13.000019,Masjid Besar,Desa Gunung Aji,300 m2,Wakaf,150 m2,2015.0,50 - 100,3,4,5,60,081273525372,,250.0,-1.8015,116.1475
933,499.0,KAB. OKU SELATAN,Warkuk Ranau Selatan,Masjid DARUL HIDAYAH,http://simas.kemenag.go.id/index.php/profil/masjid/254493/,01.3.06.09.13.000018,Masjid Besar,Dusun 1 Desa Gunung Aji Kecamatan Warkuk Ranau Selatan Kabupaten OKU Selatan,250 m2,Wakaf,100 m2,1990.0,50 - 100,4,4,5,25,082372321453,,300.0,-2.991,104.7574
934,500.0,KAB. SERAM BAGIAN TIMUR,Kilmury,Masjid AR-RISALAH,http://simas.kemenag.go.id/index.php/profil/masjid/254476/,01.3.30.05.08.000008,Masjid Besar,TAA,-,Wakaf,-,1975.0,50 - 100,1,1,1,-,,,100.0,-1.8015,116.1475
935,501.0,KAB. SERAM BAGIAN TIMUR,Gorom Timur,Masjid NURUL HUDA,http://simas.kemenag.go.id/index.php/profil/masjid/254434/,01.3.30.05.11.000002,Masjid Besar,MANABAN MIRAN,-,Wakaf,-,1993.0,50 - 100,1,1,1,-,,,100.0,-1.8015,116.1475
936,502.0,KAB. KARIMUN,Ungar,Masjid Al-Muttaqin,http://simas.kemenag.go.id/index.php/profil/masjid/254413/,01.3.10.02.11.000002,Masjid Besar,Jl. Abdul Latif Kelurahan Alai,704 m2,Wakaf,380 m2,1935.0,50 - 100,3,2,2,12,"085264898080, 081364321316",,400.0,0.7861,103.4051
937,503.0,KAB. PATI,Gembong,Masjid baitul muttaqin,http://simas.kemenag.go.id/index.php/profil/masjid/254217/,01.3.14.18.13.000020,Masjid Besar,jln.bageng gembong km.1,-,Wakaf,3.750 m2,1926.0,> 200,17,6,6,15,081390072466,,1000.0,-6.7039,110.945
938,504.0,KAB. PATI,Gembong,Masjid baitul muttaqin,http://simas.kemenag.go.id/index.php/profil/masjid/254216/,01.3.14.18.13.000019,Masjid Besar,jln.bageng gembong km.1,-,Wakaf,3.750 m2,1926.0,> 200,17,6,6,15,081390072466,,1000.0,-6.7039,110.945
939,505.0,KAB. BANYUASIN,Suak Tapeh,Masjid Al-Mukhlisin,http://simas.kemenag.go.id/index.php/profil/masjid/254031/,01.3.06.07.16.000002,Masjid Besar,Jl Palembang betung ds lubuk lancang km 53,600 m2,Wakaf,400 m2,1997.0,150 - 200,2,2,2,15,,,250.0,-2.9141,104.893
940,506.0,KAB. KAUR,Nasal,Masjid Al-Muhajirin,http://simas.kemenag.go.id/index.php/profil/masjid/254026/,01.3.07.04.07.000038,Masjid Besar,Desa Ulak Pandan,640 m2,Wakaf,325 m2,2005.0,100 - 150,1,1,1,20,-,,350.0,-4.9651,103.7
941,507.0,KAB. BANYUASIN,Air Kumbang,Masjid Miftahul jannah,http://simas.kemenag.go.id/index.php/profil/masjid/254012/,01.3.06.07.19.000001,Masjid Besar,Jl inpres km XI ds cinta manis,500 m2,Wakaf,300 m2,2000.0,150 - 200,2,2,2,-,,,400.0,-3.0397,104.8982
942,508.0,KAB. BANYUASIN,Sumber Marga Telang,Masjid At-Taqwa,http://simas.kemenag.go.id/index.php/profil/masjid/253990/,01.3.06.07.18.000002,Masjid Besar,Desa muara telang,400 m2,Wakaf,250 m2,2003.0,150 - 200,2,2,2,10,,,250.0,-2.8485,104.889
943,509.0,KAB. BANYUASIN,Air Salek,Masjid Al-Falah,http://simas.kemenag.go.id/index.php/profil/masjid/253986/,01.3.06.07.14.000053,Masjid Besar,Desa saleh agung,500 m2,Wakaf,300 m2,1990.0,150 - 200,2,2,2,20,,,500.0,-2.9914,104.6901
944,510.0,KAB. SERAM BAGIAN TIMUR,Seram Timur,Masjid RAUDATUL JANNAH,http://simas.kemenag.go.id/index.php/profil/masjid/253806/,01.3.30.05.02.000001,Masjid Besar,GESER,6.000 m2,Wakaf,1.470 m2,1969.0,> 200,1,1,1,10,,,600.0,-3.6998,128.1665
945,511.0,KAB. SERAM BAGIAN TIMUR,Tutuk Tolu,Masjid AT-TAQWA,http://simas.kemenag.go.id/index.php/profil/masjid/253742/,01.3.30.05.06.000008,Masjid Besar,KILBAT,-,Wakaf,-,1982.0,100 - 150,1,1,1,10,,,130.0,-1.8015,116.1475
946,512.0,KAB. BONE BOLANGO,Botupingge,Masjid Al-Hidayah,http://simas.kemenag.go.id/index.php/profil/masjid/253637/,01.3.28.03.07.000007,Masjid Besar,Desa Timbuolo Tengah,877 m2,Wakaf,270 m2,1940.0,50 - 100,1,1,1,25,,,200.0,-1.8015,116.1475
947,513.0,KAB. SERAM BAGIAN TIMUR,Teluk Waru,Masjid AL-MUSTAQIM,http://simas.kemenag.go.id/index.php/profil/masjid/253598/,01.3.30.05.15.000001,Masjid Besar,DUSUN KILBAREN WARU,-,Wakaf,-,1975.0,50 - 100,1,1,1,15,,,100.0,-1.8015,116.1475
948,514.0,KOTA TUAL,Pulau-Pulau Kur,Masjid Al-Ijtihat,http://simas.kemenag.go.id/index.php/profil/masjid/253521/,01.3.30.11.04.000005,Masjid Besar,Desa Sermaf,1.086 m2,Wakaf,256 m2,1911.0,100 - 150,2,2,2,50,,,400.0,-1.8015,116.1475
949,515.0,KAB. SERAM BAGIAN TIMUR,Bula Barat,Masjid NURUL HUDA,http://simas.kemenag.go.id/index.php/profil/masjid/253513/,01.3.30.05.12.000005,Masjid Besar,JAKARTA BARU UPT I,-,Wakaf,-,2008.0,50 - 100,1,1,1,10,,,100.0,-1.8015,116.1475
950,516.0,KOTA DEPOK,Pancoran Mas,Masjid Ahsanu Maqiila,http://simas.kemenag.go.id/index.php/profil/masjid/253510/,01.3.13.23.01.000035,Masjid Besar,Jl. Duren No. 123 RT. 002/009 Kel. Rangkapan Jaya Baru,29.358 m2,Wakaf,10.825 m2,1999.0,> 200,4,4,4,35,,,200.0,-6.9152,107.6035
951,517.0,KOTA TUAL,Tayando Tam,Masjid Al-Muhajirin,http://simas.kemenag.go.id/index.php/profil/masjid/253500/,01.3.30.11.03.000004,Masjid Besar,Desa Tayando Yamtel I,2.184 m2,Wakaf,875 m2,1925.0,100 - 150,2,2,2,60,,,200.0,-1.8015,116.1475
952,518.0,KAB. SERAM BAGIAN TIMUR,Bula,Masjid BAITUL MAKMUR,http://simas.kemenag.go.id/index.php/profil/masjid/253427/,01.3.30.05.01.000002,Masjid Besar,JL MS PADEDE,1.477 m2,Wakaf,604 m2,1960.0,150 - 200,1,1,1,15,,DALAM TAHAP REHABILITASI,1500.0,-1.8015,116.1475
953,519.0,KAB. ROKAN HILIR,Kubu Babussalam,Masjid AL-FALAH,http://simas.kemenag.go.id/index.php/profil/masjid/253312/,01.3.04.07.15.000007,Masjid Besar,SIMPANG PELITA KECAMATAN KUBU,1.000 m2,Wakaf,729 m2,1980.0,> 200,2,10,4,-,081378314653,,800.0,0.5462,101.4323
954,520.0,KAB TANJUNG JABUNG BARAT,Senyerang,Masjid Babussalam,http://simas.kemenag.go.id/index.php/profil/masjid/253294/,01.3.05.06.13.000011,Masjid Besar,Parit 1 sungai Landak,-,Wakaf,100 m2,2010.0,100 - 150,-,-,-,-,,,0.0,-1.8015,116.1475
955,521.0,KOTA TASIKMALAYA,Tamansari,Masjid Besar Tamansari,http://simas.kemenag.go.id/index.php/profil/masjid/253282/,01.3.13.25.07.000145,Masjid Besar,Kampung Babakan Kelurahan Tamanjaya,400 m2,Girik,168 m2,2017.0,150 - 200,4,4,-,-,085223789110 / 081323748370,,190.0,-6.9152,107.6035
956,522.0,KAB. TEBO,Rimbo Ulu,Masjid Nur Ramadhan,http://simas.kemenag.go.id/index.php/profil/masjid/253106/,01.3.05.09.07.000025,Masjid Besar,Jl.Anggrek Rt.6 B Desa Suka Damai,900 m2,Wakaf,486 m2,1980.0,150 - 200,2,1,2,100,-,,650.0,-1.8015,116.1475
957,523.0,KOTA JAMBI,Kota Baru,Masjid al-Ikhsan,http://simas.kemenag.go.id/index.php/profil/masjid/253038/,01.3.05.10.07.000107,Masjid Besar,Jl. Sunan Kalijaga Kel. Kenali Asam Bawah,170 m2,Wakaf,121 m2,2017.0,100 - 150,3,2,-,-,,,200.0,0.0,0.0
958,524.0,KAB. BATANGHARI,Pemayung,Masjid Assa&#39;adah,http://simas.kemenag.go.id/index.php/profil/masjid/253023/,01.3.05.04.05.000013,Masjid Besar,Desa Jembatan Mas,389 m2,Wakaf,215 m2,1985.0,50 - 100,1,2,1,-,,,100.0,-1.6084,103.377
959,525.0,KOTA JAMBI,Kota Baru,Masjid Baitul Muslim,http://simas.kemenag.go.id/index.php/profil/masjid/252869/,01.3.05.10.07.000083,Masjid Besar,Jl. Sunan Bonang RT.32 Simpang III Sipin Kotabaru,680 m2,Wakaf,341 m2,1988.0,> 200,7,9,-,-,,Pengurus Masjid Ketua : Drs. D…,500.0,0.0,0.0
960,526.0,KAB. TEBO,Rimbo Ilir,Masjid Fastabiqul Khoirot,http://simas.kemenag.go.id/index.php/profil/masjid/252780/,01.3.05.09.08.000014,Masjid Besar,Desa Karang Dadi,712 m2,Wakaf,400 m2,1981.0,100 - 150,2,1,2,100,-,,325.0,1.3904,102.1775
961,527.0,KAB. BANGKALAN,Tanjung Bumi,Masjid SIROJUL ISLAM,http://simas.kemenag.go.id/index.php/profil/masjid/252484/,01.3.16.26.09.000007,Masjid Besar,Ds. Tanjungbumi,350 m2,Wakaf,320 m2,1993.0,> 200,5,5,5,-,0,,350.0,-7.1445,113.335
962,528.0,KAB. TUBAN,Montong,Masjid ARROHMAH,http://simas.kemenag.go.id/index.php/profil/masjid/252456/,01.3.16.23.10.000019,Masjid Besar,JETAK RT.2 RW.01,2.755 m2,Wakaf,800 m2,1950.0,> 200,7,7,7,50,,,1600.0,-1.8015,116.1475
963,529.0,KOTA JAMBI,Kota Baru,Masjid As-Syuhada,http://simas.kemenag.go.id/index.php/profil/masjid/252433/,01.3.05.10.07.000074,Masjid Besar,Jl. Lingkar Barat Rt. 08 Kel. Kenali Besar,1.000 m2,SHM,414 m2,1985.0,> 200,2,-,-,-,081366256059,,500.0,-1.6351,103.5739
964,530.0,KOTA JAMBI,Kota Baru,Masjid Ramadhan,http://simas.kemenag.go.id/index.php/profil/masjid/252405/,01.3.05.10.07.000052,Masjid Besar,Pinang Merah Rt. 17 Kel. Bagan Pete,-,Wakaf,304 m2,1995.0,100 - 150,6,2,-,-,081366041224,"Ketua : Nazarudin., S.Ag Seker…",500.0,0.0,0.0
965,531.0,KOTA JAMBI,Kota Baru,Masjid Miftahul Jannah,http://simas.kemenag.go.id/index.php/profil/masjid/252356/,01.3.05.10.07.000027,Masjid Besar,Rt. 04 Kel. Rawasari,750 m2,SHM,625 m2,1972.0,> 200,5,1,-,-,08127449561,,500.0,0.0,0.0
966,532.0,KAB. TEBO,Tengah Ilir,Masjid Al-Falaq,http://simas.kemenag.go.id/index.php/profil/masjid/252327/,01.3.05.09.09.000006,Masjid Besar,Rt.01 Dsn. Pelayang Tebat Desa Pelayang LM,1.600 m2,Wakaf,225 m2,1998.0,100 - 150,2,1,2,-,-,,250.0,-1.8015,116.1475
967,533.0,KAB. BANGKALAN,Kokop,Masjid BAITUR ROHMAN,http://simas.kemenag.go.id/index.php/profil/masjid/252324/,01.3.16.26.10.000056,Masjid Besar,Ds. Kokop,600 m2,Wakaf,400 m2,1975.0,> 200,5,5,5,-,0,,400.0,-6.9292,113.0133
968,534.0,KAB. OKU SELATAN,Buay Runjung,Masjid Baiturrahman,http://simas.kemenag.go.id/index.php/profil/masjid/252206/,01.3.06.09.07.000001,Masjid Besar,Desa Blambangan,625 m2,SHM,256 m2,1926.0,150 - 200,4,4,4,65,-,,700.0,-4.0,103.0
969,535.0,KAB TANJUNG JABUNG BARAT,Muara Papalik,Masjid Al-Akmal,http://simas.kemenag.go.id/index.php/profil/masjid/252013/,01.3.05.06.09.000015,Masjid Besar,JL.POROS LUBUK LALANG RT.04 Ds. Rantau Badak Lamo,500 m2,Wakaf,289 m2,137.0,> 200,3,10,10,44,081274103967,,800.0,-1.8015,116.1475
970,536.0,KAB. TEBO,VII Koto Ilir,Masjid Nurul Falah,http://simas.kemenag.go.id/index.php/profil/masjid/251988/,01.3.05.09.11.000028,Masjid Besar,Simpang Paseban,1.250 m2,Wakaf,400 m2,2000.0,100 - 150,2,1,2,70,-,,450.0,-1.8015,116.1475
971,537.0,KAB. TEBO,Serai Serumpun,Masjid Sabilil Muttaqin,http://simas.kemenag.go.id/index.php/profil/masjid/251912/,01.3.05.09.10.000003,Masjid Besar,Desa Sekutur Jaya,750 m2,Wakaf,576 m2,1997.0,150 - 200,2,1,2,60,-,,800.0,-1.8015,116.1475
972,538.0,KOTA PEKANBARU,Senapelan,Masjid NURUL ISLAM,http://simas.kemenag.go.id/index.php/profil/masjid/251854/,01.3.04.11.05.000028,Masjid Besar,JL. RIAU/KULIM,-,Girik,-,0.0,100 - 150,4,4,3,-,0,,200.0,-1.8015,116.1475
973,539.0,KAB TANJUNG JABUNG BARAT,Merlung,Masjid Suryah Khairuddin,http://simas.kemenag.go.id/index.php/profil/masjid/251711/,01.3.05.06.05.000007,Masjid Besar,Jl. Lintas Timur,2.500 m2,Wakaf,600 m2,2006.0,> 200,20,10,20,30,,,500.0,-1.8015,116.1475
974,540.0,KAB TANJUNG JABUNG BARAT,Tebing Tinggi,Masjid Fatimah,http://simas.kemenag.go.id/index.php/profil/masjid/251662/,01.3.05.06.06.000001,Masjid Besar,Tebing TInggi,2.925 m2,Wakaf,625 m2,1999.0,> 200,10,5,10,25,,,400.0,-1.7572,102.9242
975,541.0,KAB. LOMBOK UTARA,Pemenang,Masjid NURUL HIKMAH,http://simas.kemenag.go.id/index.php/profil/masjid/251642/,01.3.18.08.05.000001,Masjid Besar,Jl. Raya Pemenang Karang Desa Pemenang Barat,2.000 m2,Wakaf,330 m2,1994.0,> 200,3,6,4,200,085337340889,MASJID SUDAH RATA DENGAN TANAH…,1500.0,-8.405,116.1025
976,542.0,KAB. TEBO,Tebo Ulu,Masjid Nurul Ihsan,http://simas.kemenag.go.id/index.php/profil/masjid/251613/,01.3.05.09.03.000012,Masjid Besar,Kelurahan Pulau Temiang,2.500 m2,Wakaf,625 m2,1976.0,50 - 100,1,1,1,20,-,,200.0,-1.2453,102.2273
977,543.0,KAB TANJUNG JABUNG BARAT,Batang Asam,Masjid Al-Ihsan,http://simas.kemenag.go.id/index.php/profil/masjid/251565/,01.3.05.06.07.000001,Masjid Besar,Dusun Kebun,1.500 m2,Wakaf,375 m2,1914.0,> 200,10,10,10,25,,,400.0,-1.8015,116.1475
978,544.0,KAB TANJUNG JABUNG BARAT,Tungkal Ulu,Masjid Al-Ulya,http://simas.kemenag.go.id/index.php/profil/masjid/251538/,01.3.05.06.01.000001,Masjid Besar,Pelabuhan Dagang,1.500 m2,Wakaf,975 m2,1958.0,> 200,10,5,10,30,,,500.0,-1.7572,102.9242
979,545.0,KAB. BENGKULU UTARA,Enggano,Masjid Agung Al-Gufron,http://simas.kemenag.go.id/index.php/profil/masjid/251499/,01.3.07.03.01.000010,Masjid Besar,Jl.A.H.Marinus Apoho,2.400 m2,Wakaf,256 m2,2015.0,> 200,1,1,1,12,0812731511096,,250.0,-5.3391,102.2641
980,546.0,KAB TANJUNG JABUNG BARAT,Kuala Betara,Masjid An-Nur,http://simas.kemenag.go.id/index.php/profil/masjid/251492/,01.3.05.06.12.000004,Masjid Besar,Rt.02 Betara Kiri,900 m2,Wakaf,100 m2,1996.0,> 200,10,5,10,20,,,350.0,-0.8796,103.4922
981,547.0,KAB. KUTAI BARAT,Muara Lawa,Masjid Baiturrahman,http://simas.kemenag.go.id/index.php/profil/masjid/251423/,01.3.23.04.09.000009,Masjid Besar,Jl. Trans kalimantan RT. 03 Muara Lawa,3.000 m2,Wakaf,972 m2,2012.0,50 - 100,4,6,10,200,081347672119,,10000.0,-0.5022,117.1538
982,548.0,KAB. BANGKALAN,Labang,Masjid AR-ROHMAN,http://simas.kemenag.go.id/index.php/profil/masjid/251407/,01.3.16.26.12.000040,Masjid Besar,Ds. Labang,895 m2,Wakaf,400 m2,1990.0,> 200,5,5,5,-,0,,400.0,-7.2317,113.4229
983,549.0,KAB TANJUNG JABUNG BARAT,Pengabuan,Masjid Sabilul Huda,http://simas.kemenag.go.id/index.php/profil/masjid/251305/,01.3.05.06.03.000001,Masjid Besar,Rt.05 Teluk Nilau,8.296 m2,SHM,1.200 m2,2005.0,> 200,15,15,15,30,,,1000.0,-1.7572,102.9242
984,550.0,KAB. BATANGHARI,Bajubang,Masjid Baitunnajjah,http://simas.kemenag.go.id/index.php/profil/masjid/251260/,01.3.05.04.07.000002,Masjid Besar,Bajubang,1.600 m2,Wakaf,-,1980.0,100 - 150,2,2,-,-,,,0.0,-1.8015,116.1475
985,551.0,KAB. OKU SELATAN,Muara Dua,Masjid Al-Falah,http://simas.kemenag.go.id/index.php/profil/masjid/251214/,01.3.06.09.01.000014,Masjid Besar,Kelurahan Pasar Muaradua Kecamatan Muaradua Kab. OKU Selatan Provinsi Sumsel,3.080 m2,Wakaf,2.500 m2,1028.0,> 200,6,24,-,-,,,1000.0,-1.8015,116.1475
986,552.0,KAB. LUMAJANG,Senduro,Masjid BAITURROHMAN,http://simas.kemenag.go.id/index.php/profil/masjid/250957/,01.3.16.08.12.000004,Masjid Besar,RT. 02/17 DSN. JURANLANGAK DS. SENDURO,2.013 m2,Wakaf,260 m2,1965.0,50 - 100,6,5,5,30,081330347367,,250.0,-1.8015,116.1475
987,553.0,KOTA ADM. JAKARTA BARAT,Taman Sari,Masjid KOTA INTAN,http://simas.kemenag.go.id/index.php/profil/masjid/250951/,01.3.11.04.03.000043,Masjid Besar,JL. NELAYAN TIMUR NO.1 RT.008/07,144 m2,Wakaf,144 m2,1963.0,> 200,6,35,-,-,,,500.0,-6.2099,106.8414
988,554.0,KAB. KEBUMEN,Puring,Masjid ISTIQOMAH,http://simas.kemenag.go.id/index.php/profil/masjid/250911/,01.3.14.05.03.000122,Masjid Besar,Desa Sitiadi RT.02/03,872 m2,Wakaf,415 m2,1940.0,50 - 100,2,2,2,20,0813277079314,,500.0,-6.9714,110.4255
989,555.0,KAB. MERANGIN,Renah Pembarap,Masjid Baiturrahman,http://simas.kemenag.go.id/index.php/profil/masjid/250846/,01.3.05.02.16.000001,Masjid Besar,jalan Bangko Kerinci km 34,1.400 m2,Wakaf,625 m2,1990.0,50 - 100,1,1,1,150,,,1000.0,-1.8015,116.1475
990,556.0,KOTA JAMBI,Jelutung,Masjid Miftahurrahma,http://simas.kemenag.go.id/index.php/profil/masjid/250842/,01.3.05.10.08.000022,Masjid Besar,Rt. 06 Jelutung,397 m2,Wakaf,196 m2,1952.0,> 200,4,4,-,-,085270856875,BANGUNAN MASJID SUDAH BAIK,300.0,-1.6149,103.6195
991,557.0,KOTA TASIKMALAYA,Purbaratu,Masjid Besar Purbaratu,http://simas.kemenag.go.id/index.php/profil/masjid/250780/,01.3.13.25.10.000069,Masjid Besar,Jalan Depok No. 108 Kelurahan Purbaratu,400 m2,Girik,225 m2,2012.0,> 200,4,25,-,-,081385668264,,250.0,-6.9152,107.6035
992,558.0,KAB. LEBAK,Warunggunung,Masjid AL-HASANAH,http://simas.kemenag.go.id/index.php/profil/masjid/250481/,01.3.12.02.15.000002,Masjid Besar,JL. RAYA RANGKASBITUNG - PANDEGLANG KP. BEUNEUR RT. 003/002 DESA SELARAJA,420 m2,Wakaf,350 m2,1959.0,100 - 150,8,4,6,46,089699411959,,750.0,-6.3389,106.1839
993,559.0,KAB. MUSI RAWAS UTARA,Rupit,Masjid Taqwa,http://simas.kemenag.go.id/index.php/profil/masjid/250415/,01.3.06.17.01.000001,Masjid Besar,Kel. Muara Rupit Kecamatan Rupit Kabupaten Musi Rawas,41.512 m2,Wakaf,2.500 m2,1963.0,50 - 100,2,2,-,-,,,0.0,-3.1234,102.8231
994,560.0,KAB. LUMAJANG,Pronojiwo,Masjid MIFTAHUL JANNAH,http://simas.kemenag.go.id/index.php/profil/masjid/250343/,01.3.16.08.02.000056,Masjid Besar,RT. 25/09 DSN. PRONOJIWO DS. DS. PRONOJIWO,3.613 m2,Wakaf,441 m2,1972.0,100 - 150,6,6,5,25,085330701056,,240.0,-1.8015,116.1475
995,561.0,KAB. LUMAJANG,Tempursari,Masjid AT-TAQWA,http://simas.kemenag.go.id/index.php/profil/masjid/250190/,01.3.16.08.01.000002,Masjid Besar,RT. 01/02 DSN. KRAJAN DS. TEMPURSARI,1.500 m2,SHM,500 m2,1974.0,50 - 100,9,10,5,15,082330628900,,500.0,-1.8015,116.1475
996,562.0,KOTA MEDAN,Medan Labuhan,Masjid AL-HUSAIN,http://simas.kemenag.go.id/index.php/profil/masjid/250167/,01.3.02.26.13.000041,Masjid Besar,Jalan Jala Raya Griya Martubung,6.000 m2,SHM,900 m2,2004.0,100 - 150,2,8,2,21,,,1500.0,-1.8015,116.1475
997,563.0,KAB. LUMAJANG,Rowokangkung,Masjid AL-FALAH,http://simas.kemenag.go.id/index.php/profil/masjid/250072/,01.3.16.08.08.000008,Masjid Besar,RT. 01/01 DSN. KRAJAN BARAT DS. ROWOKANGKUNG,625 m2,Wakaf,400 m2,1965.0,50 - 100,4,5,5,10,081313419431,,450.0,-1.8015,116.1475
998,564.0,KAB. GARUT,Samarang,Masjid Besar Kaum Samarang,http://simas.kemenag.go.id/index.php/profil/masjid/249857/,01.3.13.05.07.000044,Masjid Besar,Kp. Pasar Kaler Desa Samarang,2.956 m2,Wakaf,900 m2,1910.0,> 200,4,52,13,35,085222242321,,1200.0,-6.9152,107.6035
999,565.0,KOTA MEDAN,Medan Labuhan,Masjid AL-ITTIHAD,http://simas.kemenag.go.id/index.php/profil/masjid/249537/,01.3.02.26.13.000004,Masjid Besar,JL. P. SUMATERA KOMPLEK PELINDO LK-27 P. LABUHAN,1.353 m2,Girik,625 m2,2009.0,50 - 100,7,10,8,12,0811640805,,100.0,-1.8015,116.1475
1000,566.0,KOTA PEKANBARU,Payung Sekaki,Masjid MUJAHIDIN,http://simas.kemenag.go.id/index.php/profil/masjid/249445/,01.3.04.11.11.000016,Masjid Besar,JL. JENDRAL,120 m2,Wakaf,113 m2,1988.0,100 - 150,-,-,-,-,.,,0.0,-1.8015,116.1475
1001,567.0,KAB. BOJONEGORO,Sukosewa,Masjid AL-MUSLIMUN,http://simas.kemenag.go.id/index.php/profil/masjid/249416/,01.3.16.22.24.000051,Masjid Besar,DUKUH KRAJAN DESA SUKOSEWU,350 m2,Wakaf,216 m2,1960.0,50 - 100,2,5,2,30,,,400.0,-7.2623,111.9231
1002,568.0,KAB. MALINAU,Malinau Utara,Masjid Islamic Centre,http://simas.kemenag.go.id/index.php/profil/masjid/249401/,01.3.34.03.07.000007,Masjid Besar,Ds. Malinau Seberang RT. 07,4.800 m2,Wakaf,240 m2,2004.0,> 200,-,-,-,-,,,0.0,-1.8015,116.1475
1003,569.0,KAB. MALINAU,Malinau Selatan,Masjid Al-Mustaqim,http://simas.kemenag.go.id/index.php/profil/masjid/249394/,01.3.34.03.06.000001,Masjid Besar,Long Loreh,-,Wakaf,-,1998.0,50 - 100,-,-,-,-,,,0.0,-1.8015,116.1475
1004,570.0,KAB. SAMBAS,Selakau Timur,Masjid MUJAHIDIN,http://simas.kemenag.go.id/index.php/profil/masjid/248733/,01.3.20.01.19.000016,Masjid Besar,DUSUN RUKUN Rt.006 Rw. 009 DESA GELIK,200 m2,Wakaf,64 m2,2009.0,50 - 100,4,3,6,20,085335759155,,200.0,1.0781,109.0618
1005,571.0,KAB. PONOROGO,Sawoo,Masjid BESAR KECAMATAN SAWOO,http://simas.kemenag.go.id/index.php/profil/masjid/248699/,01.3.16.02.05.000051,Masjid Besar,"RT.07/RW.01, NGIMO, PRAYUNGAN",500 m2,Wakaf,200 m2,1922.0,100 - 150,5,5,5,-,085235234226,,100.0,-7.2892,112.7344
1006,572.0,KAB. BANGKALAN,Tanah Merah,Masjid NURUL HASANAH,http://simas.kemenag.go.id/index.php/profil/masjid/248247/,01.3.16.26.13.000009,Masjid Besar,"JL. RAYA TANAH MERAH, Ds. PETRAH",520 m2,Wakaf,250 m2,1976.0,> 200,5,5,5,-,"081330520107, 087850821117",,250.0,-7.1445,113.1592
1007,573.0,KAB. BANGKALAN,Blega,Masjid AL-FALAH,http://simas.kemenag.go.id/index.php/profil/masjid/248220/,01.3.16.26.15.000048,Masjid Besar,Ds. Blega,600 m2,Wakaf,380 m2,1959.0,> 200,6,5,5,-,0,,9.0,-7.2892,112.7344
1008,574.0,KAB. BENER MERIAH,Timang gajah,Masjid Nurul Iman,http://simas.kemenag.go.id/index.php/profil/masjid/248185/,01.3.01.17.07.000024,Masjid Besar,lampahan,1.225 m2,Wakaf,1.200 m2,1982.0,50 - 100,6,5,6,12,,,300.0,5.5436,95.3229
1009,575.0,KAB. PONOROGO,Kauman,Masjid AL-MUKARROM,http://simas.kemenag.go.id/index.php/profil/masjid/248151/,01.3.16.02.12.000034,Masjid Besar,JL.RADEN PATAH DKH.MERBOT DS. KAUMAN KEC. KAUMAN,225 m2,Wakaf,200 m2,1925.0,100 - 150,5,4,3,25,,,0.0,-7.8657,111.408
1010,576.0,KAB. GARUT,Cisewu,Masjid Al-Hasanah,http://simas.kemenag.go.id/index.php/profil/masjid/247855/,01.3.13.05.35.000004,Masjid Besar,Jl. Wirabakti No.60 Cisewu Garut,900 m2,SHM,280 m2,1926.0,150 - 200,6,12,4,32,,,300.0,-1.8015,116.1475
1011,577.0,KAB. PONOROGO,Ponorogo,Masjid IBADURRAHMAN,http://simas.kemenag.go.id/index.php/profil/masjid/247670/,01.3.16.02.17.000088,Masjid Besar,JL.LETJEN SUPRAPTO NO.1 TONATAN PONOROGO,-,Wakaf,250 m2,1982.0,100 - 150,1,5,1,10,085235643043,,150.0,-7.8702,111.4928
1012,578.0,KAB. TRENGGALEK,Pogalan,Masjid Baitul Karim Aqwa,http://simas.kemenag.go.id/index.php/profil/masjid/247668/,01.3.16.03.12.000020,Masjid Besar,"RT.18, RW.09, Pogalan",701 m2,Wakaf,560 m2,1955.0,50 - 100,5,5,-,-,,,500.0,-1.8015,116.1475
1013,579.0,KAB. BANGKALAN,Modung,Masjid AT-TOHIRIYAH,http://simas.kemenag.go.id/index.php/profil/masjid/247590/,01.3.16.26.16.000037,Masjid Besar,Ds. Modung,411 m2,Wakaf,380 m2,1976.0,> 200,5,5,5,5,0,,350.0,-7.1645,113.0406
1014,580.0,KAB. SIGI,Dolo Selatan,Masjid Al-huda,http://simas.kemenag.go.id/index.php/profil/masjid/247470/,01.3.25.10.09.000005,Masjid Besar,Desa Bangga Dusun II,1.154 m2,Wakaf,289 m2,1985.0,50 - 100,2,2,3,-,0852 1824 0089,,500.0,-0.8984,119.8591
1015,581.0,KAB TANJUNG JABUNG TIMUR,Rantau Rasau,Masjid Jami'atul Hasanah,http://simas.kemenag.go.id/index.php/profil/masjid/247239/,01.3.05.07.04.000001,Masjid Besar,Kel. Bandar Jaya,5.000 m2,Wakaf,384 m2,1972.0,50 - 100,1,1,1,25,-,,350.0,-1.7572,102.9242
1016,582.0,KAB. BANGKALAN,Galis,Masjid AL-IBROHIMY,http://simas.kemenag.go.id/index.php/profil/masjid/247188/,01.3.16.26.18.000110,Masjid Besar,Ds. Galis,612 m2,Wakaf,560 m2,1860.0,> 200,5,5,5,60,081331364336,,500.0,-7.0573,113.0713
1017,583.0,KAB. BANGKALAN,Konang,Masjid ROUDLOTUL MUTTAQIN,http://simas.kemenag.go.id/index.php/profil/masjid/246970/,01.3.16.26.17.000055,Masjid Besar,Jl. KH. Moh. Bahri No.1,3.600 m2,Wakaf,400 m2,1984.0,> 200,5,5,5,-,0,,400.0,-7.0573,113.0713
1018,584.0,KAB. LAMPUNG TENGAH,Rumbia,Masjid Nurul  muttaqin,http://simas.kemenag.go.id/index.php/profil/masjid/246736/,01.3.08.02.09.000037,Masjid Besar,Rt001 /002  dusun 5 rekso binangun,2.500 m2,Wakaf,144 m2,1975.0,150 - 200,4,5,5,39,081379381090,,250.0,-1.8015,116.1475
1019,585.0,KAB. BOJONEGORO,Ngraho,Masjid At-Taqwa,http://simas.kemenag.go.id/index.php/profil/masjid/246706/,01.3.16.22.01.000036,Masjid Besar,Jl. AR. Hakim Ds. Ngraho Kec. Ngraho,"1,625 m2",Wakaf,"1,125 m2",1803.0,50 - 100,3,10,3,21,,,500.0,-7.2558,111.5269
1020,586.0,KOTA PEKANBARU,Pekanbaru Kota,Masjid AL-FALAH DARUNMUTTAQIN,http://simas.kemenag.go.id/index.php/profil/masjid/246588/,01.3.04.11.02.000009,Masjid Besar,JL.SUMATRA,9.950 m2,Wakaf,240 m2,1968.0,> 200,-,-,-,-,08117542700,,0.0,0.5462,101.4323
1021,587.0,KOTA PADANG,Lubuk Begalung,Masjid NURUL YASIN,http://simas.kemenag.go.id/index.php/profil/masjid/246561/,01.3.03.13.06.000061,Masjid Besar,KOTO BARU,300 m2,SHM,108 m2,2010.0,50 - 100,2,2,-,-,,,50.0,-1.8015,116.1475
1022,588.0,KOTA PADANG,Lubuk Begalung,Masjid AL-IHSAN,http://simas.kemenag.go.id/index.php/profil/masjid/246544/,01.3.03.13.06.000060,Masjid Besar,PIAI TANAH SIRAH RT.01/VI,300 m2,Wakaf,156 m2,0.0,50 - 100,2,2,2,20,,,50.0,-1.8015,116.1475
1023,589.0,KOTA PADANG,Lubuk Begalung,Masjid AS-SALAM,http://simas.kemenag.go.id/index.php/profil/masjid/246525/,01.3.03.13.06.000059,Masjid Besar,CENGKEH DANGAU TEDUH,600 m2,Wakaf,345 m2,1984.0,50 - 100,1,10,1,20,,,80.0,-1.8015,116.1475
1024,590.0,KOTA PADANG,Lubuk Begalung,Masjid THAIYIBAH,http://simas.kemenag.go.id/index.php/profil/masjid/246515/,01.3.03.13.06.000058,Masjid Besar,CENGKEH PADANG INDARUNG,600 m2,Wakaf,100 m2,1984.0,50 - 100,3,9,2,20,,,80.0,-1.8015,116.1475
1025,591.0,KOTA PEKANBARU,Lima Puluh,Masjid MUJAHADAH,http://simas.kemenag.go.id/index.php/profil/masjid/246428/,01.3.04.11.04.000024,Masjid Besar,Jl. Hasanuddin,164 m2,Wakaf,130 m2,1980.0,50 - 100,2,4,2,30,,,300.0,0.5462,101.4323
1026,592.0,KOTA PADANG,Lubuk Begalung,Masjid BAITUL MAKMUR,http://simas.kemenag.go.id/index.php/profil/masjid/246400/,01.3.03.13.06.000056,Masjid Besar,"JL,ZAMRUD VI PEGAMBIRAN",762 m2,Wakaf,356 m2,1987.0,50 - 100,3,9,2,40,,,100.0,0.0439,98.833
1027,593.0,KOTA PADANG,Lubuk Begalung,Masjid NURUL IKHLAS,http://simas.kemenag.go.id/index.php/profil/masjid/246394/,01.3.03.13.06.000055,Masjid Besar,KOMPL.ERMILINDO PEGAMBIRAN,225 m2,Wakaf,196 m2,1996.0,50 - 100,2,9,2,40,,,60.0,-1.2304,98.877
1028,594.0,KOTA PADANG,Lubuk Begalung,Masjid NURUL IHSAN,http://simas.kemenag.go.id/index.php/profil/masjid/246369/,01.3.03.13.06.000054,Masjid Besar,KOMPL. PEGAMBIRANMPL.ARAI PINANG,2.600 m2,Wakaf,320 m2,1991.0,50 - 100,3,9,2,50,,,100.0,1.9771,96.7236
1029,595.0,KOTA PADANG,Lubuk Begalung,Masjid JIHAD MUHAMMADIYAH,http://simas.kemenag.go.id/index.php/profil/masjid/246351/,01.3.03.13.06.000053,Masjid Besar,AMPALU  RW.19 PEGAMBIRAN,2.000 m2,SHM,168 m2,2001.0,150 - 200,3,9,2,40,0,,200.0,-0.9551,100.3696
1030,596.0,KOTA PEKANBARU,Rumbai,Masjid AL-MUHAJIRIN,http://simas.kemenag.go.id/index.php/profil/masjid/246171/,01.3.04.11.06.000045,Masjid Besar,JL. UMBAN SARI,800 m2,SHM,225 m2,1980.0,100 - 150,2,1,1,-,,,300.0,-1.8015,116.1475
1031,597.0,KAB. PONOROGO,Bungkal,Masjid AL IRSYAD,http://simas.kemenag.go.id/index.php/profil/masjid/246042/,01.3.16.02.03.000077,Masjid Besar,"DKH KUDO, DESA BUNGKAL",250 m2,Wakaf,225 m2,1930.0,100 - 150,5,5,20,-,,,200.0,-1.8015,116.1475
1032,598.0,KAB. TRENGGALEK,Dongko,Masjid Baitul Hakim,http://simas.kemenag.go.id/index.php/profil/masjid/246007/,01.3.16.03.04.000090,Masjid Besar,"RT.14, Ds. Dongko, Kec. Dongko",1.500 m2,Wakaf,150 m2,1950.0,100 - 150,5,5,-,-,,,200.0,-1.8015,116.1475
1033,599.0,KAB. TANAH BUMBU,Angsana,Masjid Nurul Huda,http://simas.kemenag.go.id/index.php/profil/masjid/245921/,01.3.22.10.09.000027,Masjid Besar,Jl. Delima RT. 06 Desa Purwodadi,400 m2,Wakaf,169 m2,2000.0,50 - 100,3,5,2,-,081348382242,,0.0,-1.8015,116.1475
1034,600.0,KAB. TULUNGAGUNG,Kedungwaru,Masjid Baiturrahman,http://simas.kemenag.go.id/index.php/profil/masjid/245877/,01.3.16.04.03.000049,Masjid Besar,Jl. Pahlawan 130 Kecamatan Kedungwaru Kabupaten Tulungagung,2.000 m2,Wakaf,400 m2,1952.0,100 - 150,16,18,8,30,,,400.0,-1.8015,116.1475
1035,601.0,KAB. BALANGAN,Paringin Selatan,Masjid Assa adah,http://simas.kemenag.go.id/index.php/profil/masjid/245843/,01.3.22.11.07.000004,Masjid Besar,Kel. Batu Piring Rt. 004,625 m2,Wakaf,400 m2,1991.0,> 200,3,25,5,-,,,500.0,-1.8015,116.1475
1036,602.0,KAB. MESUJI,Tanjung Raya,Masjid Ar-Riyadh,http://simas.kemenag.go.id/index.php/profil/masjid/245763/,01.3.08.10.07.000010,Masjid Besar,Z.A PAGAR ALAM RT:03 TW: 06,2.500 m2,Girik,625 m2,1992.0,100 - 150,3,15,9,30,081369166016,,2000.0,-3.99,105.3347
1037,603.0,KAB TANJUNG JABUNG TIMUR,Geragai,Masjid Nurul Huda,http://simas.kemenag.go.id/index.php/profil/masjid/245639/,01.3.05.07.10.000001,Masjid Besar,Desa Pandan Jaya,2.500 m2,Girik,289 m2,1987.0,50 - 100,1,1,1,25,-,,250.0,-1.8015,116.1475
1038,604.0,KAB TANJUNG JABUNG TIMUR,Muara Sabak Timur,Masjid Al-Ijtiihad,http://simas.kemenag.go.id/index.php/profil/masjid/245558/,01.3.05.07.01.000030,Masjid Besar,Desa Simbur Naik,1.000 m2,Wakaf,680 m2,1967.0,50 - 100,1,1,1,30,-,,500.0,-1.8015,116.1475
1039,605.0,KAB. SITUBONDO,Kendit,Masjid AT- TAQWA,http://simas.kemenag.go.id/index.php/profil/masjid/245533/,01.3.16.12.05.000017,Masjid Besar,Kendit Barat,900 m2,Wakaf,400 m2,1956.0,100 - 150,4,4,5,18,,,0.0,-7.2892,112.7344
1040,606.0,KAB. MUSI RAWAS,Muara Beliti,Masjid Assasunajah (X),http://simas.kemenag.go.id/index.php/profil/masjid/245499/,01.3.06.05.09.000026,Masjid Besar,Kelurahan Pasar Muara Beliti,850 m2,Wakaf,20 m2,1971.0,50 - 100,2,10,5,40,(-),,450.0,-3.2438,103.0363
1041,607.0,KAB. TRENGGALEK,Karangan,Masjid Al-Ma'un,http://simas.kemenag.go.id/index.php/profil/masjid/245341/,01.3.16.03.06.000070,Masjid Besar,"RT. 05, RW. O2, Ds. Karangan, Kec. Karangan, Kab. Trenggalek",-,Wakaf,300 m2,2000.0,50 - 100,5,10,-,-,,,300.0,-1.8015,116.1475
1042,608.0,KAB. SUBANG,Cipunagara,Masjid DARURRAHMAN,http://simas.kemenag.go.id/index.php/profil/masjid/245142/,01.3.13.13.18.000055,Masjid Besar,KP  SAKURIP RT 007/003 DESA TANJUNG,1.000 m2,Wakaf,441 m2,1977.0,50 - 100,5,5,10,30,085222279645,,500.0,-6.9152,107.6035
1043,609.0,KAB TANJUNG JABUNG TIMUR,Nipah Panjang,Masjid Raya Alhidayah,http://simas.kemenag.go.id/index.php/profil/masjid/245034/,01.3.05.07.02.000020,Masjid Besar,Nipah Panjang II,1.271 m2,Wakaf,1.271 m2,1958.0,50 - 100,1,1,1,30,-,,500.0,-1.8015,116.1475
1044,610.0,KAB. PROBOLINGGO,Gending,Masjid Besar Al-Hikmah,http://simas.kemenag.go.id/index.php/profil/masjid/245030/,01.3.16.13.18.000050,Masjid Besar,Dusun Masjid RT 03 RW 01 Desa Pajurangan,1.225 m2,Wakaf,986 m2,1914.0,> 200,12,5,5,50,085231562989,,450.0,-7.2892,112.7344
1045,611.0,KAB. LOMBOK TENGAH,Praya Barat,Masjid AL-ABROR,http://simas.kemenag.go.id/index.php/profil/masjid/245007/,01.3.18.02.05.000108,Masjid Besar,MONTONG WARU DESA SETANGGOR,400 m2,SHM,144 m2,2000.0,> 200,2,2,3,60,,,600.0,-8.5376,116.1475
1046,612.0,KAB. LOMBOK TENGAH,Praya Barat,Masjid RAJINA AFULLAH,http://simas.kemenag.go.id/index.php/profil/masjid/245006/,01.3.18.02.05.000107,Masjid Besar,PONDOK REJENG DESA SETANGGOR,3.000 m2,Wakaf,1.440 m2,2004.0,> 200,2,2,3,100,081917237834,,600.0,-1.8015,116.1475
1047,613.0,KOTA PEKANBARU,Sukajadi,Masjid Al-Muamalah,http://simas.kemenag.go.id/index.php/profil/masjid/244987/,01.3.04.11.01.000006,Masjid Besar,Jl. Dahlia Gg. Jati,600 m2,SHM,300 m2,200.0,50 - 100,2,4,1,100,082392972244,,500.0,-1.8015,116.1475
1048,614.0,KAB. SITUBONDO,Banyuputih,Masjid NURUL MUTTAQIN,http://simas.kemenag.go.id/index.php/profil/masjid/244699/,01.3.16.12.14.000022,Masjid Besar,Desa Sumberanyar Dusun Curah Temu,50.000 m2,Wakaf,156 m2,1970.0,150 - 200,-,-,-,-,,,0.0,-1.8015,116.1475
1049,615.0,KAB. SEMARANG,Ungaran Barat,Masjid Az-Zahra,http://simas.kemenag.go.id/index.php/profil/masjid/244392/,01.3.14.22.17.000042,Masjid Besar,Jl. Madinah Perum Griya Sakinah Bandarjo,300 m2,Wakaf,300 m2,2008.0,> 200,3,-,1,25,081326563368,,350.0,-7.1175,110.4047
1050,616.0,KAB TANJUNG JABUNG TIMUR,S a d u,Masjid Nurul Iman,http://simas.kemenag.go.id/index.php/profil/masjid/244143/,01.3.05.07.05.000001,Masjid Besar,Desa sungai Lokan,1.983 m2,Wakaf,160 m2,1978.0,50 - 100,1,1,1,20,-,,150.0,-1.7572,102.9242
1051,617.0,KAB. MAGETAN,Sukomoro,Masjid Baiturrohim,http://simas.kemenag.go.id/index.php/profil/masjid/243953/,01.3.16.20.09.000038,Masjid Besar,"RT.01/02
TINAP",841 m2,Wakaf,576 m2,1982.0,50 - 100,2,7,3,5,081216482544,,500.0,-7.6113,111.4001
1052,618.0,KAB. MALANG,Pakisaji,Masjid AL-IKHSAN,http://simas.kemenag.go.id/index.php/profil/masjid/243906/,01.3.16.07.19.000050,Masjid Besar,JL. RAYA PAKISAJI,1.000 m2,Wakaf,500 m2,1971.0,> 200,5,25,10,25,,,1500.0,-7.2892,112.7344
1053,619.0,KAB. MALANG,Dampit,Masjid BAITURAHIM,http://simas.kemenag.go.id/index.php/profil/masjid/243874/,01.3.16.07.05.000110,Masjid Besar,Jl. Semeru Selatan Dampit,2.875 m2,Wakaf,1.400 m2,1967.0,100 - 150,9,8,-,-,,,2000.0,-1.8015,116.1475
1054,620.0,KAB. MAGETAN,Magetan,Masjid AL-HIDAYAH,http://simas.kemenag.go.id/index.php/profil/masjid/243641/,01.3.16.20.06.000078,Masjid Besar,"Kel. Sukowinangun
SMK Yosonegoro Magetan",1.681 m2,SHM,676 m2,1986.0,50 - 100,5,5,3,10,,,200.0,7.3823,111.1952
1055,621.0,KAB. KUBU RAYA,Sungai Ambawang,Masjid Al-Ihsan,http://simas.kemenag.go.id/index.php/profil/masjid/243633/,01.3.20.12.03.000116,Masjid Besar,Jl. Manunggal XVIII Desa Ambawang Kuala,2.293 m2,Wakaf,500 m2,1979.0,100 - 150,4,4,4,20,081345201740,,300.0,-0.0225,109.3303
1056,622.0,KAB. LEBAK,Kalanganyar,Masjid AS-SIRAJ,http://simas.kemenag.go.id/index.php/profil/masjid/243059/,01.3.12.02.24.000002,Masjid Besar,JL. MAULANA YUSUF RT. 002/001 DS. AWEH KEC. KALANGANAYAR,425 m2,Wakaf,400 m2,1982.0,50 - 100,5,5,5,-,082111806272,,400.0,-1.8015,116.1475
1057,623.0,KAB. JOMBANG,Tembelang,Masjid AR-RAHMAT,http://simas.kemenag.go.id/index.php/profil/masjid/243028/,01.3.16.17.13.000013,Masjid Besar,JL. RAYA TEMBELANG NO.96 DUSUN NGRAWAN DESA PESANTREN,2.518 m2,Wakaf,459 m2,1982.0,150 - 200,6,7,5,4,081359269762,,400.0,-7.5,112.2324
1058,624.0,KAB. PANDEGLANG,Sobang,Masjid AL-AKBAR,http://simas.kemenag.go.id/index.php/profil/masjid/243008/,01.3.12.01.35.000001,Masjid Besar,Kp. Bojen Kulon Rt. 003/002 Ds. Bojen,5.470 m2,Wakaf,1.050 m2,1970.0,> 200,1,5,3,34,085966225007,,300.0,-6.5538,105.7879
1059,625.0,KAB. KUTAI BARAT,Melak,Masjid SABILUSSALAM,http://simas.kemenag.go.id/index.php/profil/masjid/242938/,01.3.23.04.06.000007,Masjid Besar,JALAN 17 AGUSTUS RT. 005 KELURAHAN MELAK ILIR,1.270 m2,Wakaf,900 m2,1957.0,150 - 200,5,7,5,-,,,1000.0,-1.8015,116.1475
1060,626.0,KAB. SITUBONDO,Suboh,Masjid Nurul Huda,http://simas.kemenag.go.id/index.php/profil/masjid/242788/,01.3.16.12.03.000011,Masjid Besar,Kp. Buduan Pasar Desa Buduan - Suboh,1.320 m2,Wakaf,588 m2,1962.0,100 - 150,-,-,-,-,,,0.0,-7.2892,112.7344
1061,627.0,KAB. PRINGSEWU,Sukoharjo,Masjid Al-Furqon,http://simas.kemenag.go.id/index.php/profil/masjid/242664/,01.3.08.10.08.000057,Masjid Besar,Sukoharjo III,1.600 m2,Wakaf,400 m2,1959.0,100 - 150,4,4,4,-,,,143.0,-5.2998,104.9855
1062,628.0,KAB. KUTAI BARAT,Muara Pahu,Masjid BAITUL MUKARRAMAH,http://simas.kemenag.go.id/index.php/profil/masjid/242615/,01.3.23.04.10.000001,Masjid Besar,Jalan Masjid RT.006 Kampung Tanjung Laong,3.095 m2,Wakaf,900 m2,1975.0,50 - 100,4,8,4,-,081257099444,,500.0,-0.5022,117.1538
1063,629.0,KAB. PONOROGO,Balong,Masjid Besar Balong,http://simas.kemenag.go.id/index.php/profil/masjid/242566/,01.3.16.02.11.000065,Masjid Besar,Jl. Raya Pacitan-Ponorogo. Dukuh Sukomulyo Desa Balong,2.800 m2,SHM,900 m2,1950.0,100 - 150,-,-,-,-,,,0.0,-7.2892,112.7344
1064,630.0,KAB. KOTAWARINGIN TIMUR,Baamang,Masjid Baiturrahmah,http://simas.kemenag.go.id/index.php/profil/masjid/242221/,01.3.21.02.05.000027,Masjid Besar,Jl. Desmon Ali No. 10 RT. 14 RW. 04 Kelurahan Baamang Tengah kecamatan Baamang Kab. Kotim,2.192 m2,Girik,576 m2,2013.0,> 200,17,17,11,12,-,,400.0,-2.5171,112.9694
1065,631.0,KAB. GORONTALO,Batudaa Pantai,Masjid Nurul Amin,http://simas.kemenag.go.id/index.php/profil/masjid/242017/,01.3.28.01.05.000009,Masjid Besar,Desa Kayubulan,"1,620 m2",Wakaf,-,1922.0,> 200,-,-,-,-,,,0.0,-0.0426,121.8823
1066,632.0,KAB. KARANGANYAR,Ngargoyoso,Masjid Baiturrahman,http://simas.kemenag.go.id/index.php/profil/masjid/241944/,01.3.14.13.07.000130,Masjid Besar,"Gadungan, Girimulyo Ngargoyoso",240 m2,Girik,150 m2,1965.0,50 - 100,2,5,2,12,08121533521,"Takmir : Arief Darmawan, S.Ag",200.0,-7.6087,111.1123
1067,633.0,KAB. KARANGANYAR,Jaten,Masjid Asy-Syukur,http://simas.kemenag.go.id/index.php/profil/masjid/241765/,01.3.14.13.11.000062,Masjid Besar,Jk.Nusa Indah Perumnas Palur Nringo Karanganyar,500 m2,Wakaf,400 m2,1977.0,150 - 200,5,6,3,35,,,1000.0,-1.8015,116.1475
1068,634.0,KAB. JEMBER,Kalisat,Masjid al-barokah kalisat,http://simas.kemenag.go.id/index.php/profil/masjid/241568/,01.3.16.09.27.000049,Masjid Besar,jl. diponegoro no.51 kalisat,500 m2,Wakaf,350 m2,1953.0,150 - 200,8,4,4,20,082266062019,,0.0,-8.1297,113.8086
1069,635.0,KOTA TASIKMALAYA,Cihideung,Masjid Al-Misbah,http://simas.kemenag.go.id/index.php/profil/masjid/241424/,01.3.13.25.01.000076,Masjid Besar,Jalan  Pst. Al-Misba RT. 07 RW. 07 Kelurahan Argasari,398 m2,Wakaf,398 m2,1994.0,> 200,6,6,-,-,085223526943,,300.0,-6.9152,107.6035
1070,636.0,KAB. KETAPANG,Sungai Melayu Rayak,Masjid AL-HIDAYAH,http://simas.kemenag.go.id/index.php/profil/masjid/241411/,01.3.20.04.20.000013,Masjid Besar,"Jl,Pelang Tumbang Titi Km,66",2.500 m2,Wakaf,625 m2,2017.0,150 - 200,1,4,2,10,085151365829,,200.0,-0.0225,109.3303
1071,637.0,KAB. PESISIR BARAT,Bengkunat,Masjid DARUSSALAM,http://simas.kemenag.go.id/index.php/profil/masjid/241324/,01.3.08.15.10.000004,Masjid Besar,"JL. LINTAS MERALAM PEKON PARDASUKA
KEC. NGARAS
KAB. PESISIR BARAT",150 m2,Wakaf,150 m2,2006.0,150 - 200,3,3,3,-,,,250.0,-5.2424,104.3075
1072,638.0,KAB. PESISIR BARAT,Pesisir Utara,Masjid BAITURROHIM,http://simas.kemenag.go.id/index.php/profil/masjid/241259/,01.3.08.15.04.000013,Masjid Besar,Jl Raya lintas Barat Dusun Suka Maju pekon Kota Karang,375 m2,Wakaf,100 m2,2001.0,50 - 100,2,3,3,-,,,140.0,-5.2424,104.3075
1073,639.0,KAB. JEMBER,Arjasa,Masjid NURUL JANNAH,http://simas.kemenag.go.id/index.php/profil/masjid/241148/,01.3.16.09.22.000039,Masjid Besar,JL. SULTAN AGUNG NO. 10 ARJASA,300 m2,Wakaf,225 m2,1980.0,50 - 100,5,5,5,10,,,50.0,-8.2471,113.3496
1074,640.0,KAB. TOJO UNA UNA,Ampana Kota,Masjid BESAR AT-TAQWA,http://simas.kemenag.go.id/index.php/profil/masjid/241047/,01.3.25.09.05.000026,Masjid Besar,"Jln. Sultan Hasanuddin, Kel.Ampana",3.000 m2,Wakaf,1.500 m2,1920.0,> 200,2,2,2,10,095240600103,,1000.0,-1.8015,116.1475
1075,641.0,KAB. TEGAL,Pangkah,Masjid BAITUL HAMDI,http://simas.kemenag.go.id/index.php/profil/masjid/240871/,01.3.14.28.09.000050,Masjid Besar,Pangkah Rt.01/03,477 m2,Wakaf,477 m2,1940.0,> 200,1,10,1,-,085742319778,,1.0,-1.8015,116.1475
1076,642.0,KAB. MESUJI,Simpang Pematang,Masjid Al- Muhajirin,http://simas.kemenag.go.id/index.php/profil/masjid/240844/,01.3.08.10.05.000014,Masjid Besar,Jalan Kesehatan Desa Simpang Pematang RT 17 RW 08,1.000 m2,Wakaf,400 m2,1983.0,> 200,2,8,6,100,,,2500.0,-1.8015,116.1475
1077,643.0,KAB. MAROS,Moncong Loe,Masjid Baiturrahman,http://simas.kemenag.go.id/index.php/profil/masjid/240755/,01.3.26.09.13.000001,Masjid Besar,Dusun Pamanjengan Desa Moncongloe,400 m2,Wakaf,140 m2,1959.0,50 - 100,2,2,2,30,,,300.0,-5.1463,119.4001
1078,644.0,KAB. DONGGALA,Sojol,Masjid Darus Salam,http://simas.kemenag.go.id/index.php/profil/masjid/240747/,01.3.25.03.08.000004,Masjid Besar,Jl. Pelabuhan Desa Balukang,2.500 m2,Wakaf,750 m2,1993.0,150 - 200,1,1,2,20,,,700.0,-1.8015,116.1475
1079,645.0,KAB. PRINGSEWU,Pagelaran Utara,Masjid Nurul Huda,http://simas.kemenag.go.id/index.php/profil/masjid/240642/,01.3.08.10.09.000014,Masjid Besar,Sukarendah Pekon Sumber Bandung Kec. Pagelaran Utara,270 m2,Wakaf,400 m2,1976.0,50 - 100,3,3,3,-,,,90.0,-5.2923,104.8489
1080,646.0,KAB. SAMBAS,Sajingan Besar,Masjid SABILAL MUHTADIN,http://simas.kemenag.go.id/index.php/profil/masjid/240362/,01.3.20.01.09.000003,Masjid Besar,DUSUN SAJINGAN RT 01 / RW 01 DESA KALIAU&#39;,1.200 m2,Wakaf,100 m2,2004.0,> 200,4,4,2,34,085245292200,,200.0,-0.0225,109.3303
1081,647.0,KAB. MUNA,Batalaiwaru,"Masjid An,Nur Laiworu",http://simas.kemenag.go.id/index.php/profil/masjid/240256/,01.3.27.03.10.000010,Masjid Besar,Jl. Gatotsubroto,1.200 m2,Wakaf,1.008 m2,1935.0,> 200,5,20,4,50,,,1000.0,-3.9696,122.5879
1082,648.0,KAB. MUNA,Katobu,"Masjid Agung Al, Munawarah Raha",http://simas.kemenag.go.id/index.php/profil/masjid/240239/,01.3.27.03.11.000011,Masjid Besar,Jl. Sultan Hasanuddin,7.064 m2,Wakaf,2.800 m2,1978.0,> 200,5,4,3,20,0821 8933 3100,,1500.0,-1.8015,116.1475
1083,649.0,KAB. MUNA,Katobu,"Masjid Agung Al,Munajat Al,Markaz Al,Islami",http://simas.kemenag.go.id/index.php/profil/masjid/240236/,01.3.27.03.11.000008,Masjid Besar,Jl. By Pass Kota Raha,10.000 m2,Girik,2.500 m2,2005.0,> 200,2,3,3,25,,,8000.0,-1.8015,116.1475
1084,650.0,KOTA PADANG,Lubuk Begalung,Masjid JABBAL THARIQ,http://simas.kemenag.go.id/index.php/profil/masjid/240210/,01.3.03.13.06.000050,Masjid Besar,AMPALU  SMP 6 PEGAMBIRAN,650 m2,Wakaf,148 m2,1992.0,50 - 100,1,2,1,-,,,80.0,-1.8015,116.1475
1085,651.0,KOTA PADANG,Lubuk Begalung,Masjid JABBAL NUR,http://simas.kemenag.go.id/index.php/profil/masjid/240208/,01.3.03.13.06.000049,Masjid Besar,PEGAMBIRAN AMPALU,650 m2,Wakaf,300 m2,1906.0,50 - 100,2,9,2,40,,,100.0,-1.8015,116.1475
1086,652.0,KAB. BOGOR,Ciseeng,Masjid Nurul Amal,http://simas.kemenag.go.id/index.php/profil/masjid/240191/,01.3.13.01.33.000002,Masjid Besar,Jln. H. Usa Kp. Malang Nengah RT 003/002 Desa Ciseeng,960 m2,Wakaf,500 m2,1950.0,> 200,5,8,7,100,-,,1200.0,-6.9152,107.6035
1087,653.0,KAB. PRINGSEWU,Adiluwih,Masjid RAUDHATUL JANNAH,http://simas.kemenag.go.id/index.php/profil/masjid/240076/,01.3.08.10.07.000038,Masjid Besar,Dusun 2 Adiluwih,3.092 m2,Wakaf,420 m2,1964.0,100 - 150,5,5,5,-,,,150.0,-5.2204,105.0311
1088,654.0,KAB. TANGGAMUS,Cukuh Balak,Masjid Nurul Falah,http://simas.kemenag.go.id/index.php/profil/masjid/240071/,01.3.08.06.05.000033,Masjid Besar,Pekon Pekondoh Kecamatan Cukuh Balak,800 m2,Wakaf,529 m2,1953.0,> 200,4,4,-,250,,,500.0,-5.2424,104.3075
1089,655.0,KOTA TASIKMALAYA,Cipedes,Masjid Besar Al-Falah Cipedes,http://simas.kemenag.go.id/index.php/profil/masjid/240042/,01.3.13.25.02.000059,Masjid Besar,Jalan H. Ma'munsodik (Bojong Kaum) RT. 06 RW. 011 Kelurahan Cipedes,500 m2,Wakaf,375 m2,1930.0,> 200,7,5,-,-,082217191234,,1000.0,-6.9152,107.6035
1090,656.0,KAB TANJUNG JABUNG TIMUR,Dendang,Masjid Al-Falah,http://simas.kemenag.go.id/index.php/profil/masjid/240023/,01.3.05.07.06.000001,Masjid Besar,Kel. Rantau Indah,2.500 m2,Wakaf,400 m2,1980.0,50 - 100,3,4,4,-,,,400.0,-1.8015,116.1475
1091,657.0,KAB TANJUNG JABUNG TIMUR,Muara Sabak Barat,Masjid Nurussaadah,http://simas.kemenag.go.id/index.php/profil/masjid/240008/,01.3.05.07.07.000018,Masjid Besar,Kel. Nibung Putih,1.500 m2,Wakaf,275 m2,1997.0,50 - 100,2,2,2,2,,,220.0,-1.8015,116.1475
1092,658.0,KOTA TASIKMALAYA,Mangkubumi,Masjid Besar Kecamatan Mangkubumi,http://simas.kemenag.go.id/index.php/profil/masjid/239927/,01.3.13.25.08.000114,Masjid Besar,Jalan Cikiray RT. 02 RW. 011 Kelurahan Cigantang,3.150 m2,Wakaf,384 m2,2015.0,> 200,10,8,-,-,082319204567 / 082119418081,,1000.0,-1.8015,116.1475
1093,659.0,KAB. GARUT,Kersamanah,Masjid PERSIK,http://simas.kemenag.go.id/index.php/profil/masjid/239917/,01.3.13.05.13.000006,Masjid Besar,Jl. Raya Kurnia Km. 60 Bandung - malangbong,1.260 m2,Wakaf,480 m2,1948.0,50 - 100,6,3,3,50,082118755996,,1000.0,-6.9152,107.6035
1094,660.0,KAB. ROKAN HILIR,Bangko,Masjid Al-Ihsan,http://simas.kemenag.go.id/index.php/profil/masjid/239888/,01.3.04.07.02.000015,Masjid Besar,Jl. Pahlawan Kec.Bangko,5.000 m2,SHM,400 m2,1950.0,50 - 100,3,20,3,50,,,1000.0,2.1563,100.8096
1095,661.0,KOTA TASIKMALAYA,Bungursari,Masjid At-Taufik,http://simas.kemenag.go.id/index.php/profil/masjid/239826/,01.3.13.25.09.000093,Masjid Besar,RT. 01 RW. 08 Kelurahan Bungursari,2.000 m2,Wakaf,540 m2,2010.0,> 200,4,5,-,-,085323587204,,1000.0,-1.8015,116.1475
1096,662.0,KAB. KEPULAUAN MERANTI,Tasik Putri Puyu,Masjid ATTAQWA,http://simas.kemenag.go.id/index.php/profil/masjid/239808/,01.3.04.10.08.000002,Masjid Besar,JALAN HARAPAN,13.500 m2,Wakaf,169 m2,2017.0,50 - 100,3,3,3,20,081268759115,,100.0,0.5462,101.4323
1097,663.0,KAB. BOGOR,Caringin,Masjid Al-Mukhlishin,http://simas.kemenag.go.id/index.php/profil/masjid/239786/,01.3.13.01.27.000039,Masjid Besar,Kp. Caringin RT 05 RW 01 Desa Caringin,1.000 m2,Wakaf,900 m2,1999.0,> 200,3,5,2,-,08129642861,,800.0,-6.9152,107.6035
1098,664.0,KAB. LAMPUNG UTARA,Tanjung Raja,Masjid BAITUR RAHMAN,http://simas.kemenag.go.id/index.php/profil/masjid/239476/,01.3.08.03.04.000001,Masjid Besar,DUSUN 1 DESA TANJUNG RAJA,480 m2,Wakaf,384 m2,1918.0,50 - 100,3,3,3,29,,,130.0,-4.7171,104.9227
1099,665.0,KAB. DOMPU,Dompu,Masjid Babussalam,http://simas.kemenag.go.id/index.php/profil/masjid/239371/,01.3.18.05.01.000007,Masjid Besar,Kelurahan Dorotangga,400 m2,Wakaf,350 m2,1968.0,> 200,6,6,4,8,,,300.0,-8.5345,118.4673
1100,666.0,KAB. LAMPUNG TIMUR,Pasir Sakti,Masjid HIDAYATUL MUMININ,http://simas.kemenag.go.id/index.php/profil/masjid/239236/,01.3.08.07.19.000004,Masjid Besar,Desa Mekarsari,2.400 m2,Girik,420 m2,1984.0,150 - 200,3,5,5,100,081324957112,,500.0,-5.4892,105.7735
1101,667.0,KAB. TULANG BAWANG,Banjar Agung,Masjid Al-Ikhwan,http://simas.kemenag.go.id/index.php/profil/masjid/239122/,01.3.08.05.03.000006,Masjid Besar,"RK. 6 Kampung Dwi Warga Tunggal Jaya Kec. Banjar Agung Kab. Tulang Bawang, Prop. Lampung",25M x 50 M,Wakaf,10 M x 10 M,1998.0,50 - 100,3,5,4,20,-,,100.0,-1.8015,116.1475
1102,668.0,KAB. TULANG BAWANG,Banjar Agung,Masjid MIFTAHUL JANNAH,http://simas.kemenag.go.id/index.php/profil/masjid/239102/,01.3.08.05.03.000003,Masjid Besar,"RK. 1 Kampung Dwi Warga Tunggal Jaya Kec. Banjar Agung Kab. Tulang Bawang, Prop. Lampung",50M x 50 M = 2500 M2,Wakaf,25 M x 30 M,1988.0,50 - 100,2,5,2,20,-,,1000.0,-5.2424,104.3075
1103,669.0,KOTA MAKASSAR,Tamalanrea,Masjid Besar Al-Muamalah,http://simas.kemenag.go.id/index.php/profil/masjid/239051/,01.3.26.22.14.000056,Masjid Besar,BTP Blok L,528 m2,Girik,144 m2,1998.0,50 - 100,2,-,1,7,,,600.0,-1.8015,116.1475
1104,670.0,KAB. MAGELANG,Salaman,Masjid AS-SHOFFI,http://simas.kemenag.go.id/index.php/profil/masjid/239012/,01.3.14.08.01.000098,Masjid Besar,"DUSUN KAUMAN, DESA SALAMAN, KEC. SALAMAN",1.080 m2,Wakaf,460 m2,1920.0,50 - 100,3,4,4,-,,,500.0,-1.8015,116.1475
1105,671.0,KOTA PADANG,Lubuk Begalung,Masjid RAYA NURUL IHSAN,http://simas.kemenag.go.id/index.php/profil/masjid/238498/,01.3.03.13.06.000040,Masjid Besar,KAMPUNG BARU CENGKEH,120 m2,Wakaf,120 m2,1920.0,50 - 100,2,-,-,48,0751777601,,100.0,-1.8015,116.1475
1106,672.0,KOTA PADANG,Lubuk Begalung,Masjid RAYA BAHRUL HIDAYAH,http://simas.kemenag.go.id/index.php/profil/masjid/238485/,01.3.03.13.06.000038,Masjid Besar,JLN.IKAN PARI  RT.03/13 BANUARAN,460 m2,Wakaf,400 m2,2016.0,150 - 200,3,3,-,-,05274296850,,200.0,-1.8015,116.1475
1107,673.0,KOTA PADANG,Lubuk Begalung,Masjid RAYA BANUARAN,http://simas.kemenag.go.id/index.php/profil/masjid/238481/,01.3.03.13.06.000037,Masjid Besar,PERUMAHAN TAMAN BANUARAN INDAH  BLOK  CC 05 NAN XX,3.250 m2,Wakaf,440 m2,1987.0,150 - 200,3,4,3,25,085274296850,,200.0,-0.9551,100.3696
1108,674.0,KOTA BENGKULU,Muara Bangka Hulu,Masjid Al-Baroqah,http://simas.kemenag.go.id/index.php/profil/masjid/238471/,01.3.07.10.04.000061,Masjid Besar,Jl. Dharma Wanita  RT.17 Rw. 02  Kel. Pematang Gubernur,625 m2,Wakaf,208 m2,2002.0,50 - 100,1,1,1,-,0811735686,,400.0,-1.8015,116.1475
1109,675.0,KAB. SAMBAS,Jawai Selatan,Masjid Al-FALAH,http://simas.kemenag.go.id/index.php/profil/masjid/238226/,01.3.20.01.16.000020,Masjid Besar,Jl. Alfalah Desa Matang Terap Kecamatan Jawai Selatan,1.600 m2,Wakaf,256 m2,1079.0,> 200,4,4,4,25,081352500855,,250.0,1.2837,109.0278
1110,676.0,KAB. BUTON UTARA,Bonegunu,Masjid Arrahman,http://simas.kemenag.go.id/index.php/profil/masjid/238215/,01.3.27.10.03.000010,Masjid Besar,Kel. Buranga,3.500 m2,Wakaf,400 m2,1990.0,50 - 100,2,2,3,-,,,200.0,-4.809,122.9923
1111,677.0,KAB. PONOROGO,Jenangan,Masjid Besar At-Taqwa,http://simas.kemenag.go.id/index.php/profil/masjid/238097/,01.3.16.02.18.000086,Masjid Besar,Jalan Raya Jenangan,360 m2,Wakaf,360 m2,1923.0,50 - 100,2,10,4,4,081235990349,Masjid ini didirikan pada tahu…,200.0,-7.899,111.8555
1112,678.0,KAB. PESISIR BARAT,Pesisir Tengah,Masjid MAKMUR,http://simas.kemenag.go.id/index.php/profil/masjid/237887/,01.3.08.15.01.000037,Masjid Besar,Pekon Gunung kemala Induk Kec. Way Krui Kab. Pss. Barat,750 m2,Wakaf,600 m2,1918.0,> 200,4,10,4,-,,,500.0,-5.2424,104.3075
1113,679.0,KAB. HULU SUNGAI TENGAH,Pandawan,Masjid Karamat,http://simas.kemenag.go.id/index.php/profil/masjid/237870/,01.3.22.07.05.000001,Masjid Besar,Desa Palajau,928 m2,Wakaf,225 m2,1626.0,> 200,15,10,14,35,0852000000,,600.0,-2.5794,1000.0
1114,680.0,KAB. PONOROGO,Ngebel,Masjid Sabilil Muttaqien,http://simas.kemenag.go.id/index.php/profil/masjid/237852/,01.3.16.02.19.000068,Masjid Besar,Jl.Raya Telaga Ngebel No.22 Nglingi Ds.Ngebel Kec.Ngebel,1.338 m2,Wakaf,316 m2,1928.0,50 - 100,4,8,4,20,,,500.0,-7.7897,111.635
1115,681.0,KAB. SERAM BAGIAN BARAT,Kairatu Barat,Masjid Al-Hilal,http://simas.kemenag.go.id/index.php/profil/masjid/237680/,01.3.30.06.07.000005,Masjid Besar,Desa Kamal,10.000 m2,Wakaf,360 m2,1988.0,150 - 200,3,8,5,50,0,,250.0,-3.0308,129.5068
1116,682.0,KAB. SERAM BAGIAN BARAT,Kepulauan Manipa,Masjid Ar-Rahman,http://simas.kemenag.go.id/index.php/profil/masjid/237653/,01.3.30.06.09.000002,Masjid Besar,Desa Tomalehu Barat,1.200 m2,Wakaf,450 m2,1980.0,50 - 100,1,2,3,10,0,,100.0,-3.3373,127.5527
1117,683.0,KAB. SERAM BAGIAN BARAT,Amalatu,Masjid Al-Fajar,http://simas.kemenag.go.id/index.php/profil/masjid/237646/,01.3.30.06.05.000002,Masjid Besar,Desa Latu,3.025 m2,Wakaf,378 m2,1958.0,> 200,1,3,2,68,0,,1500.0,-3.4207,128.6877
1118,684.0,KAB. TANAH LAUT,Takisung,Masjid BAITAL MAKMUR,http://simas.kemenag.go.id/index.php/profil/masjid/237627/,01.3.22.01.01.000025,Masjid Besar,DESA GUNUNG MAKMUR RT 08,1.067 m2,Wakaf,300 m2,1958.0,50 - 100,7,7,7,20,08125033828,,400.0,-1.8015,116.1475
1119,685.0,KAB. MUNA,Watopute,"Masjid Al,Waliyun",http://simas.kemenag.go.id/index.php/profil/masjid/237442/,01.3.27.03.14.000011,Masjid Besar,Kel. Watopute,714 m2,Wakaf,374 m2,1958.0,50 - 100,4,4,4,25,,,500.0,-1.8015,116.1475
1120,686.0,KAB. MUNA,Katobu,Masjid Alauddin,http://simas.kemenag.go.id/index.php/profil/masjid/237424/,01.3.27.03.11.000003,Masjid Besar,Jl.Kelinci Kota Raha,2.500 m2,SHM,256 m2,2000.0,100 - 150,2,4,3,20,,,500.0,-3.9696,122.5879
1121,687.0,KAB. PESISIR BARAT,Pesisir Tengah,Masjid Baiturrohim,http://simas.kemenag.go.id/index.php/profil/masjid/237217/,01.3.08.15.01.000021,Masjid Besar,Jln. Merdeka Tanah Lapang Kelurahan Pasar Krui Kec. Pesisir Tengah Kab. Pesisir Barat,375 m2,Wakaf,180 m2,1960.0,> 200,2,4,3,-,,,500.0,-5.2424,104.3075
1122,688.0,KAB. TASIKMALAYA,Sariwangi,Masjid DKMB Kecamatan Sariwangi,http://simas.kemenag.go.id/index.php/profil/masjid/237212/,01.3.13.06.30.000073,Masjid Besar,Jln. Cipondok No. 1 Desa Jayaratu,300 m2,Girik,80 m2,2007.0,50 - 100,3,-,3,80,-,,100.0,-7.3228,108.0637
1123,689.0,KAB. SUMBAWA,Unter Iwes,Masjid Nur Ilahi,http://simas.kemenag.go.id/index.php/profil/masjid/237161/,01.3.18.04.17.000032,Masjid Besar,Jl.Semongkat Dusun Sering Ai Mata Desa Kerato,1.564 m2,Wakaf,234 m2,1992.0,50 - 100,5,6,3,50,,,200.0,-8.589,116.1304
1124,690.0,KAB. PESISIR BARAT,Pesisir Selatan,Masjid Al-Muhajirin,http://simas.kemenag.go.id/index.php/profil/masjid/237155/,01.3.08.15.02.000004,Masjid Besar,Jl.Lintas Barat Pemangku  Gunung Sari,10.000 m2,Wakaf,300 m2,1996.0,150 - 200,4,3,2,80,,,300.0,-5.2424,104.3075
1125,691.0,KAB. PESISIR BARAT,Pesisir Tengah,Masjid Sholihin,http://simas.kemenag.go.id/index.php/profil/masjid/237058/,01.3.08.15.01.000011,Masjid Besar,Jl.Lintas Barat Way Napal,580 m2,Wakaf,150 m2,1996.0,100 - 150,4,4,2,50,,,200.0,-5.2424,104.3075
1126,692.0,KAB. BENGKAYANG,Teriak,Masjid AT-TAQWA,http://simas.kemenag.go.id/index.php/profil/masjid/236845/,01.3.20.07.09.000001,Masjid Besar,Desa Temu,500 m2,Wakaf,200 m2,1970.0,50 - 100,-,-,-,-,,,0.0,-0.0225,109.3303
1127,693.0,KAB. BOLAANG MONGONDOW TIMUR,Modayag,Masjid Baiturrahman,http://simas.kemenag.go.id/index.php/profil/masjid/236488/,01.3.24.10.04.000016,Masjid Besar,Desa Modayag Kec. Modayag,1.440 m2,Wakaf,625 m2,1964.0,> 200,1,6,6,75,,,2000.0,0.7107,124.3834
1128,694.0,KAB. KUTAI BARAT,Melak,Masjid Al-Hidayah,http://simas.kemenag.go.id/index.php/profil/masjid/236244/,01.3.23.04.06.000001,Masjid Besar,Jl. Gunung Aji Kel. Melak Ulu,5.100 m2,Wakaf,1.225 m2,2005.0,50 - 100,1,-,-,-,085349190357,,2500.0,-0.2361,115.8182
1129,695.0,KOTA BENGKULU,Ratu Agung,Masjid AL-MUKHLISIN,http://simas.kemenag.go.id/index.php/profil/masjid/236095/,01.3.07.10.06.000053,Masjid Besar,JL. ANGGREK,500 m2,SHM,200 m2,1979.0,100 - 150,1,1,1,25,085273677493,,400.0,-1.8015,116.1475
1130,696.0,KAB. BOLAANG MONGONDOW TIMUR,Modayag Barat,Masjid Al-Ikhlas,http://simas.kemenag.go.id/index.php/profil/masjid/236071/,01.3.24.10.05.000007,Masjid Besar,Desa Bongkudai Kec. Modayag Barat Kab. Bolaang Mongondow Timur,1.277 m2,Wakaf,400 m2,2014.0,> 200,1,4,2,80,,,800.0,0.7146,124.3748
1131,697.0,KOTA BENGKULU,Ratu Samban,Masjid AKBAR ATTAQWA,http://simas.kemenag.go.id/index.php/profil/masjid/235915/,01.3.07.10.07.000022,Masjid Besar,ANGGUT ATAS,-,Wakaf,-,1985.0,> 200,-,-,-,-,,,0.0,-1.8015,116.1475
1132,698.0,KAB. KOTAWARINGIN TIMUR,Seranau,Masjid Mentaya Seberang,http://simas.kemenag.go.id/index.php/profil/masjid/235757/,01.3.21.02.12.000007,Masjid Besar,"Unnamed Road, Mentaya Seberang, Seranau, Mentaya Seberang, Mentawa Baru/Ketapan, Kabupaten Kotawaringin Timur, Kalimantan Tengah 74321",700 m2,Girik,400 m2,2014.0,> 200,7,7,5,10,-,,400.0,-2.5393,112.9925
1133,699.0,KAB. BOGOR,Dramaga,"Masjid "" AN-NUR""",http://simas.kemenag.go.id/index.php/profil/masjid/235719/,01.3.13.01.30.000088,Masjid Besar,KOMPLEK ALAM SINA SARI DESA SINAR SARI RT 04/04,500 m2,Wakaf,250 m2,1997.0,100 - 150,8,8,8,-,,,250.0,-6.9024,107.6492
1134,700.0,KAB. MUNA,Kontunaga,"Masjid Al, Inayah",http://simas.kemenag.go.id/index.php/profil/masjid/235693/,01.3.27.03.15.000002,Masjid Besar,Jl.Poros Mabodo Kec.Kontunaga,2.500 m2,Wakaf,484 m2,1968.0,100 - 150,4,3,3,25,,,400.0,-1.8015,116.1475
1135,701.0,KAB. KOTAWARINGIN TIMUR,Cempaga Hulu,Masjid Al-Hadi Badaruddin,http://simas.kemenag.go.id/index.php/profil/masjid/235646/,01.3.21.02.13.000015,Masjid Besar,"Jl. A.Yani, Pundu, Cempaga Hulu, Kabupaten Kotawaringin Timur, Kalimantan Tengah 74354",700 m2,Wakaf,500 m2,2014.0,> 200,5,7,5,30,-,,400.0,-1.9812,113.0433
1136,702.0,KAB. MUNA,Batalaiwaru,"Masjid Al,Muhahajirin",http://simas.kemenag.go.id/index.php/profil/masjid/235616/,01.3.27.03.10.000005,Masjid Besar,Pasar Sentral Laino,5.000 m2,Wakaf,840 m2,2007.0,> 200,4,2,4,25,,,1000.0,-1.8015,116.1475
1137,703.0,KAB. MUNA,Batalaiwaru,"Masjid Al, Fatah Natsir",http://simas.kemenag.go.id/index.php/profil/masjid/235612/,01.3.27.03.10.000002,Masjid Besar,"Jl.Lumba - lumba Al,Fatah",750 m2,Wakaf,306 m2,2003.0,100 - 150,7,7,7,30,0852 4087 8397,,500.0,-3.9696,122.5879
1138,704.0,KAB. GUNUNG MAS,Manuhing,Masjid Al- Muhajirin,http://simas.kemenag.go.id/index.php/profil/masjid/235596/,01.3.21.10.06.000010,Masjid Besar,Desa Tumbang Talaken,1.800 m2,Girik,225 m2,2015.0,50 - 100,5,6,4,8,-,,100.0,-1.4302,113.429
1139,705.0,KAB. GUNUNG MAS,Miri Manasa,Masjid Al-Muhajirin,http://simas.kemenag.go.id/index.php/profil/masjid/235591/,01.3.21.10.09.000001,Masjid Besar,Tumbang Napoi Kec.Miri Manasa,225 m2,Girik,100 m2,2017.0,50 - 100,3,-,-,-,-,,50.0,-0.7526,113.805
1140,706.0,KOTA BENGKULU,Kampung Melayu,Masjid NURUL HAQ,http://simas.kemenag.go.id/index.php/profil/masjid/235544/,01.3.07.10.05.000045,Masjid Besar,RT06 RW02 KEL MUARA DUA,500 m2,Wakaf,250 m2,1980.0,100 - 150,1,1,1,-,,,200.0,-3.9046,102.3077
1141,707.0,KOTA BENGKULU,Kampung Melayu,Masjid BAITU MAKMUR,http://simas.kemenag.go.id/index.php/profil/masjid/235536/,01.3.07.10.05.000037,Masjid Besar,RT    SIMPANG KANDIS KEL SUMBER JAYA,240 m2,Girik,200 m2,2001.0,50 - 100,1,1,1,15,,,100.0,-3.9569,102.3224
1142,708.0,KOTA BENGKULU,Kampung Melayu,Masjid AL-AMIN,http://simas.kemenag.go.id/index.php/profil/masjid/235531/,01.3.07.10.05.000032,Masjid Besar,RT03 RW04 KEL. KANDANG,300 m2,Girik,150 m2,1997.0,50 - 100,1,1,2,16,,,100.0,-4.0714,102.494
1143,709.0,KOTA BENGKULU,Kampung Melayu,Masjid An-Nur,http://simas.kemenag.go.id/index.php/profil/masjid/235526/,01.3.07.10.05.000027,Masjid Besar,RT 01 RW 01 KEL.KANDANG,450 m2,Girik,150 m2,1991.0,50 - 100,1,1,1,16,,,90.0,-1.8015,116.1475
1144,710.0,KOTA BENGKULU,Kampung Melayu,Masjid Baiturrahman,http://simas.kemenag.go.id/index.php/profil/masjid/235456/,01.3.07.10.05.000024,Masjid Besar,RT 37 Kel kandang Mas,650 m2,Girik,200 m2,1999.0,100 - 150,1,1,1,16,,,120.0,-1.8015,116.1475
1145,711.0,KOTA BENGKULU,Kampung Melayu,Masjid Al-Muhtadiin,http://simas.kemenag.go.id/index.php/profil/masjid/235443/,01.3.07.10.05.000023,Masjid Besar,RT 01 Kel Kandang Mas,500 m2,Girik,200 m2,1998.0,50 - 100,1,1,-,-,,,90.0,-1.8015,116.1475
1146,712.0,KAB. KONAWE,Bondoala,Masjid BABUL JIHAD,http://simas.kemenag.go.id/index.php/profil/masjid/235406/,01.3.27.02.18.000003,Masjid Besar,KELURAHAN LAOSU,479 m2,Wakaf,306 m2,1984.0,50 - 100,2,10,2,12,085239737698,,450.0,-1.8015,116.1475
1147,713.0,KAB. KONAWE,Tongauna,Masjid FASTIBIQUL KHAIRAT,http://simas.kemenag.go.id/index.php/profil/masjid/235172/,01.3.27.02.12.000010,Masjid Besar,LINGKUNGANI 1 KELURAHAN TONGAUNA,2.520 m2,Wakaf,144 m2,2000.0,50 - 100,2,2,1,12,,,400.0,-1.8015,116.1475
1148,714.0,KAB. KONAWE,Tongauna,Masjid AR-RAHMAN,http://simas.kemenag.go.id/index.php/profil/masjid/235167/,01.3.27.02.12.000009,Masjid Besar,KELURAHAN TONGAUNA,2.925 m2,Wakaf,196 m2,1974.0,50 - 100,2,2,2,12,,,400.0,-1.8015,116.1475
1149,715.0,KAB. KONAWE,Tongauna,Masjid AL-IMAN,http://simas.kemenag.go.id/index.php/profil/masjid/235166/,01.3.27.02.12.000008,Masjid Besar,KELURAHAN MATAIWOI,300 m2,Wakaf,225 m2,1969.0,50 - 100,3,3,1,12,,,200.0,-3.9696,122.5879
1150,716.0,KAB. KONAWE,Tongauna,Masjid AL-IMAN,http://simas.kemenag.go.id/index.php/profil/masjid/235150/,01.3.27.02.12.000007,Masjid Besar,KELURAHANMATAIWOI,300 m2,Wakaf,225 m2,1969.0,50 - 100,3,3,1,12,,,200.0,-1.8015,116.1475
1151,717.0,KAB. KONAWE,Tongauna,Masjid ANNUR,http://simas.kemenag.go.id/index.php/profil/masjid/235145/,01.3.27.02.12.000006,Masjid Besar,KELURAHAN MATAIWOI,200 m2,Wakaf,100 m2,2001.0,50 - 100,3,1,1,14,,,100.0,-1.8015,116.1475
1152,718.0,KAB. LOMBOK UTARA,Tanjung,Masjid BAITURRAHMAN,http://simas.kemenag.go.id/index.php/profil/masjid/235117/,01.3.18.08.01.000069,Masjid Besar,Dusun Gubuk Baru Desa Tanjung Kec. Tanjung,3.000 m2,Wakaf,900 m2,1980.0,> 200,6,6,8,150,,,1500.0,-1.8015,116.1475
1153,719.0,KAB. KONAWE,Routa,Masjid NURUL HIDAYAH,http://simas.kemenag.go.id/index.php/profil/masjid/235064/,01.3.27.02.19.000004,Masjid Besar,JALAN POROS TOUTI KELURAHAN ROUTA,2.500 m2,Wakaf,168 m2,1997.0,> 200,2,2,2,15,,,500.0,-1.8015,116.1475
1154,720.0,KAB. KONAWE,Routa,Masjid AL-MUHAJIRIN,http://simas.kemenag.go.id/index.php/profil/masjid/235051/,01.3.27.02.19.000003,Masjid Besar,JLN POROS PARUDONGKA TIRAWONOA,5.000 m2,Wakaf,168 m2,2013.0,> 200,2,2,2,12,,,500.0,-1.8015,116.1475
1155,721.0,KAB. KONAWE,Besulutu,Masjid AL-IKHLAS,http://simas.kemenag.go.id/index.php/profil/masjid/234998/,01.3.27.02.17.000008,Masjid Besar,KELURAHAN BESULUTU,1.200 m2,Wakaf,112 m2,1966.0,> 200,2,3,2,20,0852 9940 7490,,619.0,-1.8015,116.1475
1156,722.0,KAB. GUNUNG MAS,Rungan Barat,Masjid Nurul Huda,http://simas.kemenag.go.id/index.php/profil/masjid/234980/,01.3.21.10.12.000003,Masjid Besar,Jl. Sapan Kel.Rabambang Kec. Rungan Barat,500 m2,Wakaf,400 m2,1980.0,150 - 200,3,4,6,-,082255161406,,200.0,-2.2242,113.9423
1157,723.0,KOTA ADM. JAKARTA TIMUR,Cipayung,Masjid Silaturrahim,http://simas.kemenag.go.id/index.php/profil/masjid/234731/,01.3.11.05.10.000033,Masjid Besar,Jln.H.Karim perum Premier,400 m2,Wakaf,350 m2,1986.0,100 - 150,2,4,2,-,-,,200.0,-1.8015,116.1475
1158,724.0,KOTA ADM. JAKARTA TIMUR,Cipayung,Masjid Miftahul Jannah,http://simas.kemenag.go.id/index.php/profil/masjid/234722/,01.3.11.05.10.000030,Masjid Besar,jln. kramat  Rt.007/02 kelurahan setu,550 m2,Wakaf,370 m2,1976.0,100 - 150,5,7,3,20,-,,300.0,-1.8015,116.1475
1159,725.0,KOTA ADM. JAKARTA TIMUR,Cipayung,Masjid Darussalam,http://simas.kemenag.go.id/index.php/profil/masjid/234721/,01.3.11.05.10.000029,Masjid Besar,Komplek kopti Rt.002/06kelurahan setu,400 m2,Wakaf,350 m2,1982.0,50 - 100,2,4,3,-,-,,300.0,-1.8015,116.1475
1160,726.0,KOTA ADM. JAKARTA TIMUR,Cipayung,Masjid Al-Hikmah Hidayah,http://simas.kemenag.go.id/index.php/profil/masjid/234712/,01.3.11.05.10.000022,Masjid Besar,jl.Raya setu Rt 008/03 Kelurahan setu,400 m2,Wakaf,300 m2,1990.0,50 - 100,2,4,2,15,-,,200.0,-6.2115,106.8452
1161,727.0,KAB. LOMBOK UTARA,Tanjung,Masjid As-Syakur,http://simas.kemenag.go.id/index.php/profil/masjid/234703/,01.3.18.08.01.000043,Masjid Besar,Karang Ancak Dusun Keroya Desa Jenggala,650 m2,Wakaf,144 m2,2010.0,150 - 200,8,6,7,50,081 191 736 2474,,350.0,-1.8015,116.1475
1162,728.0,KAB. LOMBOK UTARA,Tanjung,Masjid Nurul Yaqin,http://simas.kemenag.go.id/index.php/profil/masjid/234701/,01.3.18.08.01.000042,Masjid Besar,Dusun Sebaro Desa Jenggala Tanjung,600 m2,Wakaf,182 m2,1967.0,> 200,1,3,2,47,,,650.0,-1.8015,116.1475
1163,729.0,KAB. INDRAGIRI HILIR,Tembilahan,Masjid Darul Hikmah,http://simas.kemenag.go.id/index.php/profil/masjid/234651/,01.3.04.04.04.000046,Masjid Besar,Jalan Batang Tuaka Tembilahan,1.500 m2,Wakaf,320 m2,1985.0,> 200,7,10,5,15,,,500.0,0.5462,101.4323
1164,730.0,KAB. HALMAHERA UTARA,Tobelo,Masjid AGUNG AL-AMIN,http://simas.kemenag.go.id/index.php/profil/masjid/234550/,01.3.31.03.02.000017,Masjid Besar,"Jl. TT. Marhaban, Gamsungi Tobelo",4.200 m2,Wakaf,1.600 m2,1985.0,> 200,3,3,4,2,,,1600.0,1.7258,128.01
1165,731.0,KAB. ACEH TENGAH,Bies,Masjid Al-Jihad,http://simas.kemenag.go.id/index.php/profil/masjid/234545/,01.3.01.04.13.000010,Masjid Besar,"Kampung Atang Jungket Kec. Bies
Kab. Aceh Tengah",1.555 m2,Wakaf,480 m2,1982.0,> 200,3,3,2,10,,,400.0,4.6051,96.6246
1166,732.0,KAB. GORONTALO,Tabongo,Masjid Al-Jihad,http://simas.kemenag.go.id/index.php/profil/masjid/234541/,01.3.28.01.14.000014,Masjid Besar,Desa Ilomangga,660 m2,Wakaf,400 m2,1964.0,150 - 200,1,1,1,3,,,250.0,0.5746,122.9318
1167,733.0,KAB. TULUNGAGUNG,Sumbergempol,Masjid Al-Husna,http://simas.kemenag.go.id/index.php/profil/masjid/234254/,01.3.16.04.10.000127,Masjid Besar,Dsn. Gempol Ds. Sumberdadi Kec. Sumbergempol Kab. Tulungagung,8.442 m2,Wakaf,550 m2,1925.0,150 - 200,6,10,5,55,,,600.0,-8.0814,111.9431
1168,734.0,KAB. HULU SUNGAI TENGAH,Labuan Amas Utara,Masjid AL-AMIN,http://simas.kemenag.go.id/index.php/profil/masjid/234225/,01.3.22.07.04.000004,Masjid Besar,WALANGKU KASARANGAN,3.131 m2,Wakaf,-,1947.0,100 - 150,5,7,5,50,,,200.0,-2.6164,115.2966
1169,735.0,KAB. TANAH LAUT,Tambang Ulang,Masjid Riyadhatussholihin,http://simas.kemenag.go.id/index.php/profil/masjid/233920/,01.3.22.01.08.000012,Masjid Besar,Jl.A.Yani Rt.01 Tambang Ulang,1.652 m2,Wakaf,400 m2,1957.0,100 - 150,2,5,3,1,,,700.0,-1.8015,116.1475
1170,736.0,KAB. MAGETAN,Parang,Masjid BAITUSSYAFAAT,http://simas.kemenag.go.id/index.php/profil/masjid/233862/,01.3.16.20.02.000135,Masjid Besar,RT 06 RW 02 DS.PRAGAK,185 m2,Girik,120 m2,2003.0,50 - 100,3,-,4,25,082132608317,,150.0,-1.8015,116.1475
1171,737.0,KAB. TANAH LAUT,Batu Ampar,Masjid Nurul hidayah,http://simas.kemenag.go.id/index.php/profil/masjid/233831/,01.3.22.01.09.000031,Masjid Besar,Jln A.yani Rt 03,18÷100,Wakaf,13×16,1960.0,50 - 100,7,4,5,50,,,600.0,-1.8015,116.1475
1172,738.0,KAB. LAMPUNG BARAT,Suoh,Masjid Toriqus Salam,http://simas.kemenag.go.id/index.php/profil/masjid/233673/,01.3.08.04.06.000006,Masjid Besar,"Mekar Jaya, Kec.Suoh",2.250 m2,Wakaf,256 m2,1984.0,> 200,2,5,-,-,,,0.0,-5.2424,104.3075
1173,739.0,KAB. MALANG,Tirtoyudo,Masjid AL-FALAH,http://simas.kemenag.go.id/index.php/profil/masjid/233509/,01.3.16.07.30.000082,Masjid Besar,Jl. Raya Tlogosari Rt.01 Rw. 01,2.000 m2,Wakaf,289 m2,1989.0,> 200,5,5,5,20,085234544820,,500.0,-7.2892,112.7344
1174,740.0,KAB. LOMBOK TIMUR,Sukamulia,Masjid Zainul Mukminin,http://simas.kemenag.go.id/index.php/profil/masjid/233329/,01.3.18.03.06.000024,Masjid Besar,Dasan Tiga Desa Sukamulia Timur Kec. Sukamulia,2.500 m2,Wakaf,225 m2,1990.0,100 - 150,4,4,2,-,085903103117,,700.0,-8.589,116.1304
1175,741.0,KAB. GARUT,Bl. Limbangan,Masjid AL-HUSEN KAUM BL LIMBANGAN,http://simas.kemenag.go.id/index.php/profil/masjid/233315/,01.3.13.05.38.000023,Masjid Besar,KP. KAUM RT.01/02 DS LIMBANGAN TIMUR,3.280 m2,Wakaf,441 m2,1987.0,> 200,6,5,3,75,081321925601,,700.0,-7.035,107.9832
1176,742.0,KAB. DHARMASRAYA,Padang Laweh,Masjid Al-Istiqomah,http://simas.kemenag.go.id/index.php/profil/masjid/233248/,01.3.03.10.09.000009,Masjid Besar,Jorong Koto Lamo Nagari Pdang Laweh,900 m2,Girik,400 m2,1947.0,50 - 100,2,5,2,1,,,200.0,-0.9551,100.3696
1177,743.0,KAB. LAMPUNG TIMUR,Labuhan Ratu,Masjid Al-Munawwaroh,http://simas.kemenag.go.id/index.php/profil/masjid/232954/,01.3.08.07.21.000015,Masjid Besar,Dusun II Gunung Terang I Desa Labuhan Ratu,450 m2,Wakaf,280 m2,1978.0,50 - 100,4,4,4,-,,,400.0,-5.6553,105.3472
1178,744.0,KOTA PADANG,Padang Selatan,Masjid Jabal Rahmah,http://simas.kemenag.go.id/index.php/profil/masjid/232908/,01.3.03.13.01.000003,Masjid Besar,Jalan Koto Kacik Kel MATA air Barat RT 03/RW.10,100 m2,Wakaf,50 m2,1986.0,50 - 100,1,8,1,20,,,100.0,-0.9551,100.3696
1179,745.0,KAB. LAMPUNG BARAT,Sumber Jaya,Masjid AL-Mujahidin,http://simas.kemenag.go.id/index.php/profil/masjid/232799/,01.3.08.04.02.000085,Masjid Besar,"tugu sari II, Kec.sumber jaya",4.200 m2,Wakaf,1.250 m2,1975.0,> 200,5,5,-,-,,,0.0,-5.2424,104.3075
1180,746.0,KAB. DHARMASRAYA,Asam Jujuhan,Masjid NURUL HUDA,http://simas.kemenag.go.id/index.php/profil/masjid/232781/,01.3.03.10.10.000010,Masjid Besar,SUNGAI LIMAU,1.330 m2,Wakaf,324 m2,1960.0,100 - 150,3,4,2,32,,,250.0,-0.9551,100.3696
1181,747.0,KAB. DHARMASRAYA,Koto Besar,Masjid NURUL HIDAYAH,http://simas.kemenag.go.id/index.php/profil/masjid/232656/,01.3.03.10.11.000022,Masjid Besar,KOTO BESAR,4.000 m2,Wakaf,400 m2,2003.0,50 - 100,2,4,4,25,,,500.0,-1.8015,116.1475
1182,748.0,KAB. BOGOR,Pamijahan,Masjid Attawakal,http://simas.kemenag.go.id/index.php/profil/masjid/232524/,01.3.13.01.17.000003,Masjid Besar,Kp. Neglasari Rt 01/04. Desa Gunung sari,535 m2,Wakaf,180 m2,2012.0,> 200,3,3,3,50,085695267681,,500.0,-6.9152,107.6035
1183,749.0,KAB. GARUT,Garut Kota,Masjid Islamic sentre Garut,http://simas.kemenag.go.id/index.php/profil/masjid/232509/,01.3.13.05.01.000174,Masjid Besar,Jln Pramuka No 22 Garut,1.200 m2,Girik,600 m2,2016.0,> 200,2,9,2,75,08999994461,,500.0,-7.2132,107.9028
1184,750.0,KOTA PEKALONGAN,Pekalongan Selatan,Masjid Darul Hikmah,http://simas.kemenag.go.id/index.php/profil/masjid/232416/,01.3.14.34.04.000027,Masjid Besar,Jl. HOS Cokroaminoto Gg 5,672 m2,Wakaf,640 m2,1968.0,> 200,5,5,3,-,081914114485,,700.0,-6.9277,109.679
1185,751.0,KAB. PACITAN,Arjosari,Masjid At-Taqwa,http://simas.kemenag.go.id/index.php/profil/masjid/232360/,01.3.16.01.06.000210,Masjid Besar,Rt. 01 Rw. 04 dusun Banyuripan desa Arjosari,965 m2,Wakaf,375 m2,1937.0,> 200,7,10,5,15,,,485.0,-8.1247,111.1459
1186,752.0,KAB. LAMPUNG BARAT,Sumber Jaya,Masjid nurul iman,http://simas.kemenag.go.id/index.php/profil/masjid/232354/,01.3.08.04.02.000084,Masjid Besar,"suka menanti, pekon muara jaya I, kec.kebun tebu",252 m2,Wakaf,266 m2,1991.0,> 200,3,2,1,-,,,0.0,-1.8015,116.1475
1187,753.0,KAB. LAMPUNG BARAT,Sumber Jaya,Masjid Nurul Hidayah,http://simas.kemenag.go.id/index.php/profil/masjid/232349/,01.3.08.04.02.000083,Masjid Besar,"sinar harapan, pekon muara jaya I, kec.kebun tebu",176 m2,Wakaf,108 m2,1990.0,150 - 200,3,3,2,-,,,0.0,-1.8015,116.1475
1188,754.0,KAB. LAMPUNG BARAT,Sumber Jaya,Masjid Nurul Hidayah,http://simas.kemenag.go.id/index.php/profil/masjid/232328/,01.3.08.04.02.000071,Masjid Besar,"krajan II, pekon purajaya, kec.kebun tebu",625 m2,Wakaf,270 m2,1987.0,> 200,3,3,1,-,,,0.0,-1.8015,116.1475
1189,755.0,KAB. LAMPUNG BARAT,Sumber Jaya,Masjid nurul muhlisin,http://simas.kemenag.go.id/index.php/profil/masjid/232301/,01.3.08.04.02.000060,Masjid Besar,"cipta jaya, pekon purawiwitan, kec.kebun tebu",220 m2,Wakaf,224 m2,1975.0,> 200,4,4,2,-,,,0.0,-1.8015,116.1475
1190,756.0,KAB. BOGOR,Bojong Gede,Masjid At-Taqwa,http://simas.kemenag.go.id/index.php/profil/masjid/232123/,01.3.13.01.13.000069,Masjid Besar,Perum Graha Kartika Pratama RT 04 RW 04  Desa Bojong Baru,1.235 m2,Girik,562 m2,2017.0,50 - 100,5,16,4,-,081398774450,,1000.0,-6.9152,107.6035
1191,757.0,KAB. LUWU UTARA,Rampi,Masjid Nur Syam,http://simas.kemenag.go.id/index.php/profil/masjid/232074/,01.3.26.19.09.000002,Masjid Besar,Desa Onondowa Kec. Rampi,100 m2,Wakaf,70 m2,2000.0,50 - 100,1,1,1,1,,,100.0,-3.0308,114.3018
1192,758.0,KAB. PIDIE,Simpang Tiga,Masjid AT-TAQWA,http://simas.kemenag.go.id/index.php/profil/masjid/231966/,01.3.01.07.15.000008,Masjid Besar,GP.BUNIEN,-,Wakaf,-,1967.0,> 200,2,1,2,-,,,600.0,-1.8015,116.1475
1193,759.0,KAB. PANDEGLANG,Menes,Masjid AMALUSSHOLIHIN,http://simas.kemenag.go.id/index.php/profil/masjid/231946/,01.3.12.01.13.000062,Masjid Besar,Kp. Kadubangkong Rt. 01/06 Ds. Purwaraja,4.900 m2,Wakaf,1.575 m2,1974.0,> 200,5,6,6,10,085213734556,KETUA DKM : H. UKI. M. SUKRI,1500.0,-6.3729,105.9196
1194,760.0,KAB. BALANGAN,Juai,Masjid DARUL HIJRAH,http://simas.kemenag.go.id/index.php/profil/masjid/231851/,01.3.22.11.01.000012,Masjid Besar,Desa Panimbaan,900 m2,Wakaf,156 m2,2000.0,50 - 100,3,3,7,30,,,500.0,-1.8015,116.1475
1195,761.0,KAB. BANGKALAN,Tragah,Masjid DARUL MUTTAQIN,http://simas.kemenag.go.id/index.php/profil/masjid/231850/,01.3.16.26.14.000034,Masjid Besar,Dsn. Masaran Tengah Ds. Masaran,4.000 m2,SHM,200 m2,1966.0,> 200,3,3,3,17,082332616111,,500.0,-7.0355,113.0054
1196,762.0,KAB. KOTAWARINGIN TIMUR,Antang Kalang,Masjid Taufik Al-Hadi,http://simas.kemenag.go.id/index.php/profil/masjid/231736/,01.3.21.02.10.000009,Masjid Besar,Jl. Desa Tumbang kalang Rt. 09/04 Desa Tumbang Kalang,4.800 m2,Girik,576 m2,2014.0,> 200,5,5,5,30,-,,400.0,-1.6196,112.6384
1197,763.0,KAB. BOGOR,Cibungbulang,Masjid Nurul Falah,http://simas.kemenag.go.id/index.php/profil/masjid/231663/,01.3.13.01.16.000128,Masjid Besar,Kp. Pasir Angin RT 13/04 Desa Cemplang,730 m2,Wakaf,648 m2,1985.0,150 - 200,1,1,1,-,-,,600.0,-1.8015,116.1475
1198,764.0,KAB. KEDIRI,Gampengrejo,Masjid Al-Qodir,http://simas.kemenag.go.id/index.php/profil/masjid/231533/,01.3.16.06.12.000048,Masjid Besar,Dsn. Susuhan Ds. Gampeng Rt. 01 Rw. 03 Kec. Gampengrejo,1.055 m2,Wakaf,340 m2,1890.0,100 - 150,1,2,2,100,081215798463,,100.0,-7.7654,112.027
1199,765.0,KAB. MAMASA,Tanduk Kalua,Masjid nurul huda,http://simas.kemenag.go.id/index.php/profil/masjid/231419/,01.3.29.03.09.000001,Masjid Besar,malabo,330 m2,SHM,-,1949.0,> 200,1,1,1,-,,,270.0,-1.8015,116.1475
1200,766.0,KAB. AGAM,IV Angkat Candung,Masjid Nurul Huda,http://simas.kemenag.go.id/index.php/profil/masjid/231194/,01.3.03.06.07.000007,Masjid Besar,Jorong Tanjung ALam Nagari Biaro Gadang,3.000 m2,Wakaf,625 m2,1955.0,50 - 100,1,1,1,25,,,350.0,-1.8015,116.1475
1201,767.0,KAB. NGANJUK,Wilangan,Masjid MIFTAHUL ISLAM,http://simas.kemenag.go.id/index.php/profil/masjid/231131/,01.3.16.18.15.000051,Masjid Besar,DSN. TAMPANG RT.001 RW.001 Ds/ KEC. WILANGAN.KAB.NGANJUK,808 m2,Wakaf,144 m2,1997.0,50 - 100,5,5,5,20,085733344572,,300.0,-1.8015,116.1475
1202,768.0,KAB. NGANJUK,Wilangan,Masjid MIFTAHUL ISLAM,http://simas.kemenag.go.id/index.php/profil/masjid/231128/,01.3.16.18.15.000050,Masjid Besar,"DSN. TAMPANG RT.001 RW.001 DS./KEC. WILANGAN,KAB, NGANJUK",808 m2,Wakaf,144 m2,1997.0,> 200,5,-,-,-,085733344572,,300.0,-7.2892,112.7344
1203,769.0,KAB. KAPUAS,Bataguh,Masjid Al-Mubarak,http://simas.kemenag.go.id/index.php/profil/masjid/231122/,01.3.21.03.13.000001,Masjid Besar,Jl. Pasar Lama RT. 24 Kel. Pulau Kupang Kec. Bataguh Kab. Kapuas Kalteng,1.261 m2,SHM,310 m2,1982.0,50 - 100,3,20,10,-,,,800.0,-3.0823,114.3571
1204,770.0,KAB. TANAH LAUT,Panyipatan,Masjid ATTAQWA,http://simas.kemenag.go.id/index.php/profil/masjid/231096/,01.3.22.01.06.000035,Masjid Besar,DESA PANYIPATAN,912 m2,Wakaf,289 m2,1933.0,> 200,4,4,4,15,085251326892,,250.0,-3.7108,114.7543
1205,771.0,KAB. MAMASA,Buntumalangka,Masjid Nurul Taqwa,http://simas.kemenag.go.id/index.php/profil/masjid/230994/,01.3.29.03.16.000001,Masjid Besar,Galung salurindu,400 m2,Wakaf,225 m2,1970.0,100 - 150,1,1,1,-,,,200.0,-1.8015,116.1475
1206,772.0,KAB. MAMUJU,Tapalang Barat,Masjid Nurul Huda,http://simas.kemenag.go.id/index.php/profil/masjid/230972/,01.3.29.02.13.000002,Masjid Besar,Dusun Pasabu Desa Pasabu,1.600 m2,Wakaf,256 m2,1800.0,150 - 200,2,3,2,20,,,500.0,-2.8551,118.8341
1207,773.0,KAB. LAMPUNG TENGAH,Kota Gajah,Masjid AS-SULAHA,http://simas.kemenag.go.id/index.php/profil/masjid/230898/,01.3.08.02.23.000002,Masjid Besar,Kotagajah,1.250 m2,Wakaf,240 m2,1960.0,100 - 150,15,10,5,10,,,600.0,-3.0252,116.5402
1208,774.0,KAB. POLEWALI MANDAR,Tinambung,Masjid AL-HURRIYAH,http://simas.kemenag.go.id/index.php/profil/masjid/230871/,01.3.29.04.01.000033,Masjid Besar,TINAMBUNG. KECAMATAN TINAMBUNG,3.685 m2,SHM,1.296 m2,1955.0,> 200,1,1,1,70,085255815937,,1500.0,-3.5064,119.0224
1209,775.0,KAB. LUWU,Ponrang Selatan,Masjid Al-Iman,http://simas.kemenag.go.id/index.php/profil/masjid/230857/,01.3.26.17.21.000040,Masjid Besar,Kel.Pattedong,1.350 m2,Wakaf,484 m2,1960.0,> 200,1,1,-,-,,,200.0,-1.8015,116.1475
1210,776.0,KAB. SAMBAS,Sejangkung,Masjid NURUL HUDA,http://simas.kemenag.go.id/index.php/profil/masjid/230713/,01.3.20.01.06.000026,Masjid Besar,Rt. 03 Rw. 02 Dsn. Tenggiling ( Nante ) Ds. Senujuh,1.600 m2,Wakaf,72 m2,1998.0,50 - 100,4,3,8,-,085246231236,,120.0,-0.0225,109.3303
1211,777.0,KAB. SAMBAS,Sejangkung,Masjid HIDAYATULLAH,http://simas.kemenag.go.id/index.php/profil/masjid/230654/,01.3.20.01.06.000023,Masjid Besar,Rt. 5 Rw. 3 dsn. Parit Cegat Ds. Piantus,1.156 m2,Wakaf,324 m2,2001.0,50 - 100,3,5,2,15,082149865601,,300.0,-0.0225,109.3303
1212,778.0,KAB. KOTAWARINGIN TIMUR,Mentaya Hulu,Masjid NUR AL-HADI,http://simas.kemenag.go.id/index.php/profil/masjid/230645/,01.3.21.02.03.000007,Masjid Besar,KELURAHAN KUALA KUAYAN,12.000 m2,Wakaf,484 m2,2015.0,150 - 200,6,6,6,-,082258220343,,200.0,-1.962,112.5204
1213,779.0,KAB. BONE,Ajangale,Masjid Nurur Rahmah,http://simas.kemenag.go.id/index.php/profil/masjid/230627/,01.3.26.08.18.000017,Masjid Besar,Dusun Tansie Kelurahan Pompanua Kec Ajangale Kab Bone,750 m2,Wakaf,600 m2,1972.0,150 - 200,2,2,2,14,,,200.0,-5.1463,119.4001
1214,780.0,KOTA TASIKMALAYA,Cibeureum,Masjid Ar-Rohmat,http://simas.kemenag.go.id/index.php/profil/masjid/230448/,01.3.13.25.06.000086,Masjid Besar,Jalan KH. Khoer Affandi 5 A Kampung Elos RT. 01 RW. 03 Kelurahan Kota Baru,1.500 m2,Wakaf,836 m2,1937.0,> 200,4,7,4,50,,,250.0,-6.9152,107.6035
1215,781.0,KAB. PESAWARAN,Tegineneng,Masjid al-ikhlas,http://simas.kemenag.go.id/index.php/profil/masjid/230429/,01.3.08.09.03.000082,Masjid Besar,Wonorejo trimulyo tegineneng pesawaran Lampung,1.000 m2,Wakaf,216 m2,1981.0,> 200,4,4,-,-,085841432006,,400.0,-5.2424,104.3075
1216,782.0,KAB. MUSI BANYUASIN,Bayung Lencir,Masjid Nurul Akbar,http://simas.kemenag.go.id/index.php/profil/masjid/230402/,01.3.06.06.09.000059,Masjid Besar,Desa Muara Bahar,2.020 m2,Wakaf,250 m2,1982.0,50 - 100,4,3,3,-,,,150.0,-1.8015,116.1475
1217,783.0,KAB. BOGOR,Tenjo,Masjid Hidayatul Ikhwan,http://simas.kemenag.go.id/index.php/profil/masjid/230353/,01.3.13.01.23.000032,Masjid Besar,Kp. Sukasirna Rt. 04/04 Desa Tenjo,300 m2,Wakaf,280 m2,1955.0,> 200,-,-,-,-,,,0.0,-6.3391,106.4408
1218,784.0,KAB. PANDEGLANG,Pandeglang,Masjid AL-HIDAYAH,http://simas.kemenag.go.id/index.php/profil/masjid/230255/,01.3.12.01.21.000009,Masjid Besar,Kp. Kadupandak Kel. Pandeglang,1.005 m2,Wakaf,614 m2,1940.0,> 200,8,5,5,25,085282568363,,300.0,-6.3025,106.1114
1219,785.0,KAB. CILACAP,Kroya,Masjid DARUSSALAM KROYA,http://simas.kemenag.go.id/index.php/profil/masjid/230213/,01.3.14.01.06.000078,Masjid Besar,JL.JEND SUDIRMAN KROYA,2.950 m2,Wakaf,475 m2,1920.0,> 200,5,5,2,50,0,,500.0,-6.9714,110.4255
1220,786.0,KAB. KOTAWARINGIN TIMUR,Parenggean,Masjid Al-Hadi Nur Bahtera,http://simas.kemenag.go.id/index.php/profil/masjid/230099/,01.3.21.02.04.000021,Masjid Besar,Jl. Kalikasa Kel. Parenggean,1.500 m2,SHM,576 m2,2013.0,50 - 100,1,8,2,20,,,300.0,-2.0285,112.7991
1221,787.0,KAB. KOTAWARINGIN TIMUR,Telawang,Masjid Nurul Hidayah,http://simas.kemenag.go.id/index.php/profil/masjid/229925/,01.3.21.02.14.000007,Masjid Besar,Jl. Jenderal Sudirman KM 86 Simpang Sebabi,3.000 m2,Wakaf,720 m2,1999.0,150 - 200,5,4,2,20,,,200.0,-2.2242,113.9423
1222,788.0,KAB. MUSI BANYUASIN,Plakat Tinggi,Masjid Nurul Amal,http://simas.kemenag.go.id/index.php/profil/masjid/229829/,01.3.06.06.10.000036,Masjid Besar,Desa Suka Makmur,4.040 m2,Wakaf,3.040 m2,1990.0,50 - 100,4,5,5,40,,,200.0,-1.8015,116.1475
1223,789.0,KAB. LANDAK,Menjalin,Masjid Nurul Yaqiin,http://simas.kemenag.go.id/index.php/profil/masjid/229608/,01.3.20.08.03.000006,Masjid Besar,Menjalin Hulu Kecamatan Menjalin Kabupaten Landak,2.500 m2,Wakaf,400 m2,2005.0,50 - 100,2,3,2,10,,,600.0,-0.0225,109.3303
1224,790.0,KAB. KAYONG UTARA,Kepulauan Karimata,Masjid Al-Maula,http://simas.kemenag.go.id/index.php/profil/masjid/229607/,01.3.20.11.06.000001,Masjid Besar,Desa Padang Kecamatan Kepulauan Karimata,225 m2,Wakaf,144 m2,1996.0,50 - 100,2,2,2,20,,,100.0,-1.6292,108.9473
1225,791.0,KAB. WAJO,Tanasitolo,Masjid Nurul Huda,http://simas.kemenag.go.id/index.php/profil/masjid/229549/,01.3.26.13.08.000002,Masjid Besar,Kelurahan Baru Tancung,1.200 m2,Wakaf,340 m2,1972.0,50 - 100,1,-,-,-,,,50.0,-4.0527,120.028
1226,792.0,KAB. KAYONG UTARA,Seponti,Masjid An-Nuur,http://simas.kemenag.go.id/index.php/profil/masjid/229525/,01.3.20.11.05.000009,Masjid Besar,Jl Rahadi Usman Seponti Jaya,250 m2,Wakaf,100 m2,2016.0,> 200,5,5,5,30,,,300.0,-1.0442,110.0005
1227,793.0,KOTA BEKASI,Bekasi Timur,Masjid El-Muwahhidin,http://simas.kemenag.go.id/index.php/profil/masjid/229461/,01.3.13.22.01.000008,Masjid Besar,Jl. RA. Kartini No.01 Rt.05 Rw.01 Kel. Margahayu,3.487 m2,SHM,1.250 m2,1885.0,> 200,4,28,5,32,021-8340661 / 0812 8022 0044,- Status Tanah : Sebagian Mili…,2500.0,0.0,0.0
1228,794.0,KAB. MELAWI,Tanah Pinoh Barat,Masjid AL-IKHSAN,http://simas.kemenag.go.id/index.php/profil/masjid/229422/,01.3.20.10.11.000004,Masjid Besar,DUSUN RASAU JAYA DESA PELITA,1.200 m2,Wakaf,288 m2,1976.0,100 - 150,10,12,11,50,,,400.0,-0.45,111.31
1229,795.0,KAB. JOMBANG,Bandarkedungmulyo,Masjid DR. H. MOELDOKO,http://simas.kemenag.go.id/index.php/profil/masjid/229304/,01.3.16.17.18.000043,Masjid Besar,JL. RAYA KAYEN NO.01 DS KAYEN KEC. BANDARKEDUNGMULYO,"6,685 m2",Wakaf,2.000 m2,2016.0,50 - 100,3,8,2,50,0857-3044-4399,,1500.0,-7.2892,112.7344
1230,796.0,KAB. GOWA,Biringbulu,Masjid Nuruttaqwa lauwa,http://simas.kemenag.go.id/index.php/profil/masjid/229211/,01.3.26.06.11.000002,Masjid Besar,Pangawarrang kel.lauwa,1.200 m2,Wakaf,399 m2,1968.0,50 - 100,2,5,2,6,,,250.0,-5.1463,119.4001
1231,797.0,KAB. MAMASA,Aralle,Masjid Miftahul Jannah,http://simas.kemenag.go.id/index.php/profil/masjid/229199/,01.3.29.03.02.000002,Masjid Besar,Kelurahan Aralle,750 m2,Wakaf,256 m2,2010.0,150 - 200,1,1,1,9,,,550.0,-1.8015,116.1475
1232,798.0,KAB. MAMASA,Tabulahan,Masjid Al-Amin,http://simas.kemenag.go.id/index.php/profil/masjid/229196/,01.3.29.03.05.000002,Masjid Besar,Kelurahan Lakahang,1.050 m2,Wakaf,256 m2,2014.0,50 - 100,1,1,1,7,,,200.0,-1.8015,116.1475
1233,799.0,KAB. BUNGO,Tanah Sepenggal,Masjid Asy-Syuhada,http://simas.kemenag.go.id/index.php/profil/masjid/229116/,01.3.05.08.05.000009,Masjid Besar,Pasar Lubuk Landai,2.500 m2,Wakaf,1.200 m2,1976.0,> 200,1,1,1,-,,,2400.0,-1.6258,102.832
1234,800.0,KAB. WAJO,Bola,Masjid Jabal Nur,http://simas.kemenag.go.id/index.php/profil/masjid/229050/,01.3.26.13.11.000001,Masjid Besar,"Solo, Kelurahan Solo",675 m2,Girik,360 m2,1950.0,100 - 150,1,1,3,21,,,150.0,-4.1685,120.2333
1235,801.0,KAB. GOWA,Bajeng Barat,Masjid Nurul Iman,http://simas.kemenag.go.id/index.php/profil/masjid/229038/,01.3.26.06.18.000001,Masjid Besar,Bonto Sunggu Desa Borimatangkasa,300 m2,Wakaf,187 m2,1959.0,50 - 100,1,5,2,20,082187326962,,400.0,-5.1463,119.4001
1236,802.0,KAB. TUBAN,Jatirogo,Masjid AR-ROHMAH,http://simas.kemenag.go.id/index.php/profil/masjid/228847/,01.3.16.23.02.000001,Masjid Besar,Jl. Blora Raya Nomor 39,-,Wakaf,-,1950.0,> 200,5,5,5,-,.,,750.0,-7.2892,112.7344
1237,803.0,KAB. WAJO,Majauleng,Masjid Ahsanul Jamiah,http://simas.kemenag.go.id/index.php/profil/masjid/228792/,01.3.26.13.05.000001,Masjid Besar,Kelurahan Paria,2.025 m2,Wakaf,875 m2,1967.0,50 - 100,1,-,-,-,,,600.0,-4.067,120.1513
1238,804.0,KAB. MELAWI,Belimbing Hulu,Masjid AL-AMIN,http://simas.kemenag.go.id/index.php/profil/masjid/228783/,01.3.20.10.10.000006,Masjid Besar,DESA TIONG KERANJIK,2.400 m2,Wakaf,225 m2,1996.0,50 - 100,3,7,2,9,,,200.0,0.0,111.0
1239,805.0,KAB. MELAWI,Menukung,Masjid AL-HUDA,http://simas.kemenag.go.id/index.php/profil/masjid/228743/,01.3.20.10.04.000007,Masjid Besar,DESA MENUKUNG KOTA,1.200 m2,Wakaf,400 m2,1972.0,100 - 150,7,17,5,56,,,400.0,-0.25,112.13
1240,806.0,KAB. WAJO,Tempe,Masjid AL-Manar,http://simas.kemenag.go.id/index.php/profil/masjid/228728/,01.3.26.13.06.000081,Masjid Besar,JL. W.r Supratman Kelurahan Watallipue,1.500 m2,Wakaf,950 m2,1940.0,> 200,1,-,2,-,081355087610,,200.0,-4.1163,119.9927
1241,807.0,KAB. GORONTALO,Asparaga,Masjid Nurul- Iman,http://simas.kemenag.go.id/index.php/profil/masjid/228628/,01.3.28.01.16.000007,Masjid Besar,Jl.Asparaga Desa Karya Indah,1.400 m2,SHM,289 m2,1987.0,100 - 150,2,3,3,10,,,150.0,-1.8015,116.1475
1242,808.0,KOTA BANDAR LAMPUNG,Sukabumi,Masjid Baiturrahman,http://simas.kemenag.go.id/index.php/profil/masjid/228422/,01.3.08.13.12.000055,Masjid Besar,Kel.sukabumi KEC SUKABUMI jl.P.Tirtayasa,500 m2,Wakaf,400 m2,1999.0,150 - 200,4,4,3,10,-,,200.0,-1.8015,116.1475
1243,809.0,KAB. GORONTALO,Mootilango,Masjid An-nur,http://simas.kemenag.go.id/index.php/profil/masjid/228033/,01.3.28.01.10.000059,Masjid Besar,Jl.Bendungan Desa Paris,880 m2,Wakaf,441 m2,1985.0,50 - 100,5,5,5,-,,,0.0,0.2197,123.1018
1244,810.0,KAB. LOMBOK TENGAH,Batukliang,Masjid Al-Huda,http://simas.kemenag.go.id/index.php/profil/masjid/227984/,01.3.18.02.03.000080,Masjid Besar,Mantang Desa Mantang,2.500 m2,Wakaf,1.023 m2,1930.0,> 200,9,6,5,156,,,750.0,-1.8015,116.1475
1245,811.0,KOTA BANDAR LAMPUNG,Kedaton,Masjid Al-Hikmah,http://simas.kemenag.go.id/index.php/profil/masjid/227769/,01.3.08.13.01.000007,Masjid Besar,Jl. Z.A. Alam Kedaton,1.406 m2,Wakaf,576 m2,1984.0,150 - 200,2,4,1,-,.,,400.0,-1.8015,116.1475
1246,812.0,KAB. GORONTALO,Tolangohula,Masjid Al-Muhajirin,http://simas.kemenag.go.id/index.php/profil/masjid/227669/,01.3.28.01.09.000008,Masjid Besar,Jln. Raja Tolangohula Desa Sukamakmur,1.280 m2,Wakaf,50 m2,1993.0,150 - 200,2,1,2,-,,,200.0,0.7292,122.4557
1247,813.0,KAB. MUSI RAWAS,Tiang Pumpung Kepungut,Masjid Nurussaadah,http://simas.kemenag.go.id/index.php/profil/masjid/227522/,01.3.06.05.18.000004,Masjid Besar,Desa Muara Kati Baru I,625 m2,Wakaf,460 m2,1913.0,50 - 100,2,3,3,25,,,26.0,-3.3376,103.0536
1248,814.0,KAB. MUSI RAWAS,Muara Lakitan,Masjid Al-Molek,http://simas.kemenag.go.id/index.php/profil/masjid/227444/,01.3.06.05.02.000025,Masjid Besar,"Rt 10, Kelurahan Muara Lakitan",1.000 m2,Wakaf,200 m2,2017.0,> 200,6,4,4,30,081367354575,,1800.0,-2.9924,103.273
1249,815.0,KAB. LUWU UTARA,Bone Bone,Masjid Al- Hijrah,http://simas.kemenag.go.id/index.php/profil/masjid/227349/,01.3.26.19.02.000034,Masjid Besar,Kelurahan Bone-Bone,10.000 m2,Wakaf,10.000 m2,1969.0,150 - 200,2,20,3,15,,,500.0,-2.6028,120.5205
1250,816.0,KAB. PESAWARAN,Punduh Pidada,Masjid NURUL MUBIN,http://simas.kemenag.go.id/index.php/profil/masjid/227099/,01.3.08.09.06.000014,Masjid Besar,Dusun Maja Pasar Desa Maja Kecamatan Marga Punduh Kabupaten Pesawaran,500 m2,Wakaf,240 m2,1980.0,100 - 150,3,3,3,-,,,200.0,-1.8015,116.1475
1251,817.0,KOTA JAMBI,Jambi Selatan,Masjid Jami' Assa'adah,http://simas.kemenag.go.id/index.php/profil/masjid/227071/,01.3.05.10.02.000044,Masjid Besar,Jl. Soekarno Hatta RT. 09 Thehok,1.000 m2,Wakaf,900 m2,1975.0,> 200,10,10,-,-,,,2000.0,-1.6243,103.6299
1252,818.0,KAB. SIDENRENG RAPPANG,Baranti,Masjid Nurtarbiyah,http://simas.kemenag.go.id/index.php/profil/masjid/227009/,01.3.26.14.04.000010,Masjid Besar,Jl. Poros Pinrang Kel. Duampanua,2.000 m2,Wakaf,484 m2,1968.0,50 - 100,-,-,-,-,,,0.0,-1.8015,116.1475
1253,819.0,KAB. DONGGALA,Banawa Selatan,Masjid AS'SYUHADA,http://simas.kemenag.go.id/index.php/profil/masjid/226969/,01.3.25.03.09.000001,Masjid Besar,DESA WATATU,880 m2,Wakaf,400 m2,1998.0,50 - 100,1,2,2,10,,,100.0,-0.1075,119.6833
1254,820.0,KAB. SEMARANG,Tengaran,Masjid MIFTAKHURROHMAN,http://simas.kemenag.go.id/index.php/profil/masjid/226962/,01.3.14.22.02.000013,Masjid Besar,CABEAN WETAN RT.18 RW.04 KARANGDUREN,589 m2,Wakaf,-,1976.0,150 - 200,5,7,7,25,,,200.0,-1.8015,116.1475
1255,821.0,KAB. SAMPANG,Jrengik,Masjid AL-HIDAYAH,http://simas.kemenag.go.id/index.php/profil/masjid/226847/,01.3.16.27.07.000053,Masjid Besar,JL. Raya Jrengik Desa Jrengik,467 m2,Wakaf,323 m2,1991.0,> 200,4,4,8,124,08179682778,,600.0,-7.2892,112.7344
1256,822.0,KAB. KAMPAR,Koto Kampar Hulu,Masjid RAYA NURUL HIKMAH,http://simas.kemenag.go.id/index.php/profil/masjid/226793/,01.3.04.01.21.000011,Masjid Besar,DUSUN III DESA SIBIRUANG,2.619 m2,Wakaf,420 m2,1984.0,100 - 150,2,8,2,63,085265461754,,400.0,0.5462,101.4323
1257,823.0,KAB. LAMPUNG TENGAH,Bekri,Masjid NURUL Amal,http://simas.kemenag.go.id/index.php/profil/masjid/226786/,01.3.08.02.15.000004,Masjid Besar,Dusun 1 Kesumadadi,690 m2,Wakaf,100 m2,1957.0,50 - 100,3,4,4,12,,,200.0,-1.8015,116.1475
1258,824.0,KAB. SEMARANG,Tengaran,Masjid SAYYIDINA IBRAHIM AS,http://simas.kemenag.go.id/index.php/profil/masjid/226773/,01.3.14.22.02.000010,Masjid Besar,Cabean Kulon Rt. 26 Rw. 05 Karangduren,650 m2,SHM,100 m2,2008.0,100 - 150,4,4,4,30,081931957706,,150.0,-7.3864,110.5233
1259,825.0,KAB. LUWU UTARA,Tana Lili,Masjid Jami  Patila,http://simas.kemenag.go.id/index.php/profil/masjid/226700/,01.3.26.19.12.000017,Masjid Besar,Desa  Patila,-,Wakaf,120 m2,1953.0,100 - 150,2,2,2,10,,,150.0,-1.8015,116.1475
1260,826.0,KAB. JEMBER,Sukowono,Masjid Al-Fattah,http://simas.kemenag.go.id/index.php/profil/masjid/226641/,01.3.16.09.29.000013,Masjid Besar,Jl.Merdeka Barat No.03 Sukowono,150 m2,Wakaf,650 m2,1958.0,> 200,15,10,10,20,-,,1500.0,-8.0569,113.8342
1261,827.0,KAB. GARUT,Cibatu,Masjid kaum cibatu,http://simas.kemenag.go.id/index.php/profil/masjid/226615/,01.3.13.05.12.000083,Masjid Besar,Jl.Cibatu No.37 kresek,1.022 m2,Wakaf,324 m2,2017.0,> 200,14,8,4,120,081322411554,,1000.0,-7.0985,107.9841
1262,828.0,KAB. SEMARANG,Ungaran Barat,Masjid Baitut Taqwa,http://simas.kemenag.go.id/index.php/profil/masjid/226576/,01.3.14.22.17.000025,Masjid Besar,"Gundang Sipol RT 02 RW 03, Desa Nyatnyono",1.500 m2,Wakaf,800 m2,1970.0,150 - 200,1,4,3,30,085713415967,,1000.0,-6.9714,110.4255
1263,829.0,KAB. MAGELANG,Mertoyudan,Masjid AL-HUDA,http://simas.kemenag.go.id/index.php/profil/masjid/226491/,01.3.14.08.10.000016,Masjid Besar,SANTAN SUMBERREJO,600 m2,Wakaf,500 m2,1969.0,> 200,4,5,5,49,085643904343,,600.0,-7.5208,110.2267
1264,830.0,KAB. SEMARANG,Bawen,Masjid BAITUL JANAH,http://simas.kemenag.go.id/index.php/profil/masjid/226312/,01.3.14.22.11.000016,Masjid Besar,LINGK.SEKURO RT.01/RW.05  HARJOSARI,412 m2,Wakaf,280 m2,2005.0,50 - 100,2,-,2,35,085740731321,,400.0,-6.9714,110.4255
1265,831.0,KAB. BOGOR,Sukaraja,Masjid Quba,http://simas.kemenag.go.id/index.php/profil/masjid/225981/,01.3.13.01.04.000084,Masjid Besar,Jl. Raya Raden H. Abdullah No. 1 Sukaraja Kaum Desa Sukaraja,1.250 m2,Wakaf,1.139 m2,1870.0,> 200,4,4,4,150,-,,1100.0,-1.8015,116.1475
1266,832.0,KAB. SEMARANG,Ambarawa,Masjid MUJAHIDIN,http://simas.kemenag.go.id/index.php/profil/masjid/225725/,01.3.14.22.10.000002,Masjid Besar,Jl. Dr. Cipto No. 50 RT. 01/ RW. 05 Kranggan Ambarawa,2.003 m2,Wakaf,900 m2,1700.0,> 200,4,4,3,30,(0298) 592800,1. No.sertifikat 355 tahun 199…,1000.0,-7.2512,110.4181
1267,833.0,KOTA MAKASSAR,Rappocini,Masjid Nurul Hijrah,http://simas.kemenag.go.id/index.php/profil/masjid/225667/,01.3.26.22.13.000078,Masjid Besar,Jl. Tamalate III/VI N0. 17 Makassar,3.000 m2,Wakaf,630 m2,1980.0,> 200,5,1,3,25,081355765345/081355368,,1000.0,-1.8015,116.1475
1268,834.0,KAB. KLATEN,Prambanan,Masjid Al-Muttaquun,http://simas.kemenag.go.id/index.php/profil/masjid/225507/,01.3.14.10.01.000087,Masjid Besar,"Jl Jogja-Solo Km 17,5 Kebondalem Kidul Prambanan Klaen",1.500 m2,SHM,600 m2,1913.0,50 - 100,3,30,-,-,0274 496516,,2000.0,-7.7554,110.4919
1269,835.0,KAB. PESAWARAN,Negeri Katon,Masjid Nurul huda,http://simas.kemenag.go.id/index.php/profil/masjid/225400/,01.3.08.09.02.000068,Masjid Besar,Dusun negerikaton desa negerikaton kec.negerikaton kab.pesawaran,220 m2,Wakaf,135 m2,1943.0,50 - 100,2,3,2,15,,,150.0,-1.8015,116.1475
1270,836.0,KOTA ADM. JAKARTA SELATAN,Jagakarsa,Masjid AR-Rohman,http://simas.kemenag.go.id/index.php/profil/masjid/225398/,01.3.11.06.10.000046,Masjid Besar,RT. 008 / 05 Jl. Poltangan,100 m2,Wakaf,100 m2,1988.0,50 - 100,3,-,3,-,,,100.0,-1.8015,116.1475
1271,837.0,KAB. MAGELANG,Pakis,Masjid JAMI&#39;ATUL IHSAN,http://simas.kemenag.go.id/index.php/profil/masjid/225318/,01.3.14.08.16.000022,Masjid Besar,JL. MAGELANG KOPENG KM 17 PAKIS TENGAH PAKIS,390 m2,Wakaf,350 m2,1949.0,100 - 150,2,5,5,60,,,1000.0,-7.4513,110.3352
1272,838.0,KAB. SEMARANG,Bringin,Masjid AZ ZAR'UNI,http://simas.kemenag.go.id/index.php/profil/masjid/225077/,01.3.14.22.12.000106,Masjid Besar,POPONGAN RT. 03 RW. 02 KEC. BRINGIN KAB. SEMARANG,231 m2,Wakaf,49 m2,2016.0,50 - 100,1,4,3,15,M. ALI MUSTOFA NUZULA (085740111678),,150.0,-6.9714,110.4255
1273,839.0,KAB. LOMBOK TIMUR,Suwela,Masjid JAMI' USSOLAH,http://simas.kemenag.go.id/index.php/profil/masjid/224865/,01.3.18.03.16.000019,Masjid Besar,DUSUN BATU BASONG DESASUWELA,1.229 m2,Wakaf,625 m2,1942.0,150 - 200,4,6,2,-,081803735414,,500.0,-8.589,116.1304
1274,840.0,KAB. MALANG,Sumbermanjing,Masjid NURUL HUDA,http://simas.kemenag.go.id/index.php/profil/masjid/224764/,01.3.16.07.04.000074,Masjid Besar,Jl. Kauman No. 24 Sumbermanjing Wetan,2.000 m2,Wakaf,400 m2,1970.0,> 200,4,6,6,6,,,500.0,-1.8015,116.1475
1275,841.0,KAB. MALANG,Lawang,Masjid BABUSSALAM,http://simas.kemenag.go.id/index.php/profil/masjid/224675/,01.3.16.07.25.000050,Masjid Besar,Kauman Kidul Pasar 35 Lawang,3.000 m2,Wakaf,1.000 m2,1950.0,> 200,6,4,4,8,,,500.0,-7.2892,112.7344
1276,842.0,KAB. TRENGGALEK,Munjungan,Masjid AS-SYAMS,http://simas.kemenag.go.id/index.php/profil/masjid/224466/,01.3.16.03.02.000011,Masjid Besar,RT 21 RW 05 DUSUN PUCUNG DESA MUNJUNGAN,-,Girik,144 m2,0.0,50 - 100,6,5,-,-,085259829045,,100.0,-8.081,111.7145
1277,843.0,KAB. SOPPENG,Donri Donri,Masjid MIFTAHUL KHAIRI TAJUNCU,http://simas.kemenag.go.id/index.php/profil/masjid/224322/,01.3.26.12.06.000048,Masjid Besar,TAJUNCU,2.175 m2,Wakaf,1.400 m2,1984.0,> 200,1,2,2,30,,,1000.0,-5.1463,119.4001
1278,844.0,KAB. KEPULAUAN SELAYAR,Buki,Masjid Baiturahim,http://simas.kemenag.go.id/index.php/profil/masjid/223977/,01.3.26.01.11.000010,Masjid Besar,Dusun Embaiya Desa Buki Kecamatan Buki Kabupaten Kepulauan Selayar,340 m2,Wakaf,168 m2,1970.0,50 - 100,4,5,3,-,,,0.0,-5.1463,119.4001
1279,845.0,KAB. LOMBOK TENGAH,Kopang,Masjid Darussalam,http://simas.kemenag.go.id/index.php/profil/masjid/223889/,01.3.18.02.09.000001,Masjid Besar,Jalan Raya Kopang Rembiga Kab. Loteng,40.000 m2,Wakaf,580 m2,1800.0,> 200,4,4,3,24,087865172746,,2000.0,-8.6331,116.3514
1280,846.0,KAB. MUSI RAWAS,BTS. Ulu,Masjid Agung Darusalam (W),http://simas.kemenag.go.id/index.php/profil/masjid/223865/,01.3.06.05.14.000025,Masjid Besar,Kel. Bangun Jaya,924 m2,Girik,324 m2,1999.0,50 - 100,5,5,5,30,,,500.0,-3.3447,103.3658
1281,847.0,KAB. TRENGGALEK,Gandusari,Masjid DARUSSALAM,http://simas.kemenag.go.id/index.php/profil/masjid/223752/,01.3.16.03.10.000211,Masjid Besar,RT 02 RW 01 DUSUN DAWUHAN PULE DESA SUKOREJO,-,Wakaf,-,1920.0,50 - 100,10,10,-,-,811075,,250.0,-8.0864,111.7145
1282,848.0,KAB. LOMBOK TIMUR,Terara,Masjid BAITUL AMAL,http://simas.kemenag.go.id/index.php/profil/masjid/223410/,01.3.18.03.03.000021,Masjid Besar,TERARA DESA TERARA,1.394 m2,Wakaf,1.000 m2,1970.0,> 200,8,8,6,50,-,,1000.0,-1.8015,116.1475
1283,849.0,KAB. KETAPANG,Benua Kayong,Masjid Nurul Mukminin,http://simas.kemenag.go.id/index.php/profil/masjid/223392/,01.3.20.04.14.000036,Masjid Besar,Jl. P. Rangkong,655 m2,Wakaf,150 m2,2001.0,150 - 200,2,3,2,10,,,200.0,-1.8015,116.1475
1284,850.0,KAB. KETAPANG,Benua Kayong,Masjid Raudhatul Jannah,http://simas.kemenag.go.id/index.php/profil/masjid/223391/,01.3.20.04.14.000035,Masjid Besar,Jl. Pematang I Kel. Mulia Karta,1.532 m2,Wakaf,225 m2,1999.0,> 200,3,3,2,12,,,300.0,-1.8015,116.1475
1285,851.0,KAB. KETAPANG,Benua Kayong,Masjid Al-A'la,http://simas.kemenag.go.id/index.php/profil/masjid/223390/,01.3.20.04.14.000034,Masjid Besar,Jl. Rangkon Kel. Mulia Karta,3.444 m2,Wakaf,225 m2,1999.0,> 200,3,3,3,-,,,300.0,-1.8015,116.1475
1286,852.0,KAB. KETAPANG,Benua Kayong,Masjid Miftahul Jannah,http://simas.kemenag.go.id/index.php/profil/masjid/223389/,01.3.20.04.14.000033,Masjid Besar,Jl. P. Putar Kel. Mulia Karta,550 m2,Wakaf,150 m2,2002.0,150 - 200,2,2,2,-,,,200.0,-1.8015,116.1475
1287,853.0,KAB. KETAPANG,Benua Kayong,Masjid Mua'milun,http://simas.kemenag.go.id/index.php/profil/masjid/223387/,01.3.20.04.14.000031,Masjid Besar,Jl. Kusuma Jaya Kel. Mulia kerta,510 m2,Wakaf,225 m2,1999.0,150 - 200,3,3,2,12,,,200.0,-1.8015,116.1475
1288,854.0,KAB. KETAPANG,Benua Kayong,Masjid Darussalam,http://simas.kemenag.go.id/index.php/profil/masjid/223386/,01.3.20.04.14.000030,Masjid Besar,RT1/RW1 Mekar Sari,448 m2,Wakaf,150 m2,2002.0,100 - 150,2,3,2,-,,,150.0,-1.8015,116.1475
1289,855.0,KAB. KETAPANG,Benua Kayong,Masjid Nurul Ilahi,http://simas.kemenag.go.id/index.php/profil/masjid/223385/,01.3.20.04.14.000029,Masjid Besar,RT1/RW1 Desa sei Kinjil,750 m2,Wakaf,225 m2,1999.0,150 - 200,2,3,2,12,,,200.0,-1.8015,116.1475
1290,856.0,KAB. KETAPANG,Benua Kayong,Masjid Al-Uhud,http://simas.kemenag.go.id/index.php/profil/masjid/223383/,01.3.20.04.14.000027,Masjid Besar,RT2/RWIV Desa Negeri Baru,405 m2,Wakaf,150 m2,2000.0,100 - 150,3,3,3,12,,,150.0,-0.0225,109.3303
1291,857.0,KOTA BANDAR LAMPUNG,Panjang,Masjid Al-Muhajirin,http://simas.kemenag.go.id/index.php/profil/masjid/223330/,01.3.08.13.04.000034,Masjid Besar,Rt.01 Lk.II Kel.Karang Maritim Panjang Bandar Lampung,1.669 m2,Girik,516 m2,1977.0,50 - 100,4,4,4,20,0811724763,,1.0,-5.2424,104.3075
1292,858.0,KAB. BONE,Libureng,Masjid Al-Abrar,http://simas.kemenag.go.id/index.php/profil/masjid/223258/,01.3.26.08.06.000023,Masjid Besar,Camming Kelurahan Ceppaga,2.277 m2,Wakaf,834 m2,1969.0,100 - 150,3,14,5,-,,,1000.0,-4.7633,120.2131
1293,859.0,KAB. POSO,Poso Kota Selatan,Masjid DARUSSALAM,http://simas.kemenag.go.id/index.php/profil/masjid/223146/,01.3.25.02.13.000003,Masjid Besar,KEL. SAYO,-,Wakaf,-,1990.0,50 - 100,1,1,1,-,,"Imam : H. Suhardi, S.pd.I.,M.M…",200.0,-1.8015,116.1475
1294,860.0,KAB. MUSI RAWAS,Megang Sakti,Masjid Taqwa,http://simas.kemenag.go.id/index.php/profil/masjid/222986/,01.3.06.05.12.000002,Masjid Besar,"Jl. Syahri Wahab,BA, Kelurahan Megang Sakti I, Kecamatan Megang Sakti",2.516 m2,Wakaf,595 m2,1977.0,150 - 200,5,15,6,30,"081271317181, 081377880905",,1000.0,-3.0345,103.0224
1295,861.0,KAB. JEMBER,Patrang,Masjid BAITURROHIM,http://simas.kemenag.go.id/index.php/profil/masjid/222956/,01.3.16.09.20.000043,Masjid Besar,JL. LANGSEP RAYA 83 PERUMNAS PATRANG,3.223 m2,SHM,556 m2,1983.0,> 200,7,9,4,30,0331488270 - 081249792279 - 082334808982,,800.0,-8.1428,113.7193
1296,862.0,KAB. GOWA,Tompobullu,Masjid RAYA MALAKAJI,http://simas.kemenag.go.id/index.php/profil/masjid/222837/,01.3.26.06.03.000076,Masjid Besar,MALAKAJI KEL. MALAKAJI,3.850 m2,Wakaf,750 m2,1952.0,50 - 100,1,5,1,-,,,0.0,0.0,0.0
1297,863.0,KAB. BATANG,Bawang,Masjid BAITUL MUTTAQIN,http://simas.kemenag.go.id/index.php/profil/masjid/222824/,01.3.14.25.05.000083,Masjid Besar,"JL. WALISONGO , KAUMAN BAWANG",1.800 m2,Wakaf,1.800 m2,1931.0,50 - 100,2,10,2,52,,,700.0,-7.1041,109.9149
1298,864.0,KOTA SEMARANG,Semarang Timur,Masjid AT-TAQWA HALMAHERA,http://simas.kemenag.go.id/index.php/profil/masjid/222823/,01.3.14.33.03.000002,Masjid Besar,JL. HALMAHERA III / 14 KECAMATAN SEMARANG TIMUR KOTA SEMARANG,624 m2,Wakaf,609 m2,1953.0,> 200,3,5,3,10,-,,700.0,-6.9933,110.4372
1299,865.0,KAB. SUMBAWA,Alas,Masjid Al-Ihsan,http://simas.kemenag.go.id/index.php/profil/masjid/222677/,01.3.18.04.02.000003,Masjid Besar,Desa Kalimango Kecamatan Alas,3.500 m2,Wakaf,400 m2,1958.0,> 200,6,16,4,20,,,350.0,-1.8015,116.1475
1300,866.0,KAB. BULUKUMBA,Ujung Bulu,Masjid Raya,http://simas.kemenag.go.id/index.php/profil/masjid/222614/,01.3.26.02.02.000023,Masjid Besar,Jl.DR.Moh. Hatta Tanah Kongkong,3.639 m2,Wakaf,1.600 m2,1964.0,100 - 150,2,20,2,15,,,500.0,-1.8015,116.1475
1301,867.0,KAB. GARUT,Caringin,Masjid AL-BAROKAH,http://simas.kemenag.go.id/index.php/profil/masjid/222601/,01.3.13.05.36.000001,Masjid Besar,Kp. Rancabuaya RT 01 RW 01 Desa Purbayani,500 m2,Wakaf,361 m2,1970.0,> 200,5,5,5,150,081312744599,,500.0,-7.5223,107.4913
1302,868.0,KAB. MUSI RAWAS,Tugumulyo,Masjid Taqwim Baitul Hamid,http://simas.kemenag.go.id/index.php/profil/masjid/222581/,01.3.06.05.01.000071,Masjid Besar,Desa Triwikaton,1.000 m2,Wakaf,400 m2,1992.0,150 - 200,6,8,-,-,,,500.0,-3.1982,102.9453
1303,869.0,KOTA SEMARANG,Tembalang,Masjid YAMP AL-QODAR,http://simas.kemenag.go.id/index.php/profil/masjid/222437/,01.3.14.33.10.000002,Masjid Besar,JL. BUKIT BUGENVIL RAYA BLOK D PERUMNAS BUKIT SENDANGMULYO TEMBALANG SEMARANG,2.986 m2,Girik,400 m2,1998.0,> 200,2,5,2,5,024 6749854,,500.0,-7.0454,110.4738
1304,870.0,KOTA SEMARANG,Candisari,Masjid RAYA CANDILAMA,http://simas.kemenag.go.id/index.php/profil/masjid/222413/,01.3.14.33.08.000006,Masjid Besar,JL. DR WAHIDIN NO 109 KALIWIRU CANDISARI SEMARANG,1.800 m2,Wakaf,624 m2,1967.0,> 200,10,10,3,15,"024 8500598, 8444928, 8443989",,700.0,-7.019,110.425
1305,871.0,KOTA SEMARANG,Semarang Selatan,Masjid AN-NUR,http://simas.kemenag.go.id/index.php/profil/masjid/222406/,01.3.14.33.07.000002,Masjid Besar,JL. KEDONDONG TENGAH NO 13 LAMPER TENGAH SEMARANG SELATAN KOTA SEMARANG,500 m2,Girik,300 m2,1989.0,> 200,2,5,2,5,-,,500.0,-7.0044,110.4434
1306,872.0,KAB. AGAM,Pelembayan,Masjid RAYA,http://simas.kemenag.go.id/index.php/profil/masjid/222405/,01.3.03.06.11.000020,Masjid Besar,JORONG PALEMBAYAN TANGAH NAGARI AMPEK KOTO PALEMBAYAN,1.400 m2,Wakaf,360 m2,1935.0,100 - 150,1,2,2,10,081374021301,,400.0,-1.8015,116.1475
1307,873.0,KOTA SEMARANG,Mijen,Masjid ISTIQOMAH,http://simas.kemenag.go.id/index.php/profil/masjid/222396/,01.3.14.33.14.000001,Masjid Besar,Jl. Kauman Wonolopo Rt.01/10 Mijen Semarang,4.500 m2,Wakaf,160 m2,1950.0,> 200,4,10,5,5,-,,300.0,-7.0518,110.3156
1308,874.0,KOTA SEMARANG,Tugu,Masjid BAITURROHIM,http://simas.kemenag.go.id/index.php/profil/masjid/222358/,01.3.14.33.16.000002,Masjid Besar,JL. WALISONGO NO 9 KELURAHAN JERAKAH KECAMATAN TUGU KOTA SEMARANG,748 m2,Wakaf,500 m2,1914.0,> 200,4,5,3,5,024 7607744,,700.0,-6.9864,110.3611
1309,875.0,KOTA SEMARANG,Genuk,Masjid AL-FALAH,http://simas.kemenag.go.id/index.php/profil/masjid/222350/,01.3.14.33.05.000005,Masjid Besar,GENUKSARI RT 1 RW 1 GENUK SEMARANG,280 m2,Wakaf,230 m2,1953.0,> 200,4,5,3,5,024 6594719,,400.0,-6.9524,110.4795
1310,876.0,KOTA SEMARANG,Pedurungan,Masjid AL-IKHSAN BESAR,http://simas.kemenag.go.id/index.php/profil/masjid/222328/,01.3.14.33.06.000010,Masjid Besar,JL. PANDA TENGAH  NO 1 KELURAHAN PALEBON KECAMATAN PEDURUNGAN KOTA SEMARANG,750 m2,Wakaf,300 m2,1990.0,> 200,3,5,3,5,024 6720190 / 6717603,,300.0,-7.0044,110.4628
1311,877.0,KOTA SEMARANG,Semarang Utara,Masjid Mujahidin,http://simas.kemenag.go.id/index.php/profil/masjid/222309/,01.3.14.33.02.000002,Masjid Besar,Jl. Patriot Raya No.13 Rt.02 Rw.VI Kelurahan Purwosari,2.800 m2,Wakaf,400 m2,1976.0,> 200,5,5,3,5,-,,500.0,-6.9709,110.4138
1312,878.0,KOTA SEMARANG,Semarang Barat,Masjid NURUL HUDA,http://simas.kemenag.go.id/index.php/profil/masjid/222292/,01.3.14.33.13.000121,Masjid Besar,JL. KENCONOWUNGU III RT 4 RW II KARANGAYU SEMARANG BARAT KOTA SEMARANG,1.282 m2,Wakaf,872 m2,1966.0,> 200,5,5,3,15,085642199241,,800.0,-6.9802,110.3924
1313,879.0,KOTA SEMARANG,Gunungpati,Masjid Al-Ijabah,http://simas.kemenag.go.id/index.php/profil/masjid/222289/,01.3.14.33.12.000003,Masjid Besar,Jl. Kauman RT 01 RW II kel. Gunungpati,1.295 m2,Wakaf,900 m2,1975.0,50 - 100,5,10,6,20,02476921568 / 081328951194,,500.0,-7.0886,110.3608
1314,880.0,KOTA SEMARANG,Banyumanik,Masjid Raya Muhajirin,http://simas.kemenag.go.id/index.php/profil/masjid/222277/,01.3.14.33.11.000019,Masjid Besar,Jl. Cemara Raya Banyumanik Kota Semarang,3.150 m2,Girik,700 m2,1988.0,> 200,10,5,3,10,-,,1000.0,-7.0706,110.4239
1315,881.0,KAB. KUBU RAYA,Rasau Jaya,Masjid Nurul Iman,http://simas.kemenag.go.id/index.php/profil/masjid/222188/,01.3.20.12.07.000035,Masjid Besar,Jalan Pendidikan Patok 04 Desa Rasau Jaya I,3.718 m2,Wakaf,700 m2,2008.0,> 200,4,4,5,20,081316117403,,600.0,-0.0225,109.3303
1316,882.0,KAB. LUWU TIMUR,Towuti,Masjid At-Taqwa,http://simas.kemenag.go.id/index.php/profil/masjid/222067/,01.3.26.20.03.000001,Masjid Besar,Desa. Asuli,9.655 m2,Wakaf,1.089 m2,1977.0,50 - 100,3,4,2,5,,,700.0,-2.5816,121.4353
1317,883.0,KAB. GARUT,Wanaraja,Masjid BESAR WANARAJA,http://simas.kemenag.go.id/index.php/profil/masjid/221940/,01.3.13.05.03.000004,Masjid Besar,JL. RAYA WANARAJA /KP. KAUM 01/03 DESA WANARAJA KECAMATAN WANARAJA KAB. GARUT,1.760 m2,Wakaf,280 m2,1955.0,150 - 200,9,7,5,60,08122304363,,300.0,-1.8015,116.1475
1318,884.0,KAB. LOMBOK TENGAH,Praya,Masjid RIJALUL HAKIM,http://simas.kemenag.go.id/index.php/profil/masjid/221750/,01.3.18.02.01.000055,Masjid Besar,TAMPENG GERUNUNG,425 m2,Wakaf,300 m2,1998.0,150 - 200,3,3,3,400,,,300.0,-1.8015,116.1475
1319,885.0,KAB. GARUT,Peundeuy,Masjid BAITUROHMAN,http://simas.kemenag.go.id/index.php/profil/masjid/221677/,01.3.13.05.26.000049,Masjid Besar,KP. PARABON DS. PEUNDEUY,400 m2,Wakaf,180 m2,1960.0,50 - 100,4,5,2,30,,,500.0,-6.9152,107.6035
1320,886.0,KAB. LOMBOK TENGAH,Praya,Masjid DARUL HUDA,http://simas.kemenag.go.id/index.php/profil/masjid/221638/,01.3.18.02.01.000051,Masjid Besar,POLAK PENYAYANG GERUNUNG PRAYA,600 m2,Wakaf,360 m2,1965.0,150 - 200,4,3,3,600,,,600.0,-1.8015,116.1475
1321,887.0,KAB. LOMBOK TENGAH,Praya,Masjid NURUL MAKWA,http://simas.kemenag.go.id/index.php/profil/masjid/221608/,01.3.18.02.01.000049,Masjid Besar,TANGGAk PRAYA,1.152 m2,Wakaf,418 m2,1950.0,> 200,2,6,3,400,,,400.0,-8.589,116.1304
1322,888.0,KAB. LOMBOK TENGAH,Praya,Masjid Nuruddin,http://simas.kemenag.go.id/index.php/profil/masjid/221541/,01.3.18.02.01.000047,Masjid Besar,Lendang Simbe Desa Mertak Tombok praya,600 m2,Wakaf,238 m2,1950.0,> 200,2,4,4,67,082237711399,,150.0,-8.6692,116.2964
1323,889.0,KAB. GARUT,Cikelet,Masjid sirotul jannah,http://simas.kemenag.go.id/index.php/profil/masjid/221379/,01.3.13.05.30.000034,Masjid Besar,Kp/Ds Cikelet Rt.01/02,1.300 m2,Wakaf,225 m2,1995.0,> 200,5,7,3,75,082120829791,,500.0,-6.9152,107.6035
1324,890.0,KAB. SUMEDANG,Cisitu,Masjid AL-HIDAYAH,http://simas.kemenag.go.id/index.php/profil/masjid/221254/,01.3.13.11.05.000001,Masjid Besar,DUSUN CORENDA RT.01/03 DESA SITUMEKAR,210 m2,Girik,100 m2,1959.0,50 - 100,3,11,2,20,,,150.0,-6.9152,107.6035
1325,891.0,KAB. TULUNGAGUNG,Karangrejo,Masjid Al-Ikhlas,http://simas.kemenag.go.id/index.php/profil/masjid/220951/,01.3.16.04.08.000057,Masjid Besar,RT 02 RW 02 Dusun Krajan Desa/Kec. Karangrejo,1.540 m2,Wakaf,497 m2,1925.0,> 200,10,11,5,40,08123416228,,1500.0,-8.0027,111.9098
1326,892.0,KAB. SUMEDANG,Conggeang,Masjid BESAR CONGGEANG,http://simas.kemenag.go.id/index.php/profil/masjid/220803/,01.3.13.11.07.000039,Masjid Besar,DSN CONGGEANG RT 01 RW 01 DESA CONGGEANG KULON,4.690 m2,Wakaf,500 m2,1981.0,> 200,6,6,4,-,081320037722,,1500.0,-1.8015,116.1475
1327,893.0,KAB. GARUT,Pasirwangi,Masjid Annur,http://simas.kemenag.go.id/index.php/profil/masjid/220632/,01.3.13.05.08.000004,Masjid Besar,Jl. Pasirwangi Kp. Gadog Ds Sirnajaya,560 m2,Wakaf,252 m2,2007.0,150 - 200,15,20,3,150,081323147956,,700.0,-5.2179,123.0132
1328,894.0,KAB. BUNGO,Jujuhan,Masjid Nurul Yaqin,http://simas.kemenag.go.id/index.php/profil/masjid/220365/,01.3.05.08.04.000001,Masjid Besar,Dusun Tanjung Belit,2.000 m2,Wakaf,625 m2,1984.0,100 - 150,1,1,1,-,085263359709,,1250.0,-1.6258,102.832
1329,895.0,KOTA BANDAR LAMPUNG,Sukarame,Masjid BAITURRAHIM,http://simas.kemenag.go.id/index.php/profil/masjid/220310/,01.3.08.13.02.000005,Masjid Besar,JL.RYACUDU NO.7 PERUM KORPRI BLOK.,4.000 m2,Girik,530 m2,1992.0,> 200,6,6,4,40,,,400.0,-5.0,105.0
1330,896.0,KAB. SUMEDANG,Tomo,Masjid NURUL IMAN TOMO,http://simas.kemenag.go.id/index.php/profil/masjid/220247/,01.3.13.11.24.000047,Masjid Besar,DUSUN TOMO DESA TOMO KECAMATAN TOMO,2.030 m2,Wakaf,676 m2,1955.0,> 200,2,8,2,-,,,1000.0,-1.8015,116.1475
1331,897.0,KAB. SUMEDANG,Tanjungsari,Masjid MESJID BESAR TANJUNGSARI,http://simas.kemenag.go.id/index.php/profil/masjid/220245/,01.3.13.11.11.000089,Masjid Besar,JLN. RAYA TANJUNGSARI SUMEDANG 45362,1.710 m2,Wakaf,665 m2,1910.0,> 200,5,5,3,10,,,500.0,-6.9152,107.6035
1332,898.0,KAB. ACEH TENGGARA,Lawe Sumur,Masjid JAMI,http://simas.kemenag.go.id/index.php/profil/masjid/220046/,01.3.01.02.14.000001,Masjid Besar,Jl Lawe Sumur Desa Lawe Sumur,787 m2,Wakaf,528 m2,1970.0,100 - 150,2,1,1,-,-,,200.0,3.3037,97.9374
1333,899.0,KAB. SUMEDANG,Jatinangor,Masjid MUKHTAARUL-'ULUUM,http://simas.kemenag.go.id/index.php/profil/masjid/220028/,01.3.13.11.15.000051,Masjid Besar,Jl. Kol. Achmad Syam N0.18 Desa Cikeruh,560 m2,Wakaf,425 m2,1938.0,> 200,2,5,2,-,081320977434,,500.0,-1.8015,116.1475
1334,900.0,KAB. BIMA,Bolo,Masjid AL-AMIN,http://simas.kemenag.go.id/index.php/profil/masjid/219994/,01.3.18.06.02.000001,Masjid Besar,JL. LINTAS BIMA SUMBAWA DESA RATO KEC. BOLO KAB. BIMA,1.000 m2,SHM,800 m2,1920.0,> 200,1,3,3,20,,,400.0,-8.4961,118.6326
1335,901.0,KAB. TULUNGAGUNG,Pagerwojo,Masjid Sunan Kalijaga,http://simas.kemenag.go.id/index.php/profil/masjid/219905/,01.3.16.04.06.000025,Masjid Besar,Ds. Mulyosari Kec. Pagerwojo Kab. Tulungagung,775 m2,Wakaf,200 m2,1993.0,150 - 200,4,10,5,25,0355-411008; 085335573985,,500.0,-7.9881,111.8052
1336,902.0,KAB. LOMBOK UTARA,Gangga,Masjid IWANUL MUTTAQIEN,http://simas.kemenag.go.id/index.php/profil/masjid/219855/,01.3.18.08.02.000004,Masjid Besar,DUSUN KARANG AMOR DESA GONDANG KECAMATAN GANGGA,4.225 m2,Wakaf,900 m2,1980.0,> 200,7,8,10,200,081937725222 / 082340555969,,1500.0,-1.8015,116.1475
1337,903.0,KAB. TASIKMALAYA,Salapo,Masjid Assalam,http://simas.kemenag.go.id/index.php/profil/masjid/219657/,01.3.13.06.18.000042,Masjid Besar,Kalanganyar Desa Mandalahayu,200 m2,Girik,196 m2,1960.0,100 - 150,3,3,3,-,-,,200.0,-6.9152,107.6035
1338,904.0,KAB. SUMBAWA,Alas Barat,Masjid Nurul Iman,http://simas.kemenag.go.id/index.php/profil/masjid/219567/,01.3.18.04.12.000001,Masjid Besar,Desa Mapin Rea Kec. Alas Barat,1.000 m2,Wakaf,700 m2,1929.0,100 - 150,4,10,4,25,,,1200.0,-8.589,116.1304
1339,905.0,KAB. MEMPAWAH,Siantan,Masjid Shahibul Kahfi,http://simas.kemenag.go.id/index.php/profil/masjid/219563/,01.3.20.02.04.000043,Masjid Besar,"Jalan Raya Jungkat Km. 18,8",-,Wakaf,-,2000.0,150 - 200,5,4,4,35,0812 5646 1400,,260.0,0.0807,109.1762
1340,906.0,KAB. SUMBAWA,Utan,Masjid Al-Ishlah,http://simas.kemenag.go.id/index.php/profil/masjid/219529/,01.3.18.04.03.000025,Masjid Besar,Desa Motong Kecamatan Utan,2.908 m2,Wakaf,1.224 m2,1916.0,> 200,5,10,6,37,,,400.0,-1.8015,116.1475
1341,907.0,KAB. POLEWALI MANDAR,Polewali,Masjid Al-Jami Polewali,http://simas.kemenag.go.id/index.php/profil/masjid/219401/,01.3.29.04.04.000066,Masjid Besar,Jln. Masji jami Kel.Polewali,4.421 m2,Wakaf,2.025 m2,1955.0,> 200,-,1,1,15,082192134811,,1000.0,-2.6866,118.868
1342,908.0,KAB. WAKATOBI,Tomia Timur,Masjid Al-Hikmah,http://simas.kemenag.go.id/index.php/profil/masjid/219294/,01.3.27.07.07.000004,Masjid Besar,Kelurahan Tongano Timur,1.200 m2,SHM,600 m2,1965.0,50 - 100,2,1,2,10,082192290018,,500.0,-5.7779,123.9387
1343,909.0,KAB. TASIKMALAYA,Panca Tengah,Masjid As-Salam,http://simas.kemenag.go.id/index.php/profil/masjid/219276/,01.3.13.06.04.000095,Masjid Besar,Cibongas RT 02/01 Desa Cibongas,550 m2,Wakaf,250 m2,1985.0,> 200,4,4,4,30,,,400.0,-7.5255,108.9219
1344,910.0,KAB. BUNGO,Pelepat Ilir,Masjid At-Taqwa,http://simas.kemenag.go.id/index.php/profil/masjid/219090/,01.3.05.08.09.000041,Masjid Besar,Jl.Pelepat Rt.03 Rw.01 Dusun Purwa Sari,6.250 m2,SHM,1.200 m2,1983.0,> 200,4,5,1,50,,,2000.0,-1.6258,102.832
1345,911.0,KAB. MAJENE,Tammerodo Sendana,Masjid MIFTAHUL JANNAH,http://simas.kemenag.go.id/index.php/profil/masjid/219058/,01.3.29.05.06.000004,Masjid Besar,Dusun Tammerodo Desa Tammerodo Utara,642 m2,Wakaf,352 m2,1970.0,150 - 200,7,7,3,40,081355875314,,250.0,-3.2418,118.8383
1346,912.0,KAB. LOMBOK TENGAH,Praya,Masjid BAITUL GAFUR,http://simas.kemenag.go.id/index.php/profil/masjid/219044/,01.3.18.02.01.000011,Masjid Besar,MERANG BARU,450 m2,Wakaf,196 m2,1979.0,> 200,5,5,3,27,,,200.0,-1.8015,116.1475
1347,913.0,KAB. PANDEGLANG,Cikeusik,Masjid AT-TAQWA,http://simas.kemenag.go.id/index.php/profil/masjid/218793/,01.3.12.01.04.000003,Masjid Besar,Kp. Cikeusik Rt. 01/01 Ds. Cikeusik,1.200 m2,Wakaf,576 m2,1991.0,> 200,8,8,6,-,085219446838,,400.0,-6.4979,105.9872
1348,914.0,KAB. BARITO SELATAN,Dusun Utara,Masjid Al- Ittihad,http://simas.kemenag.go.id/index.php/profil/masjid/218788/,01.3.21.04.04.000012,Masjid Besar,Jl. Merdeka Raya No.17 RT.09 Kelurahan Pendang Kec. Dusun Utara Kab. Barito Selatan Prov. Kalimantan Tengah,1.687 m2,Wakaf,1.861 m2,2008.0,> 200,5,10,-,-,085249864920,,2000.0,-1.4138,114.883
1349,915.0,KAB. ACEH UTARA,Nisam Antara,Masjid Jabal Makmur Alue Dua,http://simas.kemenag.go.id/index.php/profil/masjid/218784/,01.3.01.08.27.000001,Masjid Besar,Dusun Babussalam,8.000 m2,Wakaf,216 m2,1977.0,150 - 200,-,-,-,-,-,,300.0,5.5436,95.3229
1350,916.0,KAB. BANDUNG BARAT,Batujajar,Masjid Batujajar,http://simas.kemenag.go.id/index.php/profil/masjid/218759/,01.3.13.17.09.000115,Masjid Besar,Jalan Kaum Selatan No. 24 Batujajar,-,Wakaf,-,1999.0,100 - 150,-,-,-,-,,,0.0,-6.9189,107.4913
1351,917.0,KAB. SUMBAWA,Moyo Hilir,Masjid Syamsul Falah,http://simas.kemenag.go.id/index.php/profil/masjid/218741/,01.3.18.04.06.000005,Masjid Besar,Jln. Sultan Agung RT/RW 005/003 Dsn. Moyo Bawah Desa Moyo Mekar Kecamatan Moyo Hilir,2.800 m2,Wakaf,700 m2,1940.0,> 200,4,10,4,25,,,300.0,-1.8015,116.1475
1352,918.0,KAB. ROKAN HILIR,Bagan Sinembah,Masjid Baiturrahman,http://simas.kemenag.go.id/index.php/profil/masjid/218705/,01.3.04.07.05.000045,Masjid Besar,Jl Utama Bagan Sinembah Dusun Bangun Rejo Kel Bagan Sinembah Kota,2.000 m2,Wakaf,400 m2,2000.0,50 - 100,4,7,-,-,081268815237,,300.0,1.7243,100.4088
1353,919.0,KAB. SOPPENG,Ganra,Masjid TAQWA,http://simas.kemenag.go.id/index.php/profil/masjid/218682/,01.3.26.12.07.000018,Masjid Besar,GANRA DESA GANRA KAB. SOPPENG,1.430 m2,Wakaf,600 m2,1949.0,> 200,-,-,-,-,,,500.0,-5.1463,119.4001
1354,920.0,KAB. TASIKMALAYA,Sukaresik,Masjid Nurul Iman,http://simas.kemenag.go.id/index.php/profil/masjid/218681/,01.3.13.06.39.000051,Masjid Besar,Cihanjuang Desa Sukaratu,518 m2,Wakaf,204 m2,1988.0,50 - 100,12,8,4,70,-,,150.0,-6.9152,107.6035
1355,921.0,KAB. BIMA,Palibelo,Masjid AL-ABRAR,http://simas.kemenag.go.id/index.php/profil/masjid/218636/,01.3.18.06.18.000009,Masjid Besar,DESA BRE,625 m2,Wakaf,500 m2,1979.0,> 200,3,8,2,65,,,400.0,-1.8015,116.1475
1356,922.0,KAB. SUMBAWA BARAT,Jereweh,Masjid Nurul Islam,http://simas.kemenag.go.id/index.php/profil/masjid/218621/,01.3.18.07.01.000019,Masjid Besar,Desa Pasir Putih Kec. Maluk,1.735 m2,Wakaf,720 m2,1980.0,150 - 200,3,5,2,45,,,500.0,-1.8015,116.1475
1357,923.0,KAB. BARITO SELATAN,Karau Kuala,Masjid Hidayatussalikin,http://simas.kemenag.go.id/index.php/profil/masjid/218613/,01.3.21.04.03.000017,Masjid Besar,Desa Bangkuang RT.16 RW.6 Kec. Karau Kuala Kab. Barito Selatan Prov. Kalimantan Tengah,1.000 m2,Wakaf,600 m2,1981.0,> 200,6,11,-,-,081348416316,,2500.0,-2.0347,114.8982
1358,924.0,KOTA BANDAR LAMPUNG,Panjang,Masjid Kali Jaga,http://simas.kemenag.go.id/index.php/profil/masjid/218530/,01.3.08.13.04.000062,Masjid Besar,Rt.14 Lk.I Srengsem Panjang B.Lampung,300 m2,Wakaf,150 m2,1999.0,50 - 100,4,4,4,-,,,5.0,-1.8015,116.1475
1359,925.0,KAB. TASIKMALAYA,Jatiwaras,Masjid Al-Miftah,http://simas.kemenag.go.id/index.php/profil/masjid/218479/,01.3.13.06.19.000109,Masjid Besar,Kecamatan Jatiwaras,200 m2,Wakaf,157 m2,2002.0,50 - 100,4,4,4,25,,,150.0,-7.4808,108.2252
1360,926.0,KAB. BIMA,Wawo,Masjid NURUL HIDAYAH,http://simas.kemenag.go.id/index.php/profil/masjid/218277/,01.3.18.06.05.000004,Masjid Besar,Jln Lintas Bima Sape Rt 01 Rw 01 Desa Maria,1.324 m2,Wakaf,500 m2,1957.0,> 200,3,3,2,50,085271122905,,2000.0,-8.5213,118.8432
1361,927.0,KAB. BATANG,Tersono,Masjid Raudlatul Muttaqin,http://simas.kemenag.go.id/index.php/profil/masjid/218181/,01.3.14.25.06.000065,Masjid Besar,"Desa Tersono, RT.02, RW.03, Kecamatan Tersono, Kabupaten Batang, Provinsi Jawa Tengah, KP. 51272",1.546 m2,Wakaf,900 m2,1917.0,100 - 150,2,5,3,20,085226618107 / 08170098051,,1000.0,-7.0236,109.9639
1362,928.0,KAB. BIMA,Sape,Masjid Al-Munawwarah,http://simas.kemenag.go.id/index.php/profil/masjid/218154/,01.3.18.06.06.000001,Masjid Besar,Jln Lintas Bima Sape Desa Naru Barat,7.500 m2,Girik,1.200 m2,1938.0,> 200,1,2,2,45,0823410075624,,3000.0,-8.5664,118.9828
1363,929.0,KAB. KEPULAUAN SULA,Mangoli Timur,Masjid Nurul Mukarramah,http://simas.kemenag.go.id/index.php/profil/masjid/218129/,01.3.31.05.01.000007,Masjid Besar,Desa Mangoli,4.000 m2,Wakaf,594 m2,2012.0,100 - 150,1,4,-,-,081340318032,,800.0,-2.4163,125.7275
1364,930.0,KAB. BIMA,Palibelo,Masjid BABURRAHMAN,http://simas.kemenag.go.id/index.php/profil/masjid/218110/,01.3.18.06.18.000004,Masjid Besar,DESA BELO,200 m2,Wakaf,150 m2,1985.0,150 - 200,2,7,2,70,,,300.0,-8.8417,118.916
1365,931.0,KAB. SUMBAWA,Ropang,Masjid Al-Ikhlas,http://simas.kemenag.go.id/index.php/profil/masjid/218057/,01.3.18.04.08.000001,Masjid Besar,Desa Ropang Kecamatan Ropang,-,Wakaf,-,1981.0,> 200,-,-,-,-,,,0.0,-1.8015,116.1475
1366,932.0,KAB. KEPULAUAN SELAYAR,Pasilambena,Masjid Babussalam,http://simas.kemenag.go.id/index.php/profil/masjid/218030/,01.3.26.01.09.000008,Masjid Besar,Latokdok Desa Kalaotoa Kecamatan pasilambena kabupaten kepulauan Selayar,360 m2,Wakaf,100 m2,1969.0,50 - 100,-,-,-,-,,,0.0,-7.0,121.0
1367,933.0,KAB. WAJO,Gilireng,Masjid Al-Ijtihad,http://simas.kemenag.go.id/index.php/profil/masjid/217981/,01.3.26.13.13.000001,Masjid Besar,Kelurahan Gilireng,365 m2,SHM,75 m2,1964.0,50 - 100,1,-,-,-,,,100.0,-5.1463,119.4001
1368,934.0,KAB. KONAWE,Wawotobi,Masjid AL-KHULAFAA',http://simas.kemenag.go.id/index.php/profil/masjid/217980/,01.3.27.02.03.000001,Masjid Besar,JL. S. HASANUDDIN KEL. WAWOTOBI,3.000 m2,Wakaf,1.000 m2,1952.0,> 200,3,3,2,20,085241834541,,1000.0,-3.8775,122.1116
1369,935.0,KAB. KEPULAUAN SULA,Mangoli Timur,Masjid As-Syuhadah,http://simas.kemenag.go.id/index.php/profil/masjid/217967/,01.3.31.05.01.000008,Masjid Besar,Desa Waitina,437 m2,Wakaf,361 m2,1954.0,50 - 100,1,1,1,-,,,400.0,-3.3818,129.4189
1370,936.0,KAB. TASIKMALAYA,Sodonghilir,Masjid ASSALAM,http://simas.kemenag.go.id/index.php/profil/masjid/217941/,01.3.13.06.12.000211,Masjid Besar,SODONGHILIR,567 m2,Wakaf,264 m2,1947.0,150 - 200,6,5,3,20,081323170570,,500.0,-6.9152,107.6035
1371,937.0,KAB. WAKATOBI,Tomia,Masjid Nurul Iman,http://simas.kemenag.go.id/index.php/profil/masjid/217923/,01.3.27.07.03.000001,Masjid Besar,Kelurahan Waha,2.100 m2,SHM,470 m2,1950.0,150 - 200,2,1,2,20,082190508533,,250.0,-3.9696,122.5879
1372,938.0,KAB. BIMA,Palibelo,Masjid AL-IKHLAS,http://simas.kemenag.go.id/index.php/profil/masjid/217896/,01.3.18.06.18.000002,Masjid Besar,DESA NTONGGU,1.871 m2,Wakaf,525 m2,1964.0,> 200,2,6,2,70,,,1100.0,-9.2756,118.6523
1373,939.0,KAB. GARUT,Karangpawitan,Masjid Al-Barokah,http://simas.kemenag.go.id/index.php/profil/masjid/217894/,01.3.13.05.02.000241,Masjid Besar,Kp. Padesan RT 2 RW 4 Desa Situsaeur Kecamatan Karangpawitan,416 m2,Wakaf,35 m2,1958.0,100 - 150,3,2,2,45,082118646787,,110.0,-6.9152,107.6035
1374,940.0,KAB. SUMBAWA,Lunyuk,Masjid NURUL IMAN,http://simas.kemenag.go.id/index.php/profil/masjid/217864/,01.3.18.04.01.000001,Masjid Besar,Dusun Lunyuk Rea Desa Lunyuk Rea Kecamatan Lunyuk,882 m2,Wakaf,600 m2,1905.0,> 200,6,8,5,20,,,600.0,-8.589,116.1304
1375,941.0,KAB. FAK FAK,Karas,Masjid Nurul Ihsan,http://simas.kemenag.go.id/index.php/profil/masjid/217857/,01.3.33.01.06.000001,Masjid Besar,Kampung Malakuli Distrik Karas RT. 3,3.500 m2,Girik,625 m2,1995.0,50 - 100,1,2,1,26,,,1000.0,-3.4752,132.8571
1376,942.0,KAB. FAK FAK,Bomberay,Masjid Al-Muhajirin,http://simas.kemenag.go.id/index.php/profil/masjid/217856/,01.3.33.01.07.000003,Masjid Besar,Kampung Onim Jaya Distrik Bomberay,10.000 m2,Wakaf,441 m2,2009.0,50 - 100,3,3,1,25,081344476774,,554.0,-3.5354,133.1763
1377,943.0,KAB. FAK FAK,Tomage,Masjid Ar-Rahman,http://simas.kemenag.go.id/index.php/profil/masjid/217853/,01.3.33.01.17.000002,Masjid Besar,Jl. Drs. Moh. Hatta Kampung Bima Jaya Distrik Tomage,1.750 m2,Girik,1.024 m2,2007.0,50 - 100,3,3,1,26,082288449822,,350.0,-3.6889,133.0884
1378,944.0,KOTA MAKASSAR,Bontoala,Masjid Nurul Jamaah,http://simas.kemenag.go.id/index.php/profil/masjid/217815/,01.3.26.22.06.000012,Masjid Besar,Jl. Lamuru,340 m2,SHM,340 m2,1935.0,150 - 200,2,19,2,-,,,200.0,-5.1284,119.4208
1379,945.0,KAB. TASIKMALAYA,Sukahening,Masjid Al-Islam,http://simas.kemenag.go.id/index.php/profil/masjid/217738/,01.3.13.06.33.000065,Masjid Besar,Jln. Kiarajangkung Desa Kiarajangkung,770 m2,Wakaf,100 m2,2002.0,150 - 200,3,3,3,50,-,,225.0,-6.9152,107.6035
1380,946.0,KAB. LOMBOK TENGAH,Pujut,Masjid RAUDHLATUL MAUJUD,http://simas.kemenag.go.id/index.php/profil/masjid/217729/,01.3.18.02.04.000051,Masjid Besar,Jln.Pujut Raya Sengkol Desa Sengkol,5.000 m2,Wakaf,500 m2,2004.0,> 200,4,4,3,20,087865805890/087805794489,,1000.0,-1.8015,116.1475
1381,947.0,KOTA MAKASSAR,Bontoala,Masjid Raya,http://simas.kemenag.go.id/index.php/profil/masjid/217691/,01.3.26.22.06.000004,Masjid Besar,Jl. Masjid Raya No. 1,14.338 m2,Wakaf,4.562 m2,1949.0,150 - 200,2,18,2,-,,,15.0,-4.6969,119.8389
1382,948.0,KAB. BARITO SELATAN,Dusun Selatan,Masjid Al- Munawwarah,http://simas.kemenag.go.id/index.php/profil/masjid/217639/,01.3.21.04.06.000038,Masjid Besar,Jl. Merdeka Raya RT.21 RW.003 Kec. Dusun Selatan. Kab. Barito selatan Prov. Kalimantan tengah,2.404 m2,SHM,750 m2,2000.0,> 200,14,26,-,-,085390432999,,1300.0,-1.7178,114.8333
1383,949.0,KAB. LUWU,Larompong Selatan,Masjid Al-Mujahidin,http://simas.kemenag.go.id/index.php/profil/masjid/217476/,01.3.26.17.10.000029,Masjid Besar,Lingkungan Bonepute Kel. Bonepute,1.716 m2,Wakaf,8.225 m2,1996.0,> 200,1,1,1,-,,,1000.0,-1.8015,116.1475
1384,950.0,KAB. LUMAJANG,Klakah,Masjid Baitur Rohim,http://simas.kemenag.go.id/index.php/profil/masjid/217338/,01.3.16.08.19.000003,Masjid Besar,Jalan Ranupakis 01 Klakah Lumajang,1.787 m2,Wakaf,680 m2,1902.0,50 - 100,7,5,6,40,085259858489,,1000.0,-7.2892,112.7344
1385,951.0,KAB. LAHAT,Tanjung Sakti Pumi,Masjid Al-Istiqomah,http://simas.kemenag.go.id/index.php/profil/masjid/217133/,01.3.06.04.17.000007,Masjid Besar,Desa Pajar Bulan Kec. Tanjung Sakti Pumi,2.500 m2,Wakaf,2.500 m2,1996.0,100 - 150,8,8,4,25,,,150.0,-1.8015,116.1475
1386,952.0,KAB. SEMARANG,Banyubiru,Masjid DARUL HUDA,http://simas.kemenag.go.id/index.php/profil/masjid/217124/,01.3.14.22.07.000059,Masjid Besar,DSN. KEPIL RT.02 RW.04 DS. KEBUMEN,400 m2,Wakaf,256 m2,1940.0,100 - 150,2,4,2,-,,,300.0,-6.9714,110.4255
1387,953.0,KAB. SEMARANG,Banyubiru,Masjid AL-MUTTAQIN,http://simas.kemenag.go.id/index.php/profil/masjid/217117/,01.3.14.22.07.000058,Masjid Besar,DSN.GENTAN RT.03 RW.01 DS. KEBUMEN,300 m2,Wakaf,200 m2,1960.0,50 - 100,2,4,2,-,,,200.0,-6.9714,110.4255
1388,954.0,KAB. SEMARANG,Banyubiru,Masjid HASAN MU'ADZOM,http://simas.kemenag.go.id/index.php/profil/masjid/217112/,01.3.14.22.07.000057,Masjid Besar,DSN. KEPIL RT.01 RW.04 DS. KEBUMEN,75 m2,Wakaf,64 m2,2013.0,50 - 100,4,4,2,-,,,100.0,-6.9714,110.4255
1389,955.0,KAB. SEMARANG,Banyubiru,Masjid AL-MUTAQIN,http://simas.kemenag.go.id/index.php/profil/masjid/217107/,01.3.14.22.07.000056,Masjid Besar,DSN. SUKODONO DS.KEBUMEN,400 m2,Wakaf,400 m2,1935.0,50 - 100,2,4,3,-,,,200.0,-6.9714,110.4255
1390,956.0,KAB. DONGGALA,Rio Pakava,Masjid An-Nur,http://simas.kemenag.go.id/index.php/profil/masjid/217100/,01.3.25.03.01.000019,Masjid Besar,Desa Lalundu,625 m2,Wakaf,400 m2,1991.0,50 - 100,1,3,2,10,,,600.0,-0.4834,119.6631
1391,957.0,KAB. MUSI BANYUASIN,Lalan,Masjid Al-Huda,http://simas.kemenag.go.id/index.php/profil/masjid/217090/,01.3.06.06.11.000020,Masjid Besar,Desa Karang Rejo,1.500 m2,Girik,150 m2,1988.0,> 200,4,4,4,40,,,600.0,-1.8015,116.1475
1392,958.0,KAB. KEPULAUAN SELAYAR,Pasimasunggu,Masjid Miftahus Salam,http://simas.kemenag.go.id/index.php/profil/masjid/217059/,01.3.26.01.06.000006,Masjid Besar,Benteng Jampea Desa Kembang Ragi Kecamatan Pasimasunggu  Kabupaten Kepulauan Selayar,1.600 m2,Wakaf,484 m2,1940.0,50 - 100,5,15,-,20,,Susunan Pengurus masjid Miftah…,0.0,-1.8015,116.1475
1393,959.0,KAB. SEMARANG,Banyubiru,Masjid BAITUL ARKHAM,http://simas.kemenag.go.id/index.php/profil/masjid/217020/,01.3.14.22.07.000054,Masjid Besar,DSN. LODOYONG DS. TEGARON,180 m2,Wakaf,85 m2,2000.0,50 - 100,2,4,2,-,,,100.0,-1.8015,116.1475
1394,960.0,KOTA MAKASSAR,Tamalanrea,Masjid Al-Muamalah,http://simas.kemenag.go.id/index.php/profil/masjid/216944/,01.3.26.22.14.000047,Masjid Besar,BTP Blok L Kel. Tamalanrea,528 m2,SHM,144 m2,1998.0,50 - 100,2,1,1,7,,,300.0,-1.8015,116.1475
1395,961.0,KAB. KOLAKA UTARA,Tolala,Masjid Babuttaqwa,http://simas.kemenag.go.id/index.php/profil/masjid/216834/,01.3.27.08.13.000011,Masjid Besar,"Jln Poros Trans Sulawesi  Tolala Malili , Desa Tolala",900 m2,Wakaf,529 m2,1980.0,100 - 150,2,1,-,-,085395542975,,500.0,-1.8015,116.1475
1396,962.0,KAB. KOLAKA UTARA,Katoi,Masjid An- Nur,http://simas.kemenag.go.id/index.php/profil/masjid/216800/,01.3.27.08.15.000001,Masjid Besar,Jln Trans Sulawesi Tobaku,22.235 m2,Wakaf,5.344 m2,1985.0,> 200,2,1,-,-,081245670958,,700.0,-1.8015,116.1475
1397,963.0,KAB. KOLAKA UTARA,Batu Putih,Masjid Al- Hajarul  Abyad,http://simas.kemenag.go.id/index.php/profil/masjid/216783/,01.3.27.08.03.000008,Masjid Besar,Kel- Batu Putih,1.400 m2,Wakaf,400 m2,1997.0,50 - 100,3,3,-,-,085341894812,,850.0,-1.8015,116.1475
1398,964.0,KAB. MUSI BANYUASIN,Keluang,Masjid Al-Fitroh,http://simas.kemenag.go.id/index.php/profil/masjid/216768/,01.3.06.06.08.000013,Masjid Besar,Jl. Merdeka Kel. Keluang,624 m2,Wakaf,130 m2,1980.0,50 - 100,4,4,3,28,087794742344,,210.0,-1.8015,116.1475
1399,965.0,KAB. BOMBANA,Mata Usu,Masjid NURUL AMIN,http://simas.kemenag.go.id/index.php/profil/masjid/216734/,01.3.27.06.22.000003,Masjid Besar,Desa Wia-wia Kec. Mata Usu Kab. Bombana,459 m2,Girik,225 m2,2015.0,50 - 100,2,2,2,12,,,200.0,-1.8015,116.1475
1400,966.0,KAB. BOMBANA,Poleang Selatan,Masjid BABU SAADAH,http://simas.kemenag.go.id/index.php/profil/masjid/216729/,01.3.27.06.11.000001,Masjid Besar,Dusun Pajjongang Kec. Poleang Selatan Kab. Bombana,460 m2,Wakaf,380 m2,1996.0,50 - 100,2,2,2,12,,,200.0,-3.9696,122.5879
1401,967.0,KAB. BOMBANA,Poleang Utara,Masjid BABUL KHAIR,http://simas.kemenag.go.id/index.php/profil/masjid/216720/,01.3.27.06.10.000001,Masjid Besar,Desa Toburi Kec. Poleang Utara Kab. Bombana,12.882 m2,Wakaf,528 m2,1989.0,50 - 100,2,3,4,28,,,400.0,-1.8015,116.1475
1402,968.0,KAB. BOMBANA,Kep. Masaloka Raya,Masjid AL- MUKMININ,http://simas.kemenag.go.id/index.php/profil/masjid/216716/,01.3.27.06.17.000003,Masjid Besar,Desa Masaloka Kec. Kep. Masaloka Raya Kab. Bombana,459 m2,Wakaf,195 m2,1984.0,50 - 100,2,2,1,7,,,300.0,-1.8015,116.1475
1403,969.0,KAB. LOMBOK TIMUR,Pringgabaya,Masjid Jami'ul Khair,http://simas.kemenag.go.id/index.php/profil/masjid/216689/,01.3.18.03.08.000028,Masjid Besar,Desa Pringgabaya,1.380 m2,Wakaf,600 m2,1975.0,> 200,4,9,4,12,081803825327/081999102462,,1200.0,-1.8015,116.1475
1404,970.0,KAB. LOMBOK TIMUR,Suralaga,Masjid AL-MUTTAQIN,http://simas.kemenag.go.id/index.php/profil/masjid/216582/,01.3.18.03.13.000006,Masjid Besar,LAUK KUL-KUL DESA SURALAGA KEC.SURALAGA,3.000 m2,Wakaf,2.000 m2,1935.0,> 200,10,8,-,30,081933147842,,2000.0,-8.589,116.1304
1405,971.0,KOTA BANDAR LAMPUNG,Tanjungkarang Pusat,Masjid Hidayatul Abror,http://simas.kemenag.go.id/index.php/profil/masjid/216538/,01.3.08.13.06.000029,Masjid Besar,Jl.Cut nyak dien gg hidayah kelurahan Palapa,600 m2,Wakaf,300 m2,1972.0,50 - 100,3,4,4,-,081540812194,,400.0,-1.8015,116.1475
1406,972.0,KAB. MUSI BANYUASIN,Babat Supat,Masjid Nurul Falah,http://simas.kemenag.go.id/index.php/profil/masjid/216526/,01.3.06.06.14.000006,Masjid Besar,Dsn. I Desa Supat,20 m2,Wakaf,13 m2,1936.0,100 - 150,4,5,5,35,082379892029,,350.0,-1.8015,116.1475
1407,973.0,KAB. MAMUJU,Papalang,Masjid ALI - UTSMAN,http://simas.kemenag.go.id/index.php/profil/masjid/216381/,01.3.29.02.07.000042,Masjid Besar,DUSUN TOPORE SELATAN DESA TOPORE KEC. PAPALANG,2.500 m2,Wakaf,529 m2,1985.0,50 - 100,3,4,4,20,085342901052,,300.0,-2.4191,119.1623
1408,974.0,KAB. WONOGIRI,Selogiri,Masjid Nurul Iman,http://simas.kemenag.go.id/index.php/profil/masjid/216362/,01.3.14.12.11.000105,Masjid Besar,"Jl. Raya Wonogiri - Solo Km. 6, Josutan",300 m2,Wakaf,200 m2,1990.0,100 - 150,3,3,2,-,0,,100.0,-1.8015,116.1475
1409,975.0,KAB. WONOGIRI,Pracimantoro,Masjid Nur Iman,http://simas.kemenag.go.id/index.php/profil/masjid/216361/,01.3.14.12.01.000149,Masjid Besar,"Godang, Pracimantoro",300 m2,Wakaf,260 m2,1886.0,100 - 150,4,4,-,-,0,,100.0,-1.8015,116.1475
1410,976.0,KAB. WONOGIRI,Jatiroto,Masjid Manfaat,http://simas.kemenag.go.id/index.php/profil/masjid/216358/,01.3.14.12.15.000065,Masjid Besar,Jl. Raya Jatiroto - Jatisrono,200 m2,Wakaf,185 m2,1887.0,100 - 150,3,2,-,-,0,,100.0,-1.8015,116.1475
1411,977.0,KAB. WONOGIRI,Girimarto,Masjid As-Syarif,http://simas.kemenag.go.id/index.php/profil/masjid/216356/,01.3.14.12.22.000121,Masjid Besar,"Dusun Girimarto, Desa Girimarto",300 m2,Wakaf,200 m2,1995.0,100 - 150,4,4,3,-,0,,150.0,-1.8015,116.1475
1412,978.0,KAB. WONOGIRI,Karangtengah,Masjid Al-Huda Nuro' Abdurrahman,http://simas.kemenag.go.id/index.php/profil/masjid/216348/,01.3.14.12.23.000052,Masjid Besar,"Jln. Masjid Al-Huda No. 24, Timbangan",250 m2,Wakaf,165 m2,1990.0,100 - 150,3,2,-,-,0,,150.0,-1.8015,116.1475
1413,979.0,KAB. WONOGIRI,Jatipurno,Masjid Al-Hikmah,http://simas.kemenag.go.id/index.php/profil/masjid/216346/,01.3.14.12.21.000134,Masjid Besar,"Kedungrejo Rt. 02/02, Jatipurno",400 m2,Wakaf,150 m2,1888.0,150 - 200,3,3,2,-,0,,200.0,-1.8015,116.1475
1414,980.0,KAB. WONOGIRI,Batuwarno,Masjid Ummu-Fahd al Falaah,http://simas.kemenag.go.id/index.php/profil/masjid/216345/,01.3.14.12.04.000041,Masjid Besar,"Batuwarno rt. 02/01, Batuwarno",500 m2,Wakaf,135 m2,1889.0,150 - 200,4,4,2,-,0,,200.0,-6.9714,110.4255
1415,981.0,KAB. WONOGIRI,Baturetno,Masjid Al-Ghany,http://simas.kemenag.go.id/index.php/profil/masjid/216344/,01.3.14.12.07.000082,Masjid Besar,"Batu Tengah, Baturetno",650 m2,Wakaf,120 m2,1900.0,150 - 200,4,3,2,-,0,,200.0,-6.9714,110.4255
1416,982.0,KAB. WONOGIRI,Manyaran,Masjid Akbar,http://simas.kemenag.go.id/index.php/profil/masjid/216326/,01.3.14.12.10.000098,Masjid Besar,"Kedungklepu Rt 1/01, Karang lor, Manyaran",650 m2,Wakaf,140 m2,1990.0,100 - 150,-,-,-,-,,,0.0,-6.9714,110.4255
1417,983.0,KAB. WONOGIRI,Tirtomoyo,Masjid Nurul-Amal,http://simas.kemenag.go.id/index.php/profil/masjid/216309/,01.3.14.12.05.000106,Masjid Besar,"Genegharjo, Tirtomoyo",-,Wakaf,-,1990.0,50 - 100,2,4,-,-,0,,50.0,-1.8015,116.1475
1418,984.0,KAB. WONOGIRI,Wonogiri,Masjid AL-Hidayah,http://simas.kemenag.go.id/index.php/profil/masjid/216308/,01.3.14.12.12.000146,Masjid Besar,"Wonokarto, Wonogiri",-,Wakaf,-,1985.0,150 - 200,5,4,3,-,0,,200.0,-7.8005,110.9148
1419,985.0,KAB. WONOGIRI,Nguntoronadi,Masjid Al-Muhajirin,http://simas.kemenag.go.id/index.php/profil/masjid/216307/,01.3.14.12.06.000083,Masjid Besar,"Pucung, Dungrejo, Nguntoronadi",-,Wakaf,-,1979.0,50 - 100,1,1,1,-,0,,700.0,-6.9714,110.4255
1420,986.0,KOTA SERANG,Taktakan,Masjid AL-MUKHLISIN,http://simas.kemenag.go.id/index.php/profil/masjid/216303/,01.3.12.07.06.000023,Masjid Besar,Jl. Raya Takari Km. 6 Kp. Baros RT/RW 02/01 Kel./Kec. Taktakan Kota Serang,250 m2,Wakaf,169 m2,1983.0,150 - 200,6,6,7,111,08179985019,,500.0,-6.1115,106.099
1421,987.0,KAB. WONOGIRI,Giriwoyo,Masjid Mujahidin,http://simas.kemenag.go.id/index.php/profil/masjid/216299/,01.3.14.12.03.000080,Masjid Besar,"Ngebrak Lor RT.01/01, Giriwoyo",450 m2,Wakaf,221 m2,1951.0,50 - 100,7,15,-,-,0,,180.0,-6.9714,110.4255
1422,988.0,KAB. ROKAN HILIR,Kubu,Masjid Raya Kecamatan KUBU,http://simas.kemenag.go.id/index.php/profil/masjid/216279/,01.3.04.07.01.000026,Masjid Besar,Jl. Jendral Sudirman Sungai Kubu,3.000 m2,Wakaf,625 m2,2014.0,> 200,4,4,4,60,,,700.0,2.125,100.6221
1423,989.0,KAB. BANDUNG BARAT,Gununghalu,Masjid AL KAHPI,http://simas.kemenag.go.id/index.php/profil/masjid/216272/,01.3.13.17.15.000176,Masjid Besar,Kp. Pasanggrahan Rt.001/ Rw.001 Desa Sirnajaya,3.490 m2,Wakaf,120 m2,1975.0,> 200,4,10,2,15,085974662917,,2000.0,-6.9619,107.6904
1424,990.0,KAB. WONOGIRI,Slogohimo,Masjid Ar-Rohman,http://simas.kemenag.go.id/index.php/profil/masjid/216147/,01.3.14.12.19.000027,Masjid Besar,"KORIPAN RT. 01 RW. 08, BULUSARI",625 m2,Wakaf,400 m2,1965.0,50 - 100,5,5,4,23,085229877542,,500.0,-1.8015,116.1475
1425,991.0,KAB. SUMBAWA,Moyo Hulu,Masjid BAITURRAHMAN,http://simas.kemenag.go.id/index.php/profil/masjid/215954/,01.3.18.04.07.000001,Masjid Besar,JLN. LINTAS SUMBAWA LUNYUK RT 007 RW 004 DUSUN AI AMPUK DESA SEMAMUNG,1.009 m2,Wakaf,625 m2,1988.0,> 200,2,8,10,40,,,800.0,-8.6596,117.6346
1426,992.0,KAB. ACEH TENGGARA,Lawe Alas,Masjid AKBAR AL-MUSLIMUN,http://simas.kemenag.go.id/index.php/profil/masjid/215904/,01.3.01.02.01.000004,Masjid Besar,DESA PASIR BANGUN KECAMATAN LAWE ALAS KABUPATREN ACEH TENGGARA,3.000 m2,Girik,400 m2,1987.0,> 200,3,5,1,30,-,,300.0,3.4282,97.832
1427,993.0,KAB. ACEH TENGGARA,Babussalam,Masjid AL-IJMAL,http://simas.kemenag.go.id/index.php/profil/masjid/215861/,01.3.01.02.04.000006,Masjid Besar,DESA PERAPAT HILIR,5.600 m2,Girik,1.000 m2,1974.0,> 200,7,7,2,75,,,1100.0,-1.8015,116.1475
1428,994.0,KOTA BAU BAU,Batupoaro,Masjid Nurul Ikhsan Bone-Bone,http://simas.kemenag.go.id/index.php/profil/masjid/215791/,01.3.27.12.08.000001,Masjid Besar,"Jl. Hayam Wuruk, Kec. Barupoaro, Kota Baubau",957 m2,Wakaf,400 m2,2007.0,> 200,3,11,2,35,081341545124,Masjid Besar Nurul Ikhsan Bone…,1000.0,-5.4642,122.5893
1429,995.0,KAB. LOMBOK TIMUR,Sembalun,Masjid Jabalul Rinjani,http://simas.kemenag.go.id/index.php/profil/masjid/215640/,01.3.18.03.15.000026,Masjid Besar,Jln.Pariwisata Dsn.Lendang Luar Ds.Sembalun,600 m2,Wakaf,196 m2,1975.0,150 - 200,5,3,4,2,,,200.0,-8.589,116.1304
1430,996.0,KAB. LOMBOK TIMUR,Wanasaba,Masjid AT-TAQWA WANASABA,http://simas.kemenag.go.id/index.php/profil/masjid/215552/,01.3.18.03.14.000009,Masjid Besar,JL. LABUHAN LOMBOK KM. 59 WANASABA LAUK,3.140 m2,Wakaf,1.800 m2,1472.0,> 200,12,9,6,21,081917741782,,2000.0,-1.8015,116.1475
1431,997.0,KAB. LINGGA,Lingga Timur,Masjid BABUSSALAM,http://simas.kemenag.go.id/index.php/profil/masjid/215485/,01.3.10.04.07.000002,Masjid Besar,RT.03/RW.02 Dusun I Desa Sungai Pinang,1.935 m2,Girik,399 m2,1977.0,50 - 100,3,3,-,-,082390106256,,500.0,-0.2197,104.6338
1432,998.0,KOTA MAKASSAR,Panakukkang,Masjid Baiturrahman,http://simas.kemenag.go.id/index.php/profil/masjid/215468/,01.3.26.22.09.000136,Masjid Besar,Jl. Urip Sumoharjo,4.524 m2,Wakaf,576 m2,1970.0,> 200,2,1,1,26,085299734141,,1000.0,-5.8015,119.1475
1433,999.0,KAB. MUSI RAWAS,Selangit,Masjid Agung,http://simas.kemenag.go.id/index.php/profil/masjid/215431/,01.3.06.05.11.000007,Masjid Besar,Rt.04 Kel. Selangit,260 m2,Wakaf,180 m2,2009.0,50 - 100,2,2,-,-,,,40.0,-3.1377,102.8078
1434,1000.0,KAB. KEDIRI,Plemahan,Masjid AL-IHSAN,http://simas.kemenag.go.id/index.php/profil/masjid/215368/,01.3.16.06.16.000104,Masjid Besar,Jln. Diponegoro N0. 06 Wonokerto Kec. Plemahan,2.185 m2,SHM,684 m2,1971.0,150 - 200,5,10,5,80,08113311664/08563675409,,1000.0,-7.71,112.1297
1435,1001.0,KAB. PARIGI MOUTONG,Balinggi,Masjid NURUL MUTTAQIN,http://simas.kemenag.go.id/index.php/profil/masjid/215305/,01.3.25.08.15.000002,Masjid Besar,DUSUN III DESA MALAKOSA,640 m2,Girik,225 m2,1983.0,150 - 200,1,1,1,20,,,200.0,-0.8984,119.8591
1436,1002.0,KAB. SUMEDANG,Pamulihan,Masjid Al-Intisor,http://simas.kemenag.go.id/index.php/profil/masjid/215195/,01.3.13.11.13.000073,Masjid Besar,"Jalan Simpang - Parakan Muncang KM. 1,5 Kp. Cikondang Rt. 07/02 Ds. Haurngombong Kecamatan Pamulihan",908 m2,Wakaf,361 m2,2004.0,> 200,5,5,5,20,-,,500.0,-6.9016,107.8287
1437,1003.0,KAB. LAMPUNG BARAT,Sumber Jaya,Masjid Nurul Iman,http://simas.kemenag.go.id/index.php/profil/masjid/215115/,01.3.08.04.02.000010,Masjid Besar,Cipta Agung Pekon Purajaya Kec. Kebuntebu,1.600 m2,Wakaf,625 m2,1980.0,> 200,2,5,6,60,,,400.0,-5.0478,104.5274
1438,1004.0,KAB. POLEWALI MANDAR,Matangnga,Masjid BABUT TAQWA,http://simas.kemenag.go.id/index.php/profil/masjid/215096/,01.3.29.04.09.000011,Masjid Besar,"Lingkungan Makula, Kelurahan Matangnga",728 m2,Wakaf,324 m2,1994.0,> 200,1,1,1,30,085343717920,,400.0,-3.1284,119.2186
1439,1005.0,KAB. ACEH SELATAN,Bakongan,Masjid Baitul Halim,http://simas.kemenag.go.id/index.php/profil/masjid/215038/,01.3.01.01.01.000015,Masjid Besar,Gampong Keude Bakongan,3.101 m2,Wakaf,500 m2,1930.0,> 200,9,13,2,-,-,,500.0,2.9243,97.4834
1440,1006.0,KAB. ACEH TENGGARA,Ketambe,Masjid Babul Makmur,http://simas.kemenag.go.id/index.php/profil/masjid/215008/,01.3.01.02.12.000012,Masjid Besar,Jl. Kotacane - Blangkejeren Desa Lawe Sembekan,4.800 m2,Wakaf,225 m2,1975.0,> 200,4,4,4,80,085275722050,,500.0,3.5943,97.7473
1441,1007.0,KAB. MAMASA,Messawa,Masjid Nur Al-Taqwa,http://simas.kemenag.go.id/index.php/profil/masjid/214899/,01.3.29.03.07.000003,Masjid Besar,Jln.Poros Polaman - Mamasa Km.36 Messawa,264 m2,Wakaf,120 m2,2010.0,150 - 200,1,3,3,30,,Sumber dari tokoh islam yang h…,300.0,-2.6866,118.868
1442,1008.0,KAB. BANGKALAN,Geger,Masjid SAYYID ALI,http://simas.kemenag.go.id/index.php/profil/masjid/214895/,01.3.16.26.06.000005,Masjid Besar,Jl. Sabiraya Ds. Geger,350 m2,SHM,300 m2,1993.0,> 200,5,5,5,-,08179343514,,300.0,-6.9292,112.8708
1443,1009.0,KAB. SUMBAWA BARAT,Sekongkang,Masjid BAITUL GHAFUR,http://simas.kemenag.go.id/index.php/profil/masjid/214846/,01.3.18.07.04.000001,Masjid Besar,DSN.SEKONGKANG RT.01/01 DESA SEKONGKANG ATAS,4.608 m2,Wakaf,3.000 m2,1990.0,100 - 150,4,4,2,10,,,500.0,-8.589,116.1304
1444,1010.0,KAB. LAMPUNG BARAT,Sumber Jaya,Masjid Al-Mujahidin,http://simas.kemenag.go.id/index.php/profil/masjid/214826/,01.3.08.04.02.000004,Masjid Besar,Jl. Durrohman Lingkungan Tugu Sari I Kelurahan Tugu Sari,5.785 m2,Wakaf,800 m2,1984.0,> 200,4,6,4,300,082185180017,,2500.0,-4.9929,104.4274
1445,1011.0,KAB. MAMASA,Mambi,Masjid Nurul Ihsan,http://simas.kemenag.go.id/index.php/profil/masjid/214739/,01.3.29.03.01.000002,Masjid Besar,Mambi Kecamatan Mambi,1.500 m2,Wakaf,400 m2,1967.0,> 200,1,1,2,15,,,300.0,-2.6866,118.868
1446,1012.0,KAB. BUNGO,Bathin III,Masjid Al-Mukarrom,http://simas.kemenag.go.id/index.php/profil/masjid/214661/,01.3.05.08.11.000017,Masjid Besar,Rt.05 Rw.02 Kelurahan Manggis,1.000 m2,SHM,400 m2,1950.0,100 - 150,1,1,1,35,,,800.0,-1.4637,102.1258
1447,1013.0,KAB. DONGGALA,Tanantovea,Masjid Al-Ishlah,http://simas.kemenag.go.id/index.php/profil/masjid/214651/,01.3.25.03.10.000008,Masjid Besar,Desa Wani satu,2.925 m2,Wakaf,702 m2,1983.0,100 - 150,2,2,1,-,,,800.0,-0.3076,119.5752
1448,1014.0,KAB. PONOROGO,Pulung,Masjid Imam Besari,http://simas.kemenag.go.id/index.php/profil/masjid/214596/,01.3.16.02.07.000055,Masjid Besar,Dukuh Bedagan RT/RW 003/002 Desa Pulung,400 m2,Wakaf,150 m2,1800.0,100 - 150,3,10,5,20,081335133399,,200.0,-7.8762,111.6187
1449,1015.0,KAB. LOMBOK TIMUR,Sambelia,Masjid Al-Amin,http://simas.kemenag.go.id/index.php/profil/masjid/214461/,01.3.18.03.10.000001,Masjid Besar,Desa Sambelia,1.200 m2,Wakaf,550 m2,1951.0,> 200,4,5,5,20,,,500.0,-8.3901,116.7034
1450,1016.0,KAB. SOPPENG,Lalabata,Masjid Baital Makmur,http://simas.kemenag.go.id/index.php/profil/masjid/214458/,01.3.26.12.04.000079,Masjid Besar,Jl. Merdeka Kel. Bila,700 m2,Wakaf,240 m2,1900.0,50 - 100,1,1,1,25,-,,500.0,-5.1463,119.4001
1451,1017.0,KAB. SOPPENG,Citta,Masjid NURUL JIHAD,http://simas.kemenag.go.id/index.php/profil/masjid/214452/,01.3.26.12.08.000016,Masjid Besar,CITTA DESA CITTA,625 m2,Wakaf,500 m2,1992.0,100 - 150,1,1,1,7,,,600.0,-1.8015,116.1475
1452,1018.0,KAB. OKU SELATAN,Buay Pemaca,Masjid At-Taqwa,http://simas.kemenag.go.id/index.php/profil/masjid/214389/,01.3.06.09.09.000005,Masjid Besar,Desa Kotaway,600 m2,Wakaf,240 m2,2000.0,> 200,5,4,8,60,,,400.0,-1.8015,116.1475
1453,1019.0,KAB. BUNGO,Jujuhan Ilir,Masjid Baiturrohim,http://simas.kemenag.go.id/index.php/profil/masjid/214369/,01.3.05.08.16.000012,Masjid Besar,Kampung Tebat Dusun Pulau Batu,7.200 m2,Wakaf,1.600 m2,2006.0,> 200,3,5,1,40,,,3000.0,-1.6258,102.832
1454,1020.0,KAB. LOMBOK TIMUR,Pringgasela,Masjid Jam'iyyatul Qudsiyyah,http://simas.kemenag.go.id/index.php/profil/masjid/214337/,01.3.18.03.12.000056,Masjid Besar,Jalan Veteran Pringgasela,3.300 m2,Wakaf,1.600 m2,1940.0,> 200,10,6,5,10,,,3000.0,-8.5863,116.4808
1455,1021.0,KAB. SOPPENG,Liliraja,Masjid MIFTAHUNNAJAH,http://simas.kemenag.go.id/index.php/profil/masjid/214263/,01.3.26.12.02.000039,Masjid Besar,CANGADI KEL. GALUNG KECAMATAN LILIRIAJA,2.027 m2,Wakaf,1.300 m2,1935.0,50 - 100,1,1,2,11,,,1000.0,-1.8015,116.1475
1456,1022.0,KAB. MUSI BANYUASIN,Sungai Lilin,Masjid Agung Darussalam,http://simas.kemenag.go.id/index.php/profil/masjid/214160/,01.3.06.06.07.000012,Masjid Besar,Jl. Palembang-Jambi,13.260 m2,Wakaf,837 m2,2004.0,> 200,5,11,3,30,081367130076,,1000.0,-1.8015,116.1475
1457,1023.0,KAB. LOMBOK TIMUR,Labuhan Haji,Masjid Al- Ittihad,http://simas.kemenag.go.id/index.php/profil/masjid/214092/,01.3.18.03.17.000001,Masjid Besar,Jl. Jurusan Tanjung Luar Desa Labuhan Haji,500 m2,Wakaf,250 m2,1930.0,> 200,4,4,-,-,087763161850,,1000.0,-8.6978,116.5693
1458,1024.0,KOTA BANDAR LAMPUNG,Tanjungkarang Pusat,Masjid Al-Hidayah,http://simas.kemenag.go.id/index.php/profil/masjid/213920/,01.3.08.13.06.000022,Masjid Besar,Jl.Cut Nyak Dien Gg Bungsu Rt 01 Lk I Kel.Kaliawi Persada,474 m2,Wakaf,330 m2,1996.0,50 - 100,2,13,5,20,,,350.0,-1.8015,116.1475
1459,1025.0,KOTA PRABUMULIH,Prabumulih Timur,Masjid BAITURRAHMAN,http://simas.kemenag.go.id/index.php/profil/masjid/213838/,01.3.06.15.02.000054,Masjid Besar,Vina Sejahtera 1 Kel. Gunung Ibul Kec. Prabumulih Timur,400 m2,Wakaf,300 m2,2003.0,> 200,5,5,15,250,085268029111,,1000.0,-1.8015,116.1475
1460,1026.0,KAB. JEMBER,Mumbulsari,Masjid BAITUL MUKMIN,http://simas.kemenag.go.id/index.php/profil/masjid/213815/,01.3.16.09.23.000007,Masjid Besar,"Dusun Amgsanah Rt.02 Rw.18 Des.Mumbuisari (OMBUL), MUMBULSARI,JEMBER",1.200 m2,Wakaf,600 m2,1948.0,150 - 200,5,5,5,10,085258542869,,500.0,-8.2713,113.729
1461,1027.0,KOTA BANDAR LAMPUNG,Tanjungkarang Pusat,Masjid Al-Yakin,http://simas.kemenag.go.id/index.php/profil/masjid/213798/,01.3.08.13.06.000017,Masjid Besar,Jl.Raden Intan Kelurahan Pelita,1.100 m2,Wakaf,880 m2,1926.0,50 - 100,4,4,4,-,081369317181,,300.0,-1.8015,116.1475
1462,1028.0,KAB. ACEH TENGGARA,Deleng Pokhkisen,Masjid NURUL INSAN,http://simas.kemenag.go.id/index.php/profil/masjid/213769/,01.3.01.02.13.000002,Masjid Besar,DESA TENEMBAK LANG-LANG,288 m2,Wakaf,120 m2,1982.0,50 - 100,2,2,1,50,082304159938,,150.0,-1.8015,116.1475
1463,1029.0,KAB. SUMBAWA,Plampang,Masjid Al-Ikhlas,http://simas.kemenag.go.id/index.php/profil/masjid/213700/,01.3.18.04.10.000001,Masjid Besar,Plampang,-,Wakaf,-,1970.0,> 200,-,-,-,-,,,0.0,-8.589,116.1304
1464,1030.0,KAB. ACEH BESAR,Peukan Bada,Masjid Tgk.Mahraja Gurah,http://simas.kemenag.go.id/index.php/profil/masjid/213624/,01.3.01.06.08.000010,Masjid Besar,Gamong Gurah,10.000 m2,Wakaf,588 m2,1975.0,50 - 100,3,3,3,10,,,550.0,-1.8015,116.1475
1465,1031.0,KAB. SUMBAWA BARAT,Jereweh,Masjid Nurul Ihsan,http://simas.kemenag.go.id/index.php/profil/masjid/213591/,01.3.18.07.01.000004,Masjid Besar,RT 04 RW 02 Desa Belo,700 m2,SHM,528 m2,1811.0,150 - 200,4,8,2,50,,,800.0,-8.589,116.1304
1466,1032.0,KAB. ACEH TIMUR,Idi Timur,Masjid ISTIQAMAH,http://simas.kemenag.go.id/index.php/profil/masjid/213456/,01.3.01.03.23.000001,Masjid Besar,Jln Seuneubok Meuku,3.200 m2,Wakaf,400 m2,1940.0,50 - 100,1,1,10,20,085296032221,,100.0,5.5436,95.3229
1467,1033.0,KAB. ACEH TENGGARA,Badar,Masjid AL-BADAR,http://simas.kemenag.go.id/index.php/profil/masjid/213332/,01.3.01.02.05.000002,Masjid Besar,DESA KUMBANG JAYA,5.600 m2,Wakaf,2.400 m2,1994.0,100 - 150,5,3,2,70,081395318028,,500.0,5.5436,95.3229
1468,1034.0,KAB. KEBUMEN,Kebumen,Masjid DARUSSALAM,http://simas.kemenag.go.id/index.php/profil/masjid/213270/,01.3.14.05.12.000107,Masjid Besar,"KEL KEBUMEN RT   /      KEC KEBUMEN
KAB KEBUMEN",-,Wakaf,-,0.0,> 200,2,5,3,75,0,,1000.0,-1.8015,116.1475
1469,1035.0,KAB. KATINGAN,Katingan Hulu,Masjid Fitriyah,http://simas.kemenag.go.id/index.php/profil/masjid/213264/,01.3.21.06.08.000002,Masjid Besar,Desa Tumbang Sanamang,550 m2,Wakaf,300 m2,1988.0,50 - 100,6,5,4,7,,,100.0,-1.0107,114.5654
1470,1036.0,KAB. KATINGAN,Katingan Hulu,Masjid Al-Mujahidin,http://simas.kemenag.go.id/index.php/profil/masjid/213263/,01.3.21.06.08.000001,Masjid Besar,Desa Tumbang Sanamang,300 m2,Girik,200 m2,1987.0,50 - 100,4,4,4,7,,,150.0,-1.2743,114.0381
1471,1037.0,KAB. BUNGO,Limbur Lubuk Mengkuang,Masjid Al-Falah,http://simas.kemenag.go.id/index.php/profil/masjid/213212/,01.3.05.08.07.000002,Masjid Besar,Jl.Jeruk Rt.01 Rw.01 Tebo Jaya,2.000 m2,SHM,625 m2,1990.0,100 - 150,2,5,1,50,,,1250.0,-1.6258,102.832
1472,1038.0,KAB. KEBUMEN,Sempor,Masjid At. Taqwa,http://simas.kemenag.go.id/index.php/profil/masjid/213136/,01.3.14.05.18.000051,Masjid Besar,Jlan.sempor Baru.no 47.Sempor Kab.Kebumen,1.393 m2,Wakaf,120 m2,1976.0,50 - 100,1,4,4,20,(0287)472501,,300.0,-6.9714,110.4255
1473,1039.0,KAB. BUNGO,Bathin II Pelayang,Masjid Raudhatus sa'adah,http://simas.kemenag.go.id/index.php/profil/masjid/213125/,01.3.05.08.15.000001,Masjid Besar,Desa Pelayang,799 m2,SHM,459 m2,1938.0,50 - 100,1,1,1,50,,,1000.0,-1.4382,101.8479
1474,1040.0,KAB. LOMBOK TIMUR,Selong,Masjid At-Taqwa,http://simas.kemenag.go.id/index.php/profil/masjid/213056/,01.3.18.03.07.000015,Masjid Besar,Lingk.Pancor Kel.Pancor Kec.Selong Kab.Lombok Timur Prov.NTB,200 m2,Wakaf,180 m2,1976.0,> 200,15,10,8,30,,,500.0,-8.589,116.1304
1475,1041.0,KAB. KEDIRI,Kunjang,Masjid MUJAHIDIN,http://simas.kemenag.go.id/index.php/profil/masjid/213021/,01.3.16.06.21.000016,Masjid Besar,Jln.Brigjen katamso No.74 Ds.kapi Kec. Kunjang,3.671 m2,Wakaf,441 m2,1996.0,100 - 150,5,10,5,25,0852893555453,Deskripsi Masjid Mujahidin Mas…,700.0,-1.8015,116.1475
1476,1042.0,KOTA ADM. JAKARTA BARAT,Kembangan,Masjid ASSAHARA,http://simas.kemenag.go.id/index.php/profil/masjid/213019/,01.3.11.04.08.000033,Masjid Besar,KOMPLEK KANTOR WALIKOTA JAKARTA BARAT,10.000 m2,SHM,7.000 m2,2003.0,> 200,20,30,6,18,021-58357680,,3000.0,-1.8015,116.1475
1477,1043.0,KAB. LOMBOK TIMUR,Keruak,Masjid NURUL ISLAM,http://simas.kemenag.go.id/index.php/profil/masjid/212967/,01.3.18.03.01.000001,Masjid Besar,KERUAK DESA KERUAK,2.000 m2,Wakaf,576 m2,1980.0,> 200,5,4,3,76,08176449356,,500.0,-8.775,116.4741
1478,1044.0,KAB. SUMBAWA,Lopok,Masjid Al-Amin,http://simas.kemenag.go.id/index.php/profil/masjid/212803/,01.3.18.04.21.000004,Masjid Besar,Jln. Lintas Sumbawa-Bima KM.22 Dusun Lopok Atas Barat Desa Lopok,934 m2,Wakaf,528 m2,1964.0,> 200,5,13,3,15,081246521410,,500.0,-8.6091,117.5477
1479,1045.0,KAB. MUARA ENIM,Sungai Rotan,Masjid Al-Furqon,http://simas.kemenag.go.id/index.php/profil/masjid/212687/,01.3.06.03.16.000023,Masjid Besar,Desa Sukarami kp 3,484 m2,Wakaf,484 m2,1990.0,150 - 200,5,8,5,35,,,0.0,-1.8015,116.1475
1480,1046.0,KAB. MUSI RAWAS,Sumber Harta,Masjid JAMI AL-FALAH,http://simas.kemenag.go.id/index.php/profil/masjid/212674/,01.3.06.05.19.000028,Masjid Besar,RT 04 KEL SUMBERHARTA,880 m2,Wakaf,122 m2,1981.0,100 - 150,4,4,4,20,,,150.0,-1.8015,116.1475
1481,1047.0,KAB. ACEH TENGAH,Laut Tawar,Masjid At-Taqwa,http://simas.kemenag.go.id/index.php/profil/masjid/212659/,01.3.01.04.10.000009,Masjid Besar,Jln. Takengon Bintang Kp. Hakim Bale Bijang Kecamatan Lut Tawar Kab. Aceh Tengah,3.000 m2,Wakaf,14 m2,1995.0,> 200,5,5,3,15,,,1500.0,-1.8015,116.1475
1482,1048.0,KAB. MUSI RAWAS,STL Ulu Terawas,Masjid NURUL BAROKAH,http://simas.kemenag.go.id/index.php/profil/masjid/212545/,01.3.06.05.10.000012,Masjid Besar,DUSUN 4 TALANG JAYA DESA BABAT,95 m2,Wakaf,169 m2,1980.0,50 - 100,3,4,4,20,,,200.0,-1.8015,116.1475
1483,1049.0,KAB. LAMPUNG BARAT,Sumber Jaya,Masjid Al-Huda,http://simas.kemenag.go.id/index.php/profil/masjid/212480/,01.3.08.04.02.000003,Masjid Besar,Pemangku Sumber Sari Pekon Gedung Surian Kecamatan Gedung Surian,1.000 m2,SHM,400 m2,1989.0,100 - 150,3,4,2,43,,,200.0,-5.0803,104.4346
1484,1050.0,KAB. BENGKALIS,Bengkalis,Masjid Al-Kautsar,http://simas.kemenag.go.id/index.php/profil/masjid/212424/,01.3.04.03.01.000077,Masjid Besar,Jl.Pembangunan I RT.03 RW.01 Desa Kelapapati Kec.Bengkalis,11.448 m2,SHM,144 m2,1989.0,50 - 100,6,16,-,25,081227430859,-,200.0,1.4799,102.1051
1485,1051.0,KAB. GARUT,Singajaya,Masjid Al-Ma&amp;#39;mur,http://simas.kemenag.go.id/index.php/profil/masjid/212200/,01.3.13.05.24.000031,Masjid Besar,Kp./Desa Singajaya 01/01,2.000 m2,Wakaf,225 m2,1989.0,> 200,3,4,4,50,085353009727,,500.0,-6.9152,107.6035
1486,1052.0,KAB. SUMBAWA,Sumbawa,Masjid Al-Hakim,http://simas.kemenag.go.id/index.php/profil/masjid/212043/,01.3.18.04.05.000014,Masjid Besar,Jln.Hasanuddin Kelurahan Bugis,-,Wakaf,-,1980.0,150 - 200,-,-,-,-,,,0.0,-8.496,117.4205
1487,1053.0,KAB. ACEH TENGGARA,Tanoh Alas,Masjid An-Nur,http://simas.kemenag.go.id/index.php/profil/masjid/211769/,01.3.01.02.15.000001,Masjid Besar,Desa Tenembak Alas Kecamatan Tanoh Alas,900 m2,Wakaf,110 m2,1992.0,150 - 200,1,6,2,-,,,300.0,5.5436,95.3229
1488,1054.0,KAB. NAGAN RAYA,Suka Makmue,Masjid Syuhada,http://simas.kemenag.go.id/index.php/profil/masjid/211763/,01.3.01.15.06.000001,Masjid Besar,"Gampong Lueng Baroe, Kec. Suka Makmue Kab. Nagan Raya",1.300 m2,Wakaf,900 m2,1968.0,100 - 150,5,4,2,1,,,150.0,-1.8015,116.1475
1489,1055.0,KAB. GAYO LUES,Puteri Betung,Masjid Nurul Iman,http://simas.kemenag.go.id/index.php/profil/masjid/211761/,01.3.01.13.07.000002,Masjid Besar,"Kp. Tetumpun, Kec. Putri Betung",250 m2,Wakaf,200 m2,1998.0,50 - 100,1,1,1,5,,,300.0,-1.8015,116.1475
1490,1056.0,KAB. NAGAN RAYA,Tripa Makmur,Masjid Nurul Taqwa,http://simas.kemenag.go.id/index.php/profil/masjid/211759/,01.3.01.15.09.000016,Masjid Besar,Gampong Kuala Tripa Kec. Tripa Makmur Kab. Nagan Raya,3.500 m2,Wakaf,117 m2,1925.0,50 - 100,3,2,1,1,,,100.0,-1.8015,116.1475
1491,1057.0,KAB. NAGAN RAYA,Kuala Pesisir,Masjid Baitul Huda,http://simas.kemenag.go.id/index.php/profil/masjid/211757/,01.3.01.15.07.000014,Masjid Besar,"Gampong Padang Rubek, Kec. Kuala Pesisir Kab. Nagan Raya",375 m2,Wakaf,140 m2,2000.0,50 - 100,2,2,2,1,,,100.0,-1.8015,116.1475
1492,1058.0,KAB. PASURUAN,Lumbang,Masjid BAITURROHMAN,http://simas.kemenag.go.id/index.php/profil/masjid/211749/,01.3.16.14.04.000010,Masjid Besar,Cukurguling Lumbang,1.200 m2,Wakaf,1.200 m2,1979.0,50 - 100,5,5,-,-,-,,0.0,-7.7836,112.979
1493,1059.0,KAB. GAYO LUES,Pining,Masjid Baitul Amin,http://simas.kemenag.go.id/index.php/profil/masjid/211741/,01.3.01.13.05.000001,Masjid Besar,Jl.Lesten Desa Pining Kec.Pining,250 m2,Wakaf,240 m2,2008.0,50 - 100,1,1,1,3,,,480.0,4.1468,97.5752
1494,1060.0,KAB. ACEH TENGGARA,Darul Hasanah,Masjid Jamiq Darul Hasanah,http://simas.kemenag.go.id/index.php/profil/masjid/211715/,01.3.01.02.07.000009,Masjid Besar,Simpang IV Tanjung Kec. Darul Hasanah Kab. Aceh Tenggara,2.500 m2,Wakaf,500 m2,1973.0,> 200,-,-,-,-,,,200.0,3.5614,97.7618
1495,1061.0,KAB. LOMBOK TIMUR,Jerowaru,Masjid Pathul Mubin,http://simas.kemenag.go.id/index.php/profil/masjid/211678/,01.3.18.03.20.000001,Masjid Besar,Jerowaru Desa Jerowaru Kec.Jerowaru Kab.Lombok Timur Prov.Nusa Tenggara Barat,1.118 m2,Wakaf,484 m2,1950.0,> 200,3,5,3,50,,,1000.0,-8.589,116.1304
1496,1062.0,KOTA PALU,Palu Barat,Masjid Agung Darussalam,http://simas.kemenag.go.id/index.php/profil/masjid/211421/,01.3.25.11.02.000045,Masjid Besar,WR. Supratman,5.000 m2,SHM,2.500 m2,1973.0,> 200,3,3,4,30,085340044077,,4000.0,-0.8939,119.8524
1497,1063.0,KAB. LOMBOK TIMUR,Sakra Barat,Masjid NURUL ITTIHAD,http://simas.kemenag.go.id/index.php/profil/masjid/211353/,01.3.18.03.19.000001,Masjid Besar,JALAN SOKARNO-HATTA PETELUAN DESA RENSING,3.000 m2,Wakaf,750 m2,1974.0,50 - 100,3,3,3,67,,,1500.0,-8.7229,116.4654
1498,1064.0,KAB. LOMBOK TIMUR,Masbagik,Masjid Al-Akbar,http://simas.kemenag.go.id/index.php/profil/masjid/211351/,01.3.18.03.05.000004,Masjid Besar,"Desa Masbaqik Utara, Kec.Masbaqik, Kab.Lombok Timur",1.672 m2,Wakaf,750 m2,1975.0,> 200,6,6,4,25,,Masjid Al-Akbar adalah peserta…,6000.0,-8.6211,116.4768
1499,1065.0,KAB. LOMBOK TIMUR,Aikmel,Masjid Al-Mujahidin,http://simas.kemenag.go.id/index.php/profil/masjid/211346/,01.3.18.03.09.000001,Masjid Besar,Jln. Pariwisata No. 1 Aikmel,2.000 m2,Wakaf,400 m2,1985.0,> 200,5,6,4,100,,,1000.0,-8.5675,116.5298
1500,1066.0,KAB. DOMPU,Woja,Masjid Qushurul Jannah,http://simas.kemenag.go.id/index.php/profil/masjid/211275/,01.3.18.05.05.000001,Masjid Besar,JlnLintas Sumbawa Kel.Kandai Dua,4.000 m2,Wakaf,800 m2,2008.0,> 200,5,8,4,16,,,700.0,-8.5453,118.4371
1501,1067.0,KAB. MUSI BANYUASIN,Babat Toman,Masjid Al-Muttaqin,http://simas.kemenag.go.id/index.php/profil/masjid/211251/,01.3.06.06.06.000015,Masjid Besar,Babat,1.200 m2,Wakaf,3.040 m2,1935.0,150 - 200,7,5,5,10,,,1200.0,-1.8015,116.1475
1502,1068.0,KAB. SUMBAWA BARAT,Brang Rea,Masjid At-TAQWA,http://simas.kemenag.go.id/index.php/profil/masjid/211226/,01.3.18.07.05.000003,Masjid Besar,"Rt.011 Desa Tepas,Brang Rea Sumbawa Barat",585 m2,Wakaf,486 m2,1960.0,100 - 150,6,8,4,22,087865265111,,1000.0,-8.8347,116.8803
1503,1069.0,KAB. LOMBOK TIMUR,Sakra,Masjid As-Syakirin,http://simas.kemenag.go.id/index.php/profil/masjid/211200/,01.3.18.03.02.000001,Masjid Besar,Sakra Desa Sakra,3.000 m2,Wakaf,1.600 m2,1889.0,50 - 100,2,3,1,30,,,0.0,-8.589,116.1304
1504,1070.0,KAB. BUNGO,Pasar Muaro Bungo,Masjid Raya Istiqomah,http://simas.kemenag.go.id/index.php/profil/masjid/211176/,01.3.05.08.03.000002,Masjid Besar,Pasar Bawah Muara Bungo Kelurahan Bungo Timur,1.200 m2,Wakaf,625 m2,1986.0,> 200,1,3,1,50,,,5000.0,-1.6258,102.832
1505,1071.0,KAB. BUNGO,Muko-muko Bathin VII,Masjid Jami&#39; Al-Falah,http://simas.kemenag.go.id/index.php/profil/masjid/210990/,01.3.05.08.08.000008,Masjid Besar,Dusun Tanjung Agung Kampung Baru,5.600 m2,Wakaf,1.050 m2,1974.0,> 200,2,-,1,40,,,2100.0,-1.6258,102.832
1506,1072.0,KAB. AGAM,Tanjung Mutiara,Masjid Raya Tiku,http://simas.kemenag.go.id/index.php/profil/masjid/210868/,01.3.03.06.01.000001,Masjid Besar,Pasa Tiku Tiku Selatan,2.415 m2,Wakaf,544 m2,1917.0,150 - 200,2,2,1,35,-,,350.0,-0.9551,100.3696
1507,1073.0,KAB. SUMBAWA BARAT,Seteluk,Masjid BABURRAHMAN,http://simas.kemenag.go.id/index.php/profil/masjid/210863/,01.3.18.07.03.000001,Masjid Besar,DESA SETELUK TENGAH,-,Wakaf,-,1970.0,100 - 150,5,10,2,-,,,2000.0,-8.6275,116.8687
1508,1074.0,KAB. LABUHANBATU,Bilah Barat,Masjid ISTIQOMAH,http://simas.kemenag.go.id/index.php/profil/masjid/210838/,01.3.02.10.03.000058,Masjid Besar,JL. JANJI,900 m2,Wakaf,225 m2,1973.0,50 - 100,1,1,1,20,,KECAMATAN BILAH BARAT,50.0,-0.0865,99.4702
1509,1075.0,KAB. GARUT,Sukaresmi,Masjid Al-Hijaziyyah,http://simas.kemenag.go.id/index.php/profil/masjid/210801/,01.3.13.05.21.000001,Masjid Besar,Kp. Panyingkiran Desa Sukaresmi,420 m2,Wakaf,160 m2,1958.0,> 200,4,4,2,-,081222825302,,300.0,-6.9152,107.6035
1510,1076.0,KAB. LOMBOK TIMUR,Sakra Timur,Masjid AL-MANAR,http://simas.kemenag.go.id/index.php/profil/masjid/210797/,01.3.18.03.18.000001,Masjid Besar,Lepak Desa Lepak Kec. Sakra Timur Kab. Lombok Timur Prov. Nusa Tengara Barat,1.502 m2,Wakaf,255 m2,1927.0,100 - 150,5,5,3,93,081918344710,,300.0,-8.7056,116.5011
1511,1077.0,KAB. LOMBOK TIMUR,Sikur,Masjid Islahul Muslimin,http://simas.kemenag.go.id/index.php/profil/masjid/210772/,01.3.18.03.04.000001,Masjid Besar,Sikur Desa Sikur Kec. Sikur Kab. Lombok Timur,2.700 m2,Wakaf,1.008 m2,1931.0,100 - 150,4,4,4,100,,,3500.0,-8.6287,116.4222
1512,1078.0,KAB. BUNGO,Rimbo Tengah,Masjid Al-Furqon,http://simas.kemenag.go.id/index.php/profil/masjid/210651/,01.3.05.08.13.000020,Masjid Besar,Rt.01 Rw.01 Kelurahan cadika,10.000 m2,SHM,676 m2,1985.0,150 - 200,3,3,1,50,08127896702,,1300.0,-1.6258,102.832
1513,1079.0,KAB. WAJO,Takkalalla,Masjid Baitur Rahman,http://simas.kemenag.go.id/index.php/profil/masjid/210408/,01.3.26.13.03.000001,Masjid Besar,Kelurahan Peneki,2.000 m2,Wakaf,810 m2,1965.0,> 200,2,-,-,-,,,200.0,-4.1382,120.0916
1514,1080.0,KAB. LUWU,Basse Sangtempe Utara,Masjid Nurul Yaqin,http://simas.kemenag.go.id/index.php/profil/masjid/210325/,01.3.26.17.22.000002,Masjid Besar,DEsa Pantilang,64 m2,Wakaf,48 m2,1982.0,50 - 100,1,1,-,2,,,10.0,-1.8015,116.1475
1515,1081.0,KOTA JAYAPURA,Jayapura Utara,Masjid Nurul Amin,http://simas.kemenag.go.id/index.php/profil/masjid/210199/,01.3.32.29.01.000002,Masjid Besar,"Jl. Dr. Samratulangi Dok.V Atas, Kec. Jayapura Utara, Kota Jayapura",2.063 m2,SHM,1.000 m2,1976.0,> 200,4,19,5,30,0811480542,Masjid Nurul Amin adalah peser…,900.0,-2.5299,140.7158
1516,1082.0,KAB. JAYAPURA,Sentani,Masjid Babul Jannah,http://simas.kemenag.go.id/index.php/profil/masjid/210127/,01.3.32.03.01.000002,Masjid Besar,Komplek Pasar Lama,-,Wakaf,-,1976.0,> 200,-,-,-,-,,,0.0,-1.8015,116.1475
1517,1083.0,KAB. NABIRE,Nabire,Masjid Baitur Rahman,http://simas.kemenag.go.id/index.php/profil/masjid/210120/,01.3.32.04.01.000002,Masjid Besar,"JL.Yos Sudarso Oyehe,Kec.Nabire,Kabupaten.Nabire Prof.Papua",-,SHM,-,1977.0,> 200,-,-,-,-,081332555177,,0.0,-1.8015,116.1475
1518,1084.0,KAB. KEEROM,Arso,Masjid QUBA,http://simas.kemenag.go.id/index.php/profil/masjid/209979/,01.3.32.11.02.000003,Masjid Besar,"Jl. Trans Irian Arso, RT. 04. RW.04 ARSO KOTA",1.989 m2,SHM,225 m2,1989.0,100 - 150,4,14,2,25,,,300.0,-2.9145,140.7737
1519,1085.0,KAB. TAKALAR,Galesong Utara,Masjid BAITURRAHMAN 2,http://simas.kemenag.go.id/index.php/profil/masjid/209916/,01.3.26.05.06.000029,Masjid Besar,DUSUN BONTOTANGNGA DESA TAMALATE,2.025 m2,Wakaf,1.225 m2,2000.0,> 200,2,22,-,-,085255402223,,2500.0,-5.1463,119.4001
1520,1086.0,KAB. AGAM,Palupuh,Masjid AL-IRSYAD,http://simas.kemenag.go.id/index.php/profil/masjid/209779/,01.3.03.06.10.000001,Masjid Besar,JL. RAYA BUKITTINGGI-MEDAN KM. 24 PALUPUH KECAMATAN PALUPUH,430 m2,Wakaf,324 m2,1908.0,150 - 200,3,15,3,75,,,500.0,-0.9551,100.3696
1521,1087.0,KAB. ROKAN HILIR,Rantau Kopar,Masjid Raya Rantau Kopar,http://simas.kemenag.go.id/index.php/profil/masjid/209771/,01.3.04.07.13.000001,Masjid Besar,Jl. Lintas Sekapas,20.000 m2,SHM,700 m2,2008.0,> 200,4,3,4,60,,,1000.0,2.1572,100.9087
1522,1088.0,KOTA PRABUMULIH,Prabumulih Timur,Masjid MIFTAHUL JANNAH,http://simas.kemenag.go.id/index.php/profil/masjid/209751/,01.3.06.15.02.000047,Masjid Besar,Jl. Nias Rt.07 Rw.02 Kel. Gunung Ibul Kec. Prabumulih Timur,750 m2,Wakaf,225 m2,2008.0,50 - 100,12,10,7,20,081373078273/081367647017,,400.0,-1.8015,116.1475
1523,1089.0,KOTA PRABUMULIH,Prabumulih Timur,Masjid AN-NUR,http://simas.kemenag.go.id/index.php/profil/masjid/209749/,01.3.06.15.02.000046,Masjid Besar,Jl. Bukit Lebar Perum Arda Rt.01 Rw.07 Kel. Karang Raja Kec. Prabumulih Timur,1.047 m2,SHM,273 m2,2009.0,150 - 200,8,10,13,11,081367796214,,144.0,-1.8015,116.1475
1524,1090.0,KAB. LAMPUNG UTARA,Sungkai Selatan,Masjid Raudlatul Ulum,http://simas.kemenag.go.id/index.php/profil/masjid/209657/,01.3.08.03.03.000043,Masjid Besar,Jl.Mashur No.40 Gedung Ketapang,400 m2,Wakaf,120 m2,2013.0,50 - 100,4,3,2,50,081369184742,,200.0,-5.2424,104.3075
1525,1091.0,KAB. JEMBER,Sukorambi,Masjid NURUL AMIN,http://simas.kemenag.go.id/index.php/profil/masjid/209508/,01.3.16.09.15.000041,Masjid Besar,JL.MUJAHIR KRAJAN SUKORAMBI,148 m2,Wakaf,135 m2,1935.0,> 200,12,10,5,30,085101447808,,200.0,-7.2892,112.7344
1526,1092.0,KAB. TANGGAMUS,Pulau Panggung,Masjid Negeri Sembilan,http://simas.kemenag.go.id/index.php/profil/masjid/209286/,01.3.08.06.04.000042,Masjid Besar,Jl.Raya Air Naningan Tekad,858 m2,Wakaf,400 m2,2005.0,100 - 150,4,3,3,150,085384558247,,300.0,-1.8015,116.1475
1527,1093.0,KAB. GARUT,Cisompet,Masjid ''AL-ISTIANAH,http://simas.kemenag.go.id/index.php/profil/masjid/209280/,01.3.13.05.28.000019,Masjid Besar,KP cisompet Kaum RT 01 RW 02 Desa Cisompet,400 m2,Wakaf,200 m2,1956.0,150 - 200,4,4,4,50,,,600.0,-1.8015,116.1475
1528,1094.0,KAB. OGAN KOMERING ILIR,Pedamaran Timur,Masjid Baitus salam,http://simas.kemenag.go.id/index.php/profil/masjid/209192/,01.3.06.02.18.000003,Masjid Besar,Kayu l;abu,1.500 m2,Wakaf,216 m2,1985.0,50 - 100,18,16,17,27,-,,112.0,-1.8015,116.1475
1529,1095.0,KAB. OGAN KOMERING ILIR,Pedamaran Timur,Masjid Nurul Huda,http://simas.kemenag.go.id/index.php/profil/masjid/209189/,01.3.06.02.18.000002,Masjid Besar,Kayu labu,1.500 m2,Wakaf,112 m2,1982.0,50 - 100,7,8,12,19,-,,112.0,-1.8015,116.1475
1530,1096.0,KAB. OGAN KOMERING ILIR,Pedamaran Timur,Masjid Al-muhajirin,http://simas.kemenag.go.id/index.php/profil/masjid/209187/,01.3.06.02.18.000001,Masjid Besar,Sumber Hidup,27.135 m2,Wakaf,144 m2,1982.0,50 - 100,5,6,8,14,-,,120.0,-1.8015,116.1475
1531,1097.0,KAB. MUSI BANYUASIN,Lawang Wetan,Masjid Istiqomah,http://simas.kemenag.go.id/index.php/profil/masjid/209174/,01.3.06.06.13.000007,Masjid Besar,Ds. I Desa Ulak Paceh Jaya,-,Wakaf,2.020 m2,1936.0,> 200,8,8,20,-,082280202902,,1000.0,-1.8015,116.1475
1532,1098.0,KAB. BUNGO,Bungo Dani,Masjid Jami,http://simas.kemenag.go.id/index.php/profil/masjid/209167/,01.3.05.08.12.000011,Masjid Besar,Dusun Talang Pantai,644 m2,Wakaf,330 m2,1810.0,50 - 100,2,2,1,30,-,,572.0,-1.4875,102.0884
1533,1099.0,KAB. GARUT,Karangtengah,Masjid AL-ABROR,http://simas.kemenag.go.id/index.php/profil/masjid/209108/,01.3.13.05.16.000010,Masjid Besar,KP. SUKALILLAH DESA SINDANGGALIH,450 m2,SHM,225 m2,2015.0,50 - 100,6,15,3,-,,,200.0,-1.8015,116.1475
1534,1100.0,KAB. KOTAWARINGIN BARAT,Pangkalan Banteng,Masjid Al-Muhajirin,http://simas.kemenag.go.id/index.php/profil/masjid/208984/,01.3.21.01.06.000010,Masjid Besar,Desa Karang Mulya RT 03 RW 02,3.420 m2,Wakaf,225 m2,1993.0,> 200,5,5,5,100,,,250.0,-2.4639,111.9209
1535,1101.0,KAB. OGAN KOMERING ILIR,Jejawi,Masjid RAYA AT- TOHIRIN,http://simas.kemenag.go.id/index.php/profil/masjid/208938/,01.3.06.02.11.000023,Masjid Besar,Desa Jejawi,10.000 m2,Wakaf,676 m2,2014.0,> 200,7,6,5,30,,,1000.0,-2.991,104.7574
1536,1102.0,KAB. OGAN KOMERING ILIR,Pampangan,Masjid Nurul Imam,http://simas.kemenag.go.id/index.php/profil/masjid/208927/,01.3.06.02.07.000015,Masjid Besar,Desa Pampangan,1.110 m2,Wakaf,625 m2,1880.0,> 200,5,5,5,25,,,500.0,-1.8015,116.1475
1537,1103.0,KAB. OGAN KOMERING ILIR,Mesuji Raya,Masjid Arrohman,http://simas.kemenag.go.id/index.php/profil/masjid/208762/,01.3.06.02.15.000006,Masjid Besar,Dusun 2 Desa Sukasari Kec Mesuji Raya,4.000 m2,Girik,300 m2,2010.0,100 - 150,1,4,4,50,,,180.0,-1.8015,116.1475
1538,1104.0,KAB. BANGGAI KEPULAUAN,Peling Tengah,Masjid AL-IKHLAS PATUKUKI,http://simas.kemenag.go.id/index.php/profil/masjid/208664/,01.3.25.07.09.000011,Masjid Besar,DESA  PATUKUKI,2.000 m2,Wakaf,440 m2,1990.0,100 - 150,1,3,1,15,,,200.0,-1.4261,123.1723
1539,1105.0,KOTA PEKANBARU,Bukit Raya,Masjid Nurussalam,http://simas.kemenag.go.id/index.php/profil/masjid/208658/,01.3.04.11.07.000071,Masjid Besar,"Jl. Taman Sari No.50 RT-02/RW-07 Kel.Tkr Selatan, Kec.Bukit Raya, Kota Pekanbaru",8.000 m2,SHM,2.025 m2,1983.0,> 200,2,-,-,32,,Masjid Nurussalam adalah peser…,2000.0,0.6451,101.3664
1540,1106.0,KAB. LUWU,Suli Barat,Masjid Nurul Iman,http://simas.kemenag.go.id/index.php/profil/masjid/208642/,01.3.26.17.19.000020,Masjid Besar,Lingk.Limbong Desa Lindajang,800 m2,Wakaf,750 m2,2000.0,50 - 100,2,2,1,20,,,100.0,-1.8015,116.1475
1541,1107.0,KAB. OGAN KOMERING ILIR,Teluk Gelam,Masjid Al-Amin,http://simas.kemenag.go.id/index.php/profil/masjid/208540/,01.3.06.02.17.000020,Masjid Besar,muara Telang,600 m2,Wakaf,180 m2,1984.0,50 - 100,1,14,13,33,-,,123.0,-1.8015,116.1475
1542,1108.0,KAB. OGAN KOMERING ILIR,Teluk Gelam,Masjid Nurul Hudah,http://simas.kemenag.go.id/index.php/profil/masjid/208537/,01.3.06.02.17.000019,Masjid Besar,Siham,6.400 m2,Wakaf,400 m2,2000.0,100 - 150,18,16,13,28,-,,167.0,-1.8015,116.1475
1543,1109.0,KAB. OGAN KOMERING ILIR,Teluk Gelam,Masjid Baitul Mukminin,http://simas.kemenag.go.id/index.php/profil/masjid/208535/,01.3.06.02.17.000018,Masjid Besar,B. Harapan,3.000 m2,Wakaf,400 m2,1998.0,100 - 150,21,25,18,37,-,,195.0,-1.8015,116.1475
1544,1110.0,KAB. OGAN KOMERING ILIR,Teluk Gelam,Masjid Al-muzakirin,http://simas.kemenag.go.id/index.php/profil/masjid/208534/,01.3.06.02.17.000017,Masjid Besar,Patwa,2.500 m2,Wakaf,195 m2,1992.0,100 - 150,25,25,23,38,-,,170.0,-1.8015,116.1475
1545,1111.0,KAB. OGAN KOMERING ILIR,Teluk Gelam,Masjid Al-Muttaqin,http://simas.kemenag.go.id/index.php/profil/masjid/208533/,01.3.06.02.17.000016,Masjid Besar,Mulyaguna,2.500 m2,Wakaf,225 m2,1985.0,100 - 150,26,21,18,39,-,,180.0,-1.8015,116.1475
1546,1112.0,KAB. OGAN KOMERING ILIR,Teluk Gelam,Masjid Al-muhajirin,http://simas.kemenag.go.id/index.php/profil/masjid/208532/,01.3.06.02.17.000015,Masjid Besar,Mulyaguna,2.500 m2,Wakaf,144 m2,1990.0,50 - 100,17,20,19,38,-,,142.0,-1.8015,116.1475
1547,1113.0,KAB. OGAN KOMERING ILIR,Teluk Gelam,Masjid Nurul Hudah,http://simas.kemenag.go.id/index.php/profil/masjid/208531/,01.3.06.02.17.000014,Masjid Besar,Mulyaguna,100 m2,Wakaf,400 m2,1986.0,50 - 100,19,18,21,37,-,,114.0,-1.8015,116.1475
1548,1114.0,KAB. OGAN KOMERING ILIR,Teluk Gelam,Masjid Al-Ikhlas,http://simas.kemenag.go.id/index.php/profil/masjid/208529/,01.3.06.02.17.000013,Masjid Besar,Mulyaguna,100 m2,Wakaf,132 m2,2011.0,50 - 100,13,19,17,31,-,,120.0,-1.8015,116.1475
1549,1115.0,KAB. OGAN KOMERING ILIR,Teluk Gelam,Masjid Al-huda,http://simas.kemenag.go.id/index.php/profil/masjid/208528/,01.3.06.02.17.000012,Masjid Besar,Mulyaguna,2.500 m2,Wakaf,440 m2,1986.0,50 - 100,19,15,16,36,-,,129.0,-1.8015,116.1475
1550,1116.0,KAB. OGAN KOMERING ILIR,Teluk Gelam,Masjid Istianah,http://simas.kemenag.go.id/index.php/profil/masjid/208527/,01.3.06.02.17.000011,Masjid Besar,Benawa,360 m2,Wakaf,84 m2,1921.0,50 - 100,9,8,7,20,-,,75.0,-1.8015,116.1475
1551,1117.0,KAB. OGAN KOMERING ILIR,Teluk Gelam,Masjid Al-istiqlal,http://simas.kemenag.go.id/index.php/profil/masjid/208525/,01.3.06.02.17.000009,Masjid Besar,Sugiwaras,625 m2,Wakaf,225 m2,1906.0,50 - 100,13,11,9,23,-,,150.0,-1.8015,116.1475
1552,1118.0,KAB. OGAN KOMERING ILIR,Teluk Gelam,Masjid Roudhatul Jannah,http://simas.kemenag.go.id/index.php/profil/masjid/208523/,01.3.06.02.17.000007,Masjid Besar,Seriguna,625 m2,Wakaf,100 m2,1994.0,50 - 100,19,17,15,39,-,,120.0,-1.8015,116.1475
1553,1119.0,KAB. OGAN KOMERING ILIR,Teluk Gelam,Masjid MUHAMMADIYAH,http://simas.kemenag.go.id/index.php/profil/masjid/208522/,01.3.06.02.17.000006,Masjid Besar,Seriguna,225 m2,Wakaf,100 m2,1996.0,50 - 100,9,11,14,33,-,,100.0,-1.8015,116.1475
1554,1120.0,KAB. OGAN KOMERING ILIR,Teluk Gelam,Masjid Al-Ikhlas,http://simas.kemenag.go.id/index.php/profil/masjid/208518/,01.3.06.02.17.000003,Masjid Besar,kuripan,400 m2,Wakaf,196 m2,1952.0,50 - 100,11,15,8,28,--,,90.0,-1.8015,116.1475
1555,1121.0,KAB. OGAN KOMERING ILIR,Teluk Gelam,Masjid Darul mukhlisin,http://simas.kemenag.go.id/index.php/profil/masjid/208517/,01.3.06.02.17.000002,Masjid Besar,penyandingan,1.095 m2,Wakaf,255 m2,1939.0,50 - 100,10,19,20,30,-,,80.0,-1.8015,116.1475
1556,1122.0,KAB. OGAN KOMERING ILIR,Teluk Gelam,Masjid At-Taqwq,http://simas.kemenag.go.id/index.php/profil/masjid/208516/,01.3.06.02.17.000001,Masjid Besar,Ulak ketapang,672 m2,Wakaf,336 m2,2011.0,50 - 100,6,8,12,32,-,,70.0,-2.991,104.7574
1557,1123.0,KAB. MUNA,Katobu,Masjid Baitul Ma'mur,http://simas.kemenag.go.id/index.php/profil/masjid/208300/,01.3.27.03.11.000001,Masjid Besar,Jln. Jend. Ahmad Yani No. 11 Raha,10.000 m2,Wakaf,1.675 m2,1978.0,> 200,5,20,-,-,082347451300/085394217390,,1000.0,-4.8289,122.7255
1558,1124.0,KAB. MUNA,Kontunaga,Masjid Al-Hidayah,http://simas.kemenag.go.id/index.php/profil/masjid/208293/,01.3.27.03.15.000001,Masjid Besar,Desa Kontunaga,435 m2,Wakaf,289 m2,1972.0,50 - 100,2,3,-,10,,,400.0,-4.8138,122.6621
1559,1125.0,KAB. MUNA,Batalaiwaru,Masjid An-Nur,http://simas.kemenag.go.id/index.php/profil/masjid/208287/,01.3.27.03.10.000001,Masjid Besar,Jln. Gatot Subroto,1.200 m2,Wakaf,1.008 m2,1935.0,> 200,5,20,-,-,081339672351,,1000.0,-4.8206,122.7205
1560,1126.0,KAB. MUNA,Bone,Masjid Fastabiqul Khairat,http://simas.kemenag.go.id/index.php/profil/masjid/208283/,01.3.27.03.21.000005,Masjid Besar,Desa Bone Kancitala,400 m2,Wakaf,196 m2,1981.0,50 - 100,2,2,-,-,,,100.0,-4.9239,122.6274
1561,1127.0,KAB. MUNA,Duruka,Masjid Nurul Amin,http://simas.kemenag.go.id/index.php/profil/masjid/208253/,01.3.27.03.12.000001,Masjid Besar,Jl. Sutan Syahrir,-,SHM,324 m2,2009.0,50 - 100,1,1,-,15,,,200.0,-4.8548,122.7183
1562,1128.0,KAB. GARUT,Malangbong,Masjid Al-ilyas,http://simas.kemenag.go.id/index.php/profil/masjid/208208/,01.3.13.05.14.000003,Masjid Besar,Rt 01/ rw 02 desa malangbong kp. panyingkiran,910 m2,Wakaf,60 m2,1945.0,> 200,2,7,2,10,085295290552,Mesjid besar malangbong saat i…,1500.0,-6.9152,107.6035
1563,1129.0,KAB. BUNGO,Tanah Tumbuh,Masjid Raya Tanah Tumbuh,http://simas.kemenag.go.id/index.php/profil/masjid/208046/,01.3.05.08.01.000003,Masjid Besar,Tanah Tumbuh,1.800 m2,Wakaf,400 m2,1935.0,100 - 150,1,1,1,35,-,,800.0,-1.6258,102.832
1564,1130.0,KAB. AGAM,Kamang Magek,Masjid Taqwim,http://simas.kemenag.go.id/index.php/profil/masjid/208041/,01.3.03.06.15.000023,Masjid Besar,Jorong Dangau Baru Nagari Kamang Hilir,6.300 m2,Wakaf,289 m2,1962.0,100 - 150,3,2,-,-,082386704283,,3.0,-1.8015,116.1475
1565,1131.0,KAB. KUDUS,Jekulo,Masjid AL-MUNAWWAROH,http://simas.kemenag.go.id/index.php/profil/masjid/208009/,01.3.14.19.06.000075,Masjid Besar,Jl. Raya Kudus - Pati Jekulo RT 01 RW 03 Kudus,1.250 m2,Wakaf,600 m2,1932.0,50 - 100,5,4,3,-,,,700.0,-6.8062,110.9159
1566,1132.0,KAB. MEMPAWAH,Sungai Pinyuh,Masjid Nikmatullah,http://simas.kemenag.go.id/index.php/profil/masjid/207866/,01.3.20.02.03.000003,Masjid Besar,Simpang Pak Kaluk Jln.Jurusan Pontianak Kelurahan Sungai Pinyuh,-,Wakaf,1.400 m2,1950.0,> 200,6,5,4,30,,,1600.0,0.2726,109.0737
1567,1133.0,KAB. BANGGAI KEPULAUAN,Bulagi,Masjid Babuttaubah,http://simas.kemenag.go.id/index.php/profil/masjid/207767/,01.3.25.07.04.000001,Masjid Besar,Kel. Bulagi I,416 m2,Wakaf,225 m2,1939.0,100 - 150,1,6,2,-,,,500.0,-0.8984,119.8591
1568,1134.0,KAB. TANGERANG,Kelapa Dua,Masjid Asmaul Husna,http://simas.kemenag.go.id/index.php/profil/masjid/207766/,01.3.12.03.24.000032,Masjid Besar,"Jl. Raya Kelapa II, No.31 Gading Serpong, Kec.Kelapa Dua, Kab.Tanggerang",5.780 m2,SHM,2.500 m2,2010.0,> 200,3,47,3,25,081298058000,Masjid Asmaul Husna adalah pes…,4000.0,-6.242,106.6234
1569,1135.0,KAB. KEDIRI,Gurah,Masjid Baitussalam,http://simas.kemenag.go.id/index.php/profil/masjid/207419/,01.3.16.06.10.000195,Masjid Besar,Jl. Masjid Kauman Kec. Gurah,1.215 m2,Wakaf,330 m2,1911.0,50 - 100,4,10,5,10,,,700.0,-7.8108,112.0817
1570,1136.0,KAB. MUSI BANYUASIN,Tungkal Jaya,Masjid At-Taqwa,http://simas.kemenag.go.id/index.php/profil/masjid/207361/,01.3.06.06.12.000017,Masjid Besar,Jl. Raya Palembang jambi Km 150 Dsn. I Peninggalan,2.525 m2,Wakaf,1.616 m2,1980.0,50 - 100,5,9,15,60,081373305337,,250.0,-1.8015,116.1475
1571,1137.0,KOTA ADM. JAKARTA UTARA,Koja,Masjid BAITURRAHMAN,http://simas.kemenag.go.id/index.php/profil/masjid/207320/,01.3.11.02.03.000076,Masjid Besar,RT. 004 RW. 016 KEL. RAWABADAK SELATAN,-,SHM,-,1989.0,> 200,3,-,2,15,,,500.0,-1.8015,116.1475
1572,1138.0,KOTA ADM. JAKARTA UTARA,Koja,Masjid AT-TAUBAH,http://simas.kemenag.go.id/index.php/profil/masjid/207318/,01.3.11.02.03.000075,Masjid Besar,JL. BENDUNGAN MELAYU RT. 008 RW 03 KEL. RAWABADAK SELATAN,310 m2,Girik,160 m2,1983.0,> 200,2,-,2,8,,,400.0,-1.8015,116.1475
1573,1139.0,KOTA ADM. JAKARTA UTARA,Koja,Masjid AS-SSUHADA,http://simas.kemenag.go.id/index.php/profil/masjid/207312/,01.3.11.02.03.000074,Masjid Besar,JL. PLUMPANG B RT. 006 KEL. RAWABADAK SELATAN,242 m2,SHM,200 m2,1961.0,> 200,3,-,2,8,,,350.0,-6.2115,106.8452
1574,1140.0,KAB. AGAM,Lubuk Basung,Masjid Syuhada,http://simas.kemenag.go.id/index.php/profil/masjid/207289/,01.3.03.06.02.000014,Masjid Besar,Lapau Talang Jorong IV Surabayo Nagari Lubuk Basung,680 m2,Wakaf,400 m2,1966.0,100 - 150,1,1,1,40,081363212407,,400.0,-1.8015,116.1475
1575,1141.0,KAB. AGAM,IV Koto,Masjid Al-Mubarak,http://simas.kemenag.go.id/index.php/profil/masjid/207272/,01.3.03.06.05.000001,Masjid Besar,JORONG PAKAN USANG NAGARI KOTO TUO,1.330 m2,Wakaf,750 m2,1830.0,> 200,1,3,1,75,,,500.0,-0.337,100.3502
1576,1142.0,KOTA ADM. JAKARTA UTARA,Koja,Masjid AS-SHOMADANIYU,http://simas.kemenag.go.id/index.php/profil/masjid/207166/,01.3.11.02.03.000073,Masjid Besar,JL. PLUMPANG B RT. 003 RW. 05 KEL. RAWABADAK SELATAN,550 m2,SHM,450 m2,1976.0,> 200,3,-,2,9,,,400.0,-1.8015,116.1475
1577,1143.0,KAB. PANDEGLANG,Karang Tanjung,Masjid AR-ROHIM,http://simas.kemenag.go.id/index.php/profil/masjid/207052/,01.3.12.01.25.000001,Masjid Besar,jL. Raya Serang Km. 3.5 Komplek Cigadung-Pabrik,2.000 m2,Wakaf,400 m2,1987.0,> 200,9,9,4,-,081315933765,,300.0,-6.2831,106.1184
1578,1144.0,KAB. TULUNGAGUNG,Besuki,Masjid Baitur Rohman,http://simas.kemenag.go.id/index.php/profil/masjid/207039/,01.3.16.04.15.000001,Masjid Besar,RT 03 RW 01 Desa Besuki Kecamatan Besuki Kabupaten Tulungagung,3.450 m2,Wakaf,289 m2,1985.0,50 - 100,5,5,3,20,081359403532,,400.0,-8.2144,111.7818
1579,1145.0,KOTA ADM. JAKARTA UTARA,Koja,Masjid AL-FAIZIN,http://simas.kemenag.go.id/index.php/profil/masjid/207027/,01.3.11.02.03.000068,Masjid Besar,JL. PLUMPANG B RT. 008 RW. 05 KEL. RAWABADAK SELATAN,280 m2,SHM,216 m2,1967.0,150 - 200,3,-,2,17,,,200.0,-1.8015,116.1475
1580,1146.0,KAB. GARUT,Pakenjeng,Masjid AL-FALLAH,http://simas.kemenag.go.id/index.php/profil/masjid/206594/,01.3.13.05.33.000050,Masjid Besar,"KP. SINDANGRATU RT 002 RW 007
DESA JATIWANGI",250 m2,Girik,150 m2,1994.0,100 - 150,5,5,2,30,,,200.0,-6.9152,107.6035
1581,1147.0,KAB. BUNGO,Bathin III Ulu,Masjid Istiqomah,http://simas.kemenag.go.id/index.php/profil/masjid/206553/,01.3.05.08.14.000001,Masjid Besar,Muara Buat,625 m2,Wakaf,225 m2,1901.0,50 - 100,1,1,1,30,-,,3300.0,-1.6258,102.832
1582,1148.0,KAB. BATANGHARI,Muara Bulian,Masjid Attaqwa,http://simas.kemenag.go.id/index.php/profil/masjid/206467/,01.3.05.04.03.000020,Masjid Besar,Rt.34 Rangkayo Hitam,2.000 m2,Wakaf,750 m2,1960.0,100 - 150,2,2,1,-,,,200.0,-1.7124,103.255
1583,1149.0,KOTA SERANG,Walantaka,Masjid MIFTAHUL JANNAH,http://simas.kemenag.go.id/index.php/profil/masjid/206344/,01.3.12.07.03.000013,Masjid Besar,Kp. Pesanggrahan Kelurahan Walantaka Kecamatan Walantaka Kota Serang,900 m2,Wakaf,300 m2,1932.0,> 200,5,5,8,55,087808853958,,600.0,-6.152,106.2239
1584,1150.0,KOTA TANGERANG SELATAN,Ciputat Timur,Masjid AL-ISTIQOMAH,http://simas.kemenag.go.id/index.php/profil/masjid/206313/,01.3.12.08.05.000002,Masjid Besar,JL. WR. SUPRATMAN RT.001/06 KP.UTAN,1.370 m2,Wakaf,564 m2,1971.0,> 200,5,32,-,38,0217444929,,1500.0,-6.1216,106.1527
1585,1151.0,KOTA BANDAR LAMPUNG,Kemiling,Masjid Husnul Khotimah,http://simas.kemenag.go.id/index.php/profil/masjid/206257/,01.3.08.13.13.000077,Masjid Besar,Jl. Minak Sangaji No.  1 Kel Beringin Raya,2.163 m2,SHM,477 m2,1982.0,> 200,5,5,1,60,0811728127,,500.0,-5.3963,105.2123
1586,1152.0,KAB. GOWA,Bontonompo,Masjid BESAR RAUDHATUSSHALIHIN BONTONOMPO,http://simas.kemenag.go.id/index.php/profil/masjid/206210/,01.3.26.06.01.000014,Masjid Besar,BONTONOMPO KEL. BONTONOMPO,2.009 m2,Wakaf,1.250 m2,1995.0,100 - 150,10,30,6,57,085299677449,,1000.0,-5.1463,119.4001
1587,1153.0,KOTA ADM. JAKARTA TIMUR,Ciracas,Masjid Al-Muttaqin,http://simas.kemenag.go.id/index.php/profil/masjid/206182/,01.3.11.05.09.000027,Masjid Besar,Jl.Taruna Jaya RT.008/05 Kel.Cibubur,270 m2,Wakaf,250 m2,1990.0,> 200,2,24,5,15,085892536024,,500.0,0.0,0.0
1588,1154.0,KOTA ADM. JAKARTA TIMUR,Ciracas,Masjid At-Taufiq,http://simas.kemenag.go.id/index.php/profil/masjid/206174/,01.3.11.05.09.000025,Masjid Besar,Jl.Masjid At-Taufiq RT.004/11 Kel.Kelapa Dua Wetan,1.500 m2,Wakaf,400 m2,1985.0,150 - 200,7,40,3,30,8719120,,1500.0,0.0,0.0
1589,1155.0,KOTA ADM. JAKARTA TIMUR,Ciracas,Masjid Darul Jamaah,http://simas.kemenag.go.id/index.php/profil/masjid/206165/,01.3.11.05.09.000024,Masjid Besar,Gang AMD RT.001/06 Kel.Ciracas,153 m2,Wakaf,153 m2,1980.0,> 200,1,5,1,10,-,,300.0,-6.3219,106.8843
1590,1156.0,KAB. TABALONG,Haruai,Masjid Miftahul Khair (MB),http://simas.kemenag.go.id/index.php/profil/masjid/206125/,01.3.22.09.05.000006,Masjid Besar,Halong RT. 02,1.912 m2,SHM,1.341 m2,1969.0,50 - 100,5,8,5,25,,,800.0,-1.8015,116.1475
1591,1157.0,KAB. TABALONG,Murung Pudak,Masjid Al-Abrar Islamic Center,http://simas.kemenag.go.id/index.php/profil/masjid/206086/,01.3.22.09.06.000006,Masjid Besar,Desa Maburai,20.000.000 m2,Wakaf,900 m2,2012.0,50 - 100,3,30,20,30,082155705809,,1000.0,-3.327,114.5895
1592,1158.0,KAB. TABALONG,Tanjung,Masjid An-Noor,http://simas.kemenag.go.id/index.php/profil/masjid/206072/,01.3.22.09.04.000020,Masjid Besar,Kel. Jangkung RT. 04,534 m2,Wakaf,225 m2,1982.0,> 200,15,15,15,250,081348487735,,2000.0,-1.8015,116.1475
1593,1159.0,KAB. KERINCI,Danau Kerinci,Masjid Taqwa,http://simas.kemenag.go.id/index.php/profil/masjid/206014/,01.3.05.01.02.000013,Masjid Besar,Pendung Talang Genting,900 m2,Wakaf,576 m2,1980.0,> 200,1,1,1,-,,,0.0,-1.7572,102.9242
1594,1160.0,KAB. KERINCI,Danau Kerinci,Masjid Raya,http://simas.kemenag.go.id/index.php/profil/masjid/206003/,01.3.05.01.02.000010,Masjid Besar,Koto Tuo Ujung Pasir,625 m2,Wakaf,552 m2,1995.0,> 200,1,1,-,-,0852666460663,,0.0,-1.8015,116.1475
1595,1161.0,KAB. KERINCI,Danau Kerinci,Masjid Al-Muhsinin,http://simas.kemenag.go.id/index.php/profil/masjid/206001/,01.3.05.01.02.000008,Masjid Besar,Koto Petai,800 m2,Wakaf,600 m2,1995.0,50 - 100,3,2,3,-,,,300.0,-1.8015,116.1475
1596,1162.0,KOTA SUNGAI PENUH,Pesisir Bukit,Masjid BAITUNNUR EMPAT DESA SUNGAI LIUK,http://simas.kemenag.go.id/index.php/profil/masjid/205726/,01.3.05.11.02.000006,Masjid Besar,DESA SUNGAI LIUK,674 m2,Wakaf,529 m2,1943.0,> 200,20,20,10,320,,,1800.0,-1.8015,116.1475
1597,1163.0,KOTA SUNGAI PENUH,Pesisir Bukit,Masjid RAYA,http://simas.kemenag.go.id/index.php/profil/masjid/205722/,01.3.05.11.02.000002,Masjid Besar,DESA KOTO KERAS,625 m2,Wakaf,400 m2,1955.0,> 200,3,3,5,400,,,1700.0,-1.8015,116.1475
1598,1164.0,KOTA SUNGAI PENUH,Pesisir Bukit,Masjid AT-TAQWA,http://simas.kemenag.go.id/index.php/profil/masjid/205721/,01.3.05.11.02.000001,Masjid Besar,DESA KOTO RENAH,190 m2,Wakaf,130 m2,1808.0,> 200,6,30,3,200,,,700.0,-1.7572,102.9242
1599,1165.0,KOTA PALANGKARAYA,Pahandut,Masjid Al-Ikhlas,http://simas.kemenag.go.id/index.php/profil/masjid/205599/,01.3.21.14.01.000046,Masjid Besar,Jl.RTA Milono Km 5.5 Perumahan Perintis Permai,646 m2,Wakaf,196 m2,2015.0,50 - 100,3,-,-,-,082149754023,,250.0,-2.2565,113.9271
1600,1166.0,KOTA SUNGAI PENUH,Hamparan Rawang,Masjid RAYA RAWANG,http://simas.kemenag.go.id/index.php/profil/masjid/205551/,01.3.05.11.03.000001,Masjid Besar,Hamparan Rawang,389 m2,Wakaf,241 m2,1938.0,> 200,2,2,2,210,081367617319,,1520.0,-2.0361,101.4039
1601,1167.0,KAB. KEDIRI,Wates,Masjid At-Taqwa,http://simas.kemenag.go.id/index.php/profil/masjid/205529/,01.3.16.06.06.000140,Masjid Besar,Jl. Kediri No. 15 Ds. Wates Kec. Wates,120 m2,Wakaf,400 m2,1954.0,50 - 100,2,5,2,10,,,500.0,-7.8996,112.1463
1602,1168.0,KAB. WAJO,Pammana,Masjid Babu Taqwa,http://simas.kemenag.go.id/index.php/profil/masjid/205471/,01.3.26.13.02.000001,Masjid Besar,Jl.Poros Sengkang Bone Kelurahan Cina,200 m2,Wakaf,624 m2,1983.0,50 - 100,1,1,-,20,,,100.0,-5.1463,119.4001
1603,1169.0,KOTA TUAL,Pulau Dullah Selatan,Masjid Al-Ikhlas,http://simas.kemenag.go.id/index.php/profil/masjid/205388/,01.3.30.11.02.000005,Masjid Besar,Jl. Pattimura Tual,335 m2,Wakaf,272 m2,1991.0,> 200,2,2,2,60,-,,300.0,-1.8015,116.1475
1604,1170.0,KAB. KEDIRI,Pagu,Masjid At- Taqwa,http://simas.kemenag.go.id/index.php/profil/masjid/205338/,01.3.16.06.11.000125,Masjid Besar,Jl. Joyoboyo Ds. Sitimerto Rt/Rw : 02/02 Kec. Pagu,1.600 m2,Girik,437 m2,1967.0,> 200,7,9,6,25,081259244961,,600.0,-7.7706,112.0872
1605,1171.0,KAB. TABALONG,Muara Harus,Masjid Darul Falah,http://simas.kemenag.go.id/index.php/profil/masjid/205145/,01.3.22.09.08.000005,Masjid Besar,Desa Harus RT. 04,578 m2,SHM,289 m2,1950.0,> 200,8,7,7,60,,,400.0,-3.327,114.5895
1606,1172.0,KOTA TUAL,Pulau Dullah Utara,Masjid Al-Amin,http://simas.kemenag.go.id/index.php/profil/masjid/205089/,01.3.30.11.01.000006,Masjid Besar,Jl. Tali Sirwoat Ds.Dullah,918 m2,Wakaf,324 m2,1984.0,100 - 150,2,2,2,20,085243307979,,200.0,-1.8015,116.1475
1607,1173.0,KAB. OGAN KOMERING ULU,Sinar Peninjauan,Masjid Al-Falah,http://simas.kemenag.go.id/index.php/profil/masjid/205014/,01.3.06.01.10.000007,Masjid Besar,Pusat Desa MARGA MULYA,2.500 m2,Wakaf,625 m2,1984.0,> 200,3,4,3,50,,"Masjid Al Falah, adalah satu-s…",200.0,-3.8588,104.4209
1608,1174.0,KAB. OGAN KOMERING ULU,Muara Jaya,Masjid AT-TAQWA,http://simas.kemenag.go.id/index.php/profil/masjid/205001/,01.3.06.01.12.000006,Masjid Besar,DS.MUARA SAEH KEC.MUARA JAYA,525 m2,Wakaf,195 m2,1924.0,> 200,10,15,5,-,,,0.0,-4.1162,103.7547
1609,1175.0,KAB. OGAN KOMERING ULU,Pengandonan,Masjid DARUL IMAN,http://simas.kemenag.go.id/index.php/profil/masjid/204993/,01.3.06.01.02.000014,Masjid Besar,JL.LINTAS SUMATERA DS.PENGANDONAN KEC.PENGANDONAN,289 m2,Wakaf,152 m2,1997.0,100 - 150,6,7,8,-,,,0.0,-4.0648,103.8652
1610,1176.0,KAB. KEDIRI,Kandat,Masjid Al-Karim,http://simas.kemenag.go.id/index.php/profil/masjid/204917/,01.3.16.06.05.000136,Masjid Besar,Jl. Raya Kediri Blitar No. 07  Dsn Galuhan Ds. Kandat Kec. Kandat,550 m2,Girik,550 m2,1980.0,50 - 100,10,10,5,10,085696247522,,250.0,-7.9338,112.0313
1611,1177.0,KAB. BANTUL,Sewon,Masjid Al-Munawwir,http://simas.kemenag.go.id/index.php/profil/masjid/204763/,01.3.15.02.15.000125,Masjid Besar,"Krapyak kulon, panggung harjo sewon bantul",500 m2,Wakaf,400 m2,1911.0,> 200,5,8,15,100,(0274)8518844,,6000.0,-7.7972,110.3688
1612,1178.0,KOTA SUNGAI PENUH,Tanah Kampung,Masjid JAMIK AL-FALAH,http://simas.kemenag.go.id/index.php/profil/masjid/204561/,01.3.05.11.04.000004,Masjid Besar,KOTO DUMO Tanah Kampung,1.200 m2,Wakaf,775 m2,1953.0,100 - 150,6,12,3,108,,,400.0,-1.8015,116.1475
1613,1179.0,KAB. BATANGHARI,Maro Sebo Ulu,Masjid Nurussolihin,http://simas.kemenag.go.id/index.php/profil/masjid/204510/,01.3.05.04.06.000004,Masjid Besar,Kelurahan Simpang Sungai Rengas,3.220 m2,SHM,576 m2,1986.0,150 - 200,2,2,2,30,,,0.0,1.5037,102.831
1614,1180.0,KAB TANJUNG JABUNG BARAT,Betara,Masjid Al-Kautsar,http://simas.kemenag.go.id/index.php/profil/masjid/204502/,01.3.05.06.04.000003,Masjid Besar,Pematang Lumut,5.000 m2,Girik,900 m2,1986.0,> 200,10,10,9,35,,,500.0,0.0,0.0
1615,1181.0,KAB. BENGKAYANG,Seluas,Masjid Jamiul Wustho,http://simas.kemenag.go.id/index.php/profil/masjid/204247/,01.3.20.07.05.000001,Masjid Besar,Dusun Seluas Desa seluas,750 m2,Wakaf,400 m2,1992.0,50 - 100,7,10,5,45,,,500.0,-0.0225,109.3303
1616,1182.0,KOTA TARAKAN,Tarakan Timur,Masjid Al-Istiqlal,http://simas.kemenag.go.id/index.php/profil/masjid/204209/,01.3.34.05.03.000017,Masjid Besar,Jl. Masjid Al-Tiqlal Rt.03,-,Wakaf,-,2000.0,> 200,2,48,2,-,08125846157,,500.0,-1.8015,116.1475
1617,1183.0,KAB. GARUT,Cikajang,Masjid Jihadul Hidayah,http://simas.kemenag.go.id/index.php/profil/masjid/204120/,01.3.13.05.22.000008,Masjid Besar,Kp. Pasar Kaler RT 01 RW 01 Desa Padasuka,450 m2,Wakaf,225 m2,1964.0,> 200,8,12,6,80,,,1000.0,-1.8015,116.1475
1618,1184.0,KAB TANJUNG JABUNG BARAT,Seberang Kota,Masjid Jami&#39; Al-Falah,http://simas.kemenag.go.id/index.php/profil/masjid/204001/,01.3.05.06.10.000005,Masjid Besar,Tungkal V,900 m2,Wakaf,500 m2,1978.0,> 200,15,10,9,40,,,400.0,-1.8015,116.1475
1619,1185.0,KAB. BATANGHARI,Mersam,Masjid Rahmatullah,http://simas.kemenag.go.id/index.php/profil/masjid/203973/,01.3.05.04.01.000001,Masjid Besar,kelurahan kembang paseban,3.816 m2,Wakaf,600 m2,1982.0,> 200,2,6,2,25,,,1000.0,-1.6236,103.0394
1620,1186.0,KAB TANJUNG JABUNG BARAT,Bram Itam,Masjid Maqbulin,http://simas.kemenag.go.id/index.php/profil/masjid/203950/,01.3.05.06.11.000003,Masjid Besar,Bram Itam Kiri,400 m2,Wakaf,100 m2,1999.0,100 - 150,5,-,3,20,,,200.0,-1.8015,116.1475
1621,1187.0,KAB. PAMEKASAN,Pasean,Masjid Al-Mubarok,http://simas.kemenag.go.id/index.php/profil/masjid/203860/,01.3.16.28.13.000060,Masjid Besar,Dsn Laok Lorong I Desa Batu Kerbuy,1.551 m2,Wakaf,500 m2,1947.0,> 200,8,8,5,-,,,500.0,-7.2317,113.4229
1622,1188.0,KAB TANJUNG JABUNG BARAT,Tungkal Ilir,Masjid Nurul Iman,http://simas.kemenag.go.id/index.php/profil/masjid/203849/,01.3.05.06.02.000024,Masjid Besar,Jl. Ki. Hajar Dewantara Kel. Patunas Kuala Tungkal,2.500 m2,Wakaf,900 m2,1987.0,> 200,10,15,10,30,,,700.0,-0.824,103.0
1623,1189.0,KAB. TASIKMALAYA,Bojongasih,Masjid AL-HIDAYAH,http://simas.kemenag.go.id/index.php/profil/masjid/203769/,01.3.13.06.09.000040,Masjid Besar,KP.SUKASIRNA ( MADUR ) RT.001/RW.001 DESA BOJONGAIH,480 m2,Wakaf,240 m2,1959.0,> 200,4,7,2,1,085323408275,,600.0,-6.9152,107.6035
1624,1190.0,KOTA PARE PARE,Bacukiki Barat,Masjid AL-Falah,http://simas.kemenag.go.id/index.php/profil/masjid/203445/,01.3.26.23.04.000015,Masjid Besar,Jalan Bau Massepe,526 m2,Wakaf,420 m2,1949.0,> 200,2,1,1,35,,,500.0,-3.9848,119.6082
1625,1191.0,KAB. JEMBER,Balung,Masjid DAARUL  MUTTAQIEN,http://simas.kemenag.go.id/index.php/profil/masjid/203279/,01.3.16.09.10.000019,Masjid Besar,Jl.Rambipuji No.27 Ds.Balung Lor Kec.Balung Jember,1.983 m2,Wakaf,720 m2,1967.0,150 - 200,10,10,10,20,085236336945,,2000.0,-8.2762,113.5351
1626,1192.0,KAB. MEMPAWAH,Anjongan,Masjid Nurul Hidayah,http://simas.kemenag.go.id/index.php/profil/masjid/203193/,01.3.20.02.07.000010,Masjid Besar,Komp. PU Anjongan Dalam,-,Wakaf,400 m2,1980.0,> 200,4,4,4,25,,,600.0,0.3585,109.1698
1627,1193.0,KAB. BINTAN,Tambelan,Masjid Baitur Rahmat,http://simas.kemenag.go.id/index.php/profil/masjid/203127/,01.3.10.01.05.000003,Masjid Besar,Jalan Makam Sultan Abdullah Muayatsyah Desa Batu Lepuk,1.200 m2,Wakaf,576 m2,1797.0,50 - 100,2,15,2,15,081372443887,,3000.0,1.0031,107.5716
1628,1194.0,KAB. BOGOR,Jasinga,Masjid NURUL FAIZIN,http://simas.kemenag.go.id/index.php/profil/masjid/203033/,01.3.13.01.19.000083,Masjid Besar,KP.LIMES RT.005/003 DS.PAMAGERSARI,1.550 m2,Wakaf,-,1995.0,> 200,7,7,5,-,,,1000.0,-1.8015,116.1475
1629,1195.0,KAB. MAMUJU,Mamuju,Masjid Nurul Muttahidahn,http://simas.kemenag.go.id/index.php/profil/masjid/202939/,01.3.29.02.01.000054,Masjid Besar,Jl. Yos Sudarso Binanga,6.832 m2,Wakaf,1.352 m2,1940.0,> 200,2,2,2,32,08342370905,,3500.0,-2.6713,118.8901
1630,1196.0,KAB. MEMPAWAH,Toho,Masjid Jami'atul Muhajirin,http://simas.kemenag.go.id/index.php/profil/masjid/202931/,01.3.20.02.02.000001,Masjid Besar,Toho Hilir,-,Wakaf,400 m2,1950.0,100 - 150,4,4,4,20,,,600.0,-1.8015,116.1475
1631,1197.0,KAB. MALUKU TENGGARA,Hoat Sorbay,Masjid Al-Munawaroh,http://simas.kemenag.go.id/index.php/profil/masjid/202736/,01.3.30.02.08.000002,Masjid Besar,Ohoi Tetoat,650 m2,Wakaf,400 m2,2009.0,100 - 150,2,3,2,25,081355010731,,180.0,-5.7508,132.6812
1632,1198.0,KAB. MALUKU TENGGARA,Kei Besar Selatan,Masjid Al-Anshor,http://simas.kemenag.go.id/index.php/profil/masjid/202735/,01.3.30.02.03.000002,Masjid Besar,Ohoi Tamangil Nuhuten,500 m2,Wakaf,255 m2,2013.0,100 - 150,2,3,2,30,081343499779,,170.0,-5.8229,132.9056
1633,1199.0,KAB. INDRAGIRI HILIR,Reteh,Masjid JAMIK,http://simas.kemenag.go.id/index.php/profil/masjid/202630/,01.3.04.04.01.000101,Masjid Besar,JALAN SMP PULAU KIJANG,3.600 m2,Wakaf,1.600 m2,1970.0,50 - 100,7,8,5,-,,,1700.0,-1.8015,116.1475
1634,1200.0,KAB. MALUKU TENGGARA,Kei Besar,Masjid Al-Anshor,http://simas.kemenag.go.id/index.php/profil/masjid/202532/,01.3.30.02.02.000002,Masjid Besar,Elat.Kei Besar,500 m2,Wakaf,225 m2,1965.0,100 - 150,2,5,2,30,-,,170.0,-5.6539,132.9995
1635,1201.0,KAB. MALUKU TENGGARA,Kei Kecil Timur Selatan,Masjid Al-Mathar,http://simas.kemenag.go.id/index.php/profil/masjid/202522/,01.3.30.02.11.000001,Masjid Besar,Ohoi Danar kec. Kei Kecil Timur Selatan,850 m2,Wakaf,500 m2,1952.0,150 - 200,2,5,2,35,-,,220.0,-5.9475,132.744
1636,1202.0,KAB. LAMPUNG TENGAH,Way Seputih,Masjid SYUHADA',http://simas.kemenag.go.id/index.php/profil/masjid/202516/,01.3.08.02.25.000037,Masjid Besar,Suko Binangun,2.500 m2,SHM,84 m2,1982.0,50 - 100,5,7,5,15,0813 6954 2251,,100.0,-1.8015,116.1475
1637,1203.0,KOTA PALEMBANG,Ilir Timur I,Masjid Ar-Razaq,http://simas.kemenag.go.id/index.php/profil/masjid/202397/,01.3.06.12.05.000025,Masjid Besar,Jl. Dr. Hakim Rt.20/04 no.1155 Kel.Sei pangeran,-,SHM,360 m2,2001.0,> 200,1,24,20,15,085267753443,,500.0,-1.8015,116.1475
1638,1204.0,KAB. BATANGHARI,Muara Tembesi,Masjid al-Kautsar,http://simas.kemenag.go.id/index.php/profil/masjid/202102/,01.3.05.04.02.000001,Masjid Besar,RT. 01 RW. 01 Kelurahan Kampung Baru,1.200 m2,Wakaf,20 m2,1981.0,100 - 150,2,2,2,35,081274351142,,250.0,-1.7232,103.1361
1639,1205.0,KAB. INDRAGIRI HILIR,Sungai Batang,Masjid AN-Nur,http://simas.kemenag.go.id/index.php/profil/masjid/202059/,01.3.04.04.20.000014,Masjid Besar,Jl. An-Nur Benteng,3.832 m2,Wakaf,1.265 m2,1958.0,> 200,3,3,3,9,,,1500.0,-1.8015,116.1475
1640,1206.0,KAB. BANGGAI,Nambo,Masjid AL-MUNAWWARAH,http://simas.kemenag.go.id/index.php/profil/masjid/202045/,01.3.25.01.23.000006,Masjid Besar,KEL.NAMBO BOSAA KEC.NAMBO KAB.BANGGAI,2.500 m2,Wakaf,256 m2,1971.0,> 200,1,1,1,-,,,300.0,-1.8015,116.1475
1641,1207.0,KOTA JAMBI,Pasar Jambi,Masjid Raya Magat Sari,http://simas.kemenag.go.id/index.php/profil/masjid/201961/,01.3.05.10.04.000009,Masjid Besar,Jl. DR.Sutomo Rt. 02 Kel. Orang Kayo Hitam,1.287 m2,Wakaf,900 m2,1906.0,> 200,3,20,5,50,-,DOkumen Akta Tanah dan Akta Ik…,2000.0,-1.5907,103.6146
1642,1208.0,KAB. PAMEKASAN,Pakong,Masjid Nurul Haq,http://simas.kemenag.go.id/index.php/profil/masjid/201885/,01.3.16.28.09.000054,Masjid Besar,Dsn Duko Timur Desa Pakong,1.920 m2,SHM,520 m2,1930.0,> 200,8,8,5,-,,,500.0,-6.8828,113.5107
1643,1209.0,KOTA PALEMBANG,Ilir Timur I,Masjid Jamiatul Islamiyah,http://simas.kemenag.go.id/index.php/profil/masjid/201871/,01.3.06.12.05.000016,Masjid Besar,Jl. Let. Hadin kel.20 ilir D. III,775 m2,Wakaf,564 m2,1964.0,> 200,5,30,4,18,081227120214 (H. Muzakir Zaini),,0.0,-1.8015,116.1475
1644,1210.0,KAB. HULU SUNGAI TENGAH,Haruyan,Masjid Mujahidin,http://simas.kemenag.go.id/index.php/profil/masjid/201843/,01.3.22.07.01.000001,Masjid Besar,Desa Haruyan Seberang,1.024 m2,Wakaf,625 m2,1918.0,> 200,15,10,15,40,,,1000.0,-2.5949,115.394
1645,1211.0,KOTA ADM. JAKARTA UTARA,Penjaringan,Masjid AT-TAQWA,http://simas.kemenag.go.id/index.php/profil/masjid/201770/,01.3.11.02.01.000049,Masjid Besar,KAPUK MUARA RT 010/004,875 m2,Wakaf,875 m2,1970.0,100 - 150,2,3,2,20,0817809842,,1500.0,-6.1329,106.775
1646,1212.0,KAB. BULUKUMBA,Ujungloe,Masjid NURUL ITTIHADI,http://simas.kemenag.go.id/index.php/profil/masjid/201691/,01.3.26.02.09.000027,Masjid Besar,LINGK. APPASARENGE KEL. DANNUANG,750 m2,Wakaf,500 m2,1951.0,50 - 100,5,23,-,-,,,1000.0,-1.8015,116.1475
1647,1213.0,KAB. BANGGAI,Kintom,Masjid NURUL-YAKIN,http://simas.kemenag.go.id/index.php/profil/masjid/201375/,01.3.25.01.03.000006,Masjid Besar,KEL.KINTOM KEC.KINTOM KAB.BANGGAI,1.800 m2,Wakaf,552 m2,1961.0,50 - 100,1,4,2,-,,,300.0,-1.8015,116.1475
1648,1214.0,KAB. BONDOWOSO,Tapen,Masjid Nurul Huda,http://simas.kemenag.go.id/index.php/profil/masjid/201157/,01.3.16.11.10.000033,Masjid Besar,Ds Tapen Rt 02/01,500 m2,Wakaf,400 m2,1960.0,> 200,8,8,7,5,,,400.0,-7.8568,113.9308
1649,1215.0,KAB. PASAMAN BARAT,Luhak Nan Duo,Masjid Nurul Iman,http://simas.kemenag.go.id/index.php/profil/masjid/201073/,01.3.03.12.10.000032,Masjid Besar,Kampung II Mahakarya Nagari Koto Baru,1.000 m2,Wakaf,500 m2,1983.0,150 - 200,1,1,1,60,081266001355,,500.0,-0.9551,100.3696
1650,1216.0,KAB. TAKALAR,Mangarabombang,Masjid NURUL HIDAYAH,http://simas.kemenag.go.id/index.php/profil/masjid/201070/,01.3.26.05.02.000021,Masjid Besar,LINGKUNGAN TAMALATE KELURAHAN MANGADU,-,Wakaf,-,9999.0,> 200,-,-,-,-,,,0.0,-5.1463,119.4001
1651,1217.0,KAB. GARUT,Bayongbong,Masjid AL-IKHLASH,http://simas.kemenag.go.id/index.php/profil/masjid/201067/,01.3.13.05.17.000096,Masjid Besar,JL. RAYA BAYONGBONG NO. 117 BAYONGBONG GARUT 44162,3.200 m2,Wakaf,500 m2,1982.0,> 200,7,7,4,50,,,1000.0,-7.2636,107.8359
1652,1218.0,KAB. TAKALAR,Galesong,Masjid NURUL YAQIEN GALESONG,http://simas.kemenag.go.id/index.php/profil/masjid/201064/,01.3.26.05.09.000029,Masjid Besar,JL. KARAENG BONTOMARANNU,1.287 m2,Wakaf,506 m2,1887.0,> 200,5,20,5,15,085242704446,,1200.0,-5.3203,119.3658
1653,1219.0,KAB. MUSI BANYUASIN,Lais,Masjid Al-Uulaa,http://simas.kemenag.go.id/index.php/profil/masjid/200891/,01.3.06.06.02.000031,Masjid Besar,Ds. I Desa Teluk Kijing I,82.322 m2,Wakaf,360 m2,1950.0,> 200,8,15,12,20,082175362349,,800.0,-2.991,104.7574
1654,1220.0,KOTA PALEMBANG,Seberang Ulu II,Masjid Al-Hidayah,http://simas.kemenag.go.id/index.php/profil/masjid/200815/,01.3.06.12.03.000004,Masjid Besar,Jl. Tangga Takat Rt. 17 Kel. Tangga Takat,-,Wakaf,2.433 m2,1986.0,100 - 150,2,-,-,-,,,250.0,-1.8015,116.1475
1655,1221.0,KAB. JEMBER,Mayang,Masjid AL-BAITUL MA`MUN,http://simas.kemenag.go.id/index.php/profil/masjid/200638/,01.3.16.09.26.000067,Masjid Besar,JL. ARGOPURO NO.01 MAYANG,400 m2,Girik,120 m2,1945.0,> 200,20,7,8,50,0331591578 / 081235128333,,200.0,-7.2892,112.7344
1656,1222.0,KAB. BATANGHARI,Batin XXIV,Masjid Al-Mukaromah,http://simas.kemenag.go.id/index.php/profil/masjid/200628/,01.3.05.04.04.000029,Masjid Besar,Muara jangga,2.500 m2,Wakaf,550 m2,2000.0,> 200,2,2,2,30,-,,200.0,-1.8495,103.0412
1657,1223.0,KAB. KEDIRI,Tarokan,Masjid Nurul Huda,http://simas.kemenag.go.id/index.php/profil/masjid/200398/,01.3.16.06.20.000096,Masjid Besar,Becek Kalirong,1.000 m2,Wakaf,300 m2,1950.0,50 - 100,3,5,2,10,,,100.0,-1.8015,116.1475
1658,1224.0,KOTA BALIKPAPAN,Balikpapan Barat,Masjid Jami' Al-Ulaa,http://simas.kemenag.go.id/index.php/profil/masjid/200297/,01.3.23.07.02.000013,Masjid Besar,Jl. Letjend. Suprapto RT. 05 No. 1 Baru Ulu,-,Wakaf,-,1942.0,150 - 200,-,-,-,-,081253081858,,0.0,-1.8015,116.1475
1659,1225.0,KAB. AGAM,Banuhampu,Masjid Agung,http://simas.kemenag.go.id/index.php/profil/masjid/200292/,01.3.03.06.06.000009,Masjid Besar,Aia Kaciak,1.400 m2,Wakaf,675 m2,1983.0,50 - 100,2,1,1,40,085375840875,,300.0,-1.8015,116.1475
1660,1226.0,KAB. BOGOR,Ciawi,Masjid Baiturrahmah,http://simas.kemenag.go.id/index.php/profil/masjid/200289/,01.3.13.01.24.000008,Masjid Besar,Kp Seuseupan Kaum RT 04/07,500 m2,Wakaf,500 m2,1968.0,> 200,2,2,3,15,,,300.0,-6.6625,106.8548
1661,1227.0,KOTA BALIKPAPAN,Balikpapan Utara,Masjid Darussalam,http://simas.kemenag.go.id/index.php/profil/masjid/200008/,01.3.23.07.03.000016,Masjid Besar,Jl.Soekarno Hatta RT.026 Muara Rapak,-,Wakaf,-,1960.0,150 - 200,-,-,-,-,,,0.0,-0.5022,117.1538
1662,1228.0,KAB. SOPPENG,Marioriawa,Masjid RIYADH AL- SHALIHIN,http://simas.kemenag.go.id/index.php/profil/masjid/199954/,01.3.26.12.05.000049,Masjid Besar,"TANETE, KEL. MANORANG SALO, KEC. MARIORIAWA",1.922 m2,Wakaf,827 m2,1958.0,50 - 100,1,2,2,20,-,,750.0,-1.8015,116.1475
1663,1229.0,KAB. AGAM,Sungai Pua,Masjid RAYA LIMO SUKU,http://simas.kemenag.go.id/index.php/profil/masjid/199693/,01.3.03.06.12.000001,Masjid Besar,KAMPUANG SURAU BATU JORONG LIMO SUKU NAGARI SUNGAI PUA,1.200 m2,Girik,1.100 m2,1927.0,50 - 100,1,1,1,40,081363963571,,800.0,-0.3509,100.4112
1664,1230.0,KAB. JEMBER,Pakusari,Masjid BAITURRAHMAN,http://simas.kemenag.go.id/index.php/profil/masjid/199684/,01.3.16.09.24.000029,Masjid Besar,Jl. dsn. Krajan ds. Sumberpinang,891 m2,Wakaf,169 m2,1960.0,50 - 100,7,5,5,-,085100401877,,170.0,-8.1486,113.7637
1665,1231.0,KOTA BALIKPAPAN,Balikpapan Tengah,Masjid Al-Ihsan,http://simas.kemenag.go.id/index.php/profil/masjid/199632/,01.3.23.07.04.000005,Masjid Besar,Jl. A. Yani Gn. Sari Ilir,-,Wakaf,-,1973.0,> 200,-,-,-,-,085246330345,,0.0,-1.8015,116.1475
1666,1232.0,KOTA BALIKPAPAN,Balikpapan Selatan,Masjid Al-Ikhlas,http://simas.kemenag.go.id/index.php/profil/masjid/199472/,01.3.23.07.05.000041,Masjid Besar,Stalkuda RT.9 Damai Bahagia,-,Wakaf,-,1985.0,100 - 150,-,-,-,-,,,0.0,-1.8015,116.1475
1667,1233.0,KOTA BALIKPAPAN,Balikpapan Selatan,Masjid Al-Aman,http://simas.kemenag.go.id/index.php/profil/masjid/199448/,01.3.23.07.05.000032,Masjid Besar,Jl.MT. Haryono Rt. 34 Damai,-,Wakaf,-,1990.0,50 - 100,-,-,-,-,081350655669,,0.0,-1.8015,116.1475
1668,1234.0,KAB. LAMPUNG TENGAH,Selagai Lingga,Masjid Nurul Huda,http://simas.kemenag.go.id/index.php/profil/masjid/199367/,01.3.08.02.20.000015,Masjid Besar,Dusun satu kampung Negeriagung,815 m2,Wakaf,191 m2,1967.0,100 - 150,2,2,3,-,,,200.0,-5.2424,104.3075
1669,1235.0,KAB. BOLAANG MONGONDOW SELATAN,Posigadan,Masjid Nurul Huda,http://simas.kemenag.go.id/index.php/profil/masjid/199191/,01.3.24.11.02.000011,Masjid Besar,Desa Momalia 1,600 m2,Wakaf,400 m2,1965.0,> 200,1,6,-,-,,,800.0,0.3226,123.5757
1670,1236.0,KAB. TEGAL,Balapulang,Masjid AL-MUJAHIDIN,http://simas.kemenag.go.id/index.php/profil/masjid/199166/,01.3.14.28.04.000010,Masjid Besar,DESA BALAPULANG WETAN,2.150 m2,Wakaf,1.000 m2,1925.0,50 - 100,4,10,2,25,085786231088,,1500.0,-7.0532,109.1025
1671,1237.0,KAB. SIAK,Sungai Mandau,Masjid Nurul Hikmah,http://simas.kemenag.go.id/index.php/profil/masjid/199078/,01.3.04.08.05.000023,Masjid Besar,Desa Muara Kelantan,3.003 m2,Wakaf,506 m2,2007.0,50 - 100,2,2,3,-,-,,250.0,-1.8015,116.1475
1672,1238.0,KAB. BENGKAYANG,Bengkayang,Masjid Besar Jami Babussalam,http://simas.kemenag.go.id/index.php/profil/masjid/199053/,01.3.20.07.04.000002,Masjid Besar,Jl.Jalan Masjid Jami Kel. Bumi Emas,917 m2,Wakaf,400 m2,1993.0,> 200,17,17,6,20,,,0.0,0.8173,109.4789
1673,1239.0,KOTA PALEMBANG,Ilir Barat II,Masjid Al-Maghfiroh,http://simas.kemenag.go.id/index.php/profil/masjid/199031/,01.3.06.12.01.000007,Masjid Besar,Jl.Rambutan N0.6 Kel.30 Ilir,900 m2,SHM,750 m2,1979.0,> 200,1,4,2,25,-,,1000.0,-1.8015,116.1475
1674,1240.0,KOTA PALEMBANG,Ilir Barat II,Masjid Raya Taqwa,http://simas.kemenag.go.id/index.php/profil/masjid/199013/,01.3.06.12.01.000006,Masjid Besar,Jl.Telaga Kel.30 Ilir,1.000 m2,SHM,850 m2,1985.0,> 200,4,4,2,40,-,,1000.0,-1.8015,116.1475
1675,1241.0,KAB. TAKALAR,Galesong Selatan,Masjid NURUL IMAN,http://simas.kemenag.go.id/index.php/profil/masjid/198934/,01.3.26.05.05.000011,Masjid Besar,PATTINGALLOANG SELATAN DESA BONTOKASSI,1.200 m2,Wakaf,196 m2,1960.0,> 200,4,4,-,-,,,300.0,-5.1463,119.4001
1676,1242.0,KOTA BALIKPAPAN,Balikpapan Timur,Masjid Ad-Dien,http://simas.kemenag.go.id/index.php/profil/masjid/198855/,01.3.23.07.01.000005,Masjid Besar,Jl. Mulawarman RT. 20 Balikpapan Timur,-,Wakaf,-,1969.0,> 200,-,-,-,-,,,0.0,-1.8015,116.1475
1677,1243.0,KAB. WAJO,Belawa,Masjid Darussalam,http://simas.kemenag.go.id/index.php/profil/masjid/198822/,01.3.26.13.07.000001,Masjid Besar,JL.K.H. Abdul Malik Kelurahan Belawa,10.000 m2,Wakaf,6.757 m2,1947.0,50 - 100,1,48,5,20,,,500.0,-4.1454,120.0316
1678,1244.0,KAB. OKU TIMUR,Bunga Mayang,Masjid Al-  Mukmin,http://simas.kemenag.go.id/index.php/profil/masjid/198760/,01.3.06.08.11.000027,Masjid Besar,Dusun III Marga Suka Baru,-,Wakaf,-,0.0,50 - 100,3,4,5,6,,,100.0,-1.8015,116.1475
1679,1245.0,KAB. TULUNGAGUNG,Rejotangan,Masjid Al-Khoir,http://simas.kemenag.go.id/index.php/profil/masjid/198671/,01.3.16.04.13.000006,Masjid Besar,Dsn. Pundensari RT 02 RW 03 Desa/Kec. Rejotangan Kabupaten Tulungagung,3.350 m2,Wakaf,625 m2,1917.0,> 200,5,5,4,50,081252249817,,500.0,-8.1236,112.081
1680,1246.0,KAB. OKU TIMUR,Jayapura,Masjid NURUL ISLAM,http://simas.kemenag.go.id/index.php/profil/masjid/198648/,01.3.06.08.16.000035,Masjid Besar,DESA BUNGA MAYANG KECAMATAN JAYAPURA,9.467 m2,Wakaf,306 m2,1984.0,> 200,2,5,5,50,,,500.0,-1.8015,116.1475
1681,1247.0,KAB. BANDUNG,Margahayu,Masjid Besar KUA,http://simas.kemenag.go.id/index.php/profil/masjid/198590/,01.3.13.04.05.000158,Masjid Besar,Jl. Sukamenak Gg. Sukaluyu RT 06 RW 13 Desa Sayati,840 m2,Wakaf,256 m2,1997.0,100 - 150,3,3,2,20,-,,200.0,-1.8015,116.1475
1682,1248.0,KAB. TULUNGAGUNG,Ngunut,Masjid Al-Falah,http://simas.kemenag.go.id/index.php/profil/masjid/198385/,01.3.16.04.11.000003,Masjid Besar,Jl. Stasiun Lk. 06 Ds./Kec. Ngunut Kabupaten Tulungagung,1.448 m2,Wakaf,520 m2,1803.0,> 200,3,13,10,26,082140288437,,500.0,-8.1039,112.0113
1683,1249.0,KAB. JEMBER,Kencong,Masjid AL-FALAH,http://simas.kemenag.go.id/index.php/profil/masjid/198321/,01.3.16.09.02.000039,Masjid Besar,JALAN DIPONEGORO DESA KENCONG,1.600 m2,Wakaf,750 m2,1949.0,> 200,8,9,8,20,085236295325,,4000.0,-8.2744,113.3692
1684,1250.0,KAB. BOGOR,Leuwisadeng,Masjid Al-Ijtihad,http://simas.kemenag.go.id/index.php/profil/masjid/198283/,01.3.13.01.39.000010,Masjid Besar,Kp. Paku Rt. 02/03 Desa Sadeng,1.520 m2,SHM,400 m2,1991.0,150 - 200,6,6,-,-,081316624870/08118172240,,620.0,-6.5665,106.5879
1685,1251.0,KAB. LINGGA,Lingga,Masjid DAARUL HIKMAH,http://simas.kemenag.go.id/index.php/profil/masjid/198244/,01.3.10.04.02.000031,Masjid Besar,"JL. ENGKU AMAN KELANG, SAWAH INDAH",-,Wakaf,-,1980.0,50 - 100,4,4,-,-,,,500.0,-0.1532,104.6053
1686,1252.0,KAB. WAKATOBI,Wangi-Wangi,Masjid Al-Muqarabin,http://simas.kemenag.go.id/index.php/profil/masjid/197850/,01.3.27.07.01.000006,Masjid Besar,Jalan Jend. A  YANI,1.074 m2,Wakaf,-,1928.0,150 - 200,5,50,4,45,,,0.0,-3.9696,122.5879
1687,1253.0,KAB. BEKASI,Cabangbungin,Masjid AL-MUKHLISIN,http://simas.kemenag.go.id/index.php/profil/masjid/197703/,01.3.13.16.16.000001,Masjid Besar,KP.TAPAK SERANG DESA LENGGAHJAYA KEC.CABANGBUNGIN KAB.BEKASI,1.928 m2,Wakaf,-,1992.0,150 - 200,2,10,5,100,,,0.0,-6.9152,107.6035
1688,1254.0,KAB. BANTUL,Pundong,Masjid AL-BAROKAH,http://simas.kemenag.go.id/index.php/profil/masjid/197671/,01.3.15.02.04.000057,Masjid Besar,PIRING SRIHARDONO PUNDONG BANTUL DIY 55771,250 m2,Wakaf,215 m2,1968.0,> 200,2,4,2,50,-,,300.0,-1.8015,116.1475
1689,1255.0,KAB. SIJUNJUNG,Sijunjung,Masjid Al-Ikhlas,http://simas.kemenag.go.id/index.php/profil/masjid/197627/,01.3.03.03.02.000015,Masjid Besar,Jorong Pasar Nagari Sijunjung,1.000 m2,Wakaf,400 m2,1981.0,> 200,2,4,3,-,,,500.0,-0.9551,100.3696
1690,1256.0,KAB. TEGAL,Bumijiwa,Masjid AL-MUTTAQIN,http://simas.kemenag.go.id/index.php/profil/masjid/197625/,01.3.14.28.02.000015,Masjid Besar,DESA.BUMIJAWA RT.05 RW.02 KEC.BUMIJAWA,2.000 m2,Wakaf,600 m2,1997.0,100 - 150,5,5,5,100,,,1000.0,-6.9714,110.4255
1691,1257.0,KAB. BARITO TIMUR,Raren Batuah,Masjid RIYADUSSHALIHIN,http://simas.kemenag.go.id/index.php/profil/masjid/197586/,01.3.21.13.08.000005,Masjid Besar,PURI,-,Wakaf,-,1982.0,100 - 150,-,-,-,-,,,360.0,-1.2112,115.3812
1692,1258.0,KAB. BANYUASIN,Tungkal Ilir,Masjid Raudatul Jannah,http://simas.kemenag.go.id/index.php/profil/masjid/197522/,01.3.06.07.15.000013,Masjid Besar,Ds. Sidomulyo Rt.01 Rw.01,500 m2,Wakaf,400 m2,1982.0,> 200,4,4,3,27,,,300.0,-2.7675,104.7876
1693,1259.0,KAB. BANYUASIN,Rambutan,Masjid Al-Muttaqin,http://simas.kemenag.go.id/index.php/profil/masjid/197515/,01.3.06.07.06.000036,Masjid Besar,Dusun III. Desa Sungai II,500 m2,Wakaf,400 m2,1981.0,> 200,5,5,5,25,,,400.0,-2.7675,104.8865
1694,1260.0,KAB. BANYUASIN,Muara Telang,Masjid Muamabittaqwa,http://simas.kemenag.go.id/index.php/profil/masjid/197512/,01.3.06.07.08.000028,Masjid Besar,Kec.Muara telang,500 m2,Wakaf,400 m2,1984.0,> 200,5,4,4,25,,,300.0,-2.6358,104.9084
1695,1261.0,KAB. BANYUASIN,Muara Sugihan,Masjid At-Taqwa,http://simas.kemenag.go.id/index.php/profil/masjid/197508/,01.3.06.07.13.000030,Masjid Besar,Ds. Tirta Harja Rt.4 Dusun 1,500 m2,Wakaf,400 m2,1985.0,> 200,3,2,4,30,,,400.0,-2.4821,105.0128
1696,1262.0,KAB. BANYUASIN,Muara Padang,Masjid Al- Muttaqin,http://simas.kemenag.go.id/index.php/profil/masjid/197507/,01.3.06.07.07.000009,Masjid Besar,Jl.Poros Ds. Sumber Makmur Rt.17,500 m2,Wakaf,400 m2,1987.0,> 200,5,5,3,30,,,300.0,-2.8114,104.458
1697,1263.0,KAB. BANYUASIN,Betung,Masjid Al- Muhajirin,http://simas.kemenag.go.id/index.php/profil/masjid/197495/,01.3.06.07.05.000048,Masjid Besar,Jl.Palembang-Betung Km.63 No.1,500 m2,Wakaf,350 m2,1984.0,> 200,5,5,5,30,,,300.0,-2.3724,103.9526
1698,1264.0,KAB. BANYUASIN,Banyuasin,Masjid Sabilul Huda,http://simas.kemenag.go.id/index.php/profil/masjid/197491/,01.3.06.07.01.000013,Masjid Besar,Jl. Dr. Rivai Abdullah Mariana,500 m2,Wakaf,400 m2,1984.0,> 200,5,5,5,30,,,400.0,-3.0308,104.8425
1699,1265.0,KAB. BANYUASIN,Talang Kelapa,Masjid Al- Muhajirin,http://simas.kemenag.go.id/index.php/profil/masjid/197487/,01.3.06.07.10.000034,Masjid Besar,Jl. Palembang-Betung Km.16,450 m2,Wakaf,400 m2,1980.0,> 200,2,5,5,30,,,300.0,-2.7894,104.5679
1700,1266.0,KAB. TEGAL,Dukuhwaru,Masjid DARUS SALAM,http://simas.kemenag.go.id/index.php/profil/masjid/197407/,01.3.14.28.18.000013,Masjid Besar,DESA DUKUHWARU RT 03 RW 07,400 m2,Wakaf,400 m2,1935.0,> 200,4,4,4,15,,,600.0,-1.8015,116.1475
1701,1267.0,KAB. BALANGAN,Lampihong,Masjid At-Taqwa,http://simas.kemenag.go.id/index.php/profil/masjid/197351/,01.3.22.11.05.000001,Masjid Besar,Lampihong Kanan Kecamatan Lampihong,824 m2,Wakaf,-,1952.0,> 200,5,5,-,-,,,200.0,-1.8015,116.1475
1702,1268.0,KAB. BARITO TIMUR,Paku,Masjid JIHADUL AKBAR,http://simas.kemenag.go.id/index.php/profil/masjid/197230/,01.3.21.13.09.000003,Masjid Besar,PATUNG,-,Wakaf,-,1972.0,100 - 150,-,-,-,-,,,480.0,-1.4445,115.3125
1703,1269.0,KAB. BARITO TIMUR,Karusen Janang,Masjid NURUL HUDA,http://simas.kemenag.go.id/index.php/profil/masjid/197077/,01.3.21.13.10.000002,Masjid Besar,LAGAN,-,Wakaf,-,1987.0,50 - 100,-,-,-,-,,,400.0,-2.5864,114.8322
1704,1270.0,KAB. LUWU,Belopa,Masjid Nurul Ikhwan,http://simas.kemenag.go.id/index.php/profil/masjid/197038/,01.3.26.17.07.000008,Masjid Besar,Lingkungan Senga Kel.Senga,1.876 m2,SHM,324 m2,1978.0,50 - 100,2,1,1,-,081342329494,,500.0,-5.1463,119.4001
1705,1271.0,KAB. BOYOLALI,Cepogo,Masjid BAITURROHMAH,http://simas.kemenag.go.id/index.php/profil/masjid/197037/,01.3.14.09.03.000148,Masjid Besar,"SUKABUMI, RT.08/02, SUKABUMI, CEPOGO, BOYOLALI",375 m2,Wakaf,199 m2,1989.0,150 - 200,5,5,5,80,,,250.0,-1.8015,116.1475
1706,1272.0,KAB. BENGKAYANG,Ledo,Masjid Darul Fikri,http://simas.kemenag.go.id/index.php/profil/masjid/197022/,01.3.20.07.03.000012,Masjid Besar,Jl. Raya Ledo  dusu ledo Desa Lesa Bela,-,Wakaf,-,1999.0,> 200,-,-,-,-,,,0.0,-1.8015,116.1475
1707,1273.0,KAB. BARITO TIMUR,Banua Lima,Masjid AL-IRSAD,http://simas.kemenag.go.id/index.php/profil/masjid/196985/,01.3.21.13.02.000002,Masjid Besar,DESA BAGOK,-,Wakaf,-,1993.0,150 - 200,-,-,-,-,,,0.0,-2.4904,114.8648
1708,1274.0,KAB. BARITO TIMUR,Awang,Masjid DARUL KHAIRAT,http://simas.kemenag.go.id/index.php/profil/masjid/196973/,01.3.21.13.04.000001,Masjid Besar,WUNGKUR NANAKAN,-,Wakaf,-,1998.0,150 - 200,-,-,-,-,,,0.0,-2.1192,114.85
1709,1275.0,KAB. BARITO TIMUR,Paju Epat,Masjid NURUL ISLAM,http://simas.kemenag.go.id/index.php/profil/masjid/196957/,01.3.21.13.07.000001,Masjid Besar,DESA TAMPU LANGIT,-,Wakaf,-,1940.0,150 - 200,-,-,-,-,,,600.0,-2.1281,115.0076
1710,1276.0,KAB. JEMBER,Umbulsari,Masjid BAITUL RIDLO,http://simas.kemenag.go.id/index.php/profil/masjid/196863/,01.3.16.09.05.000009,Masjid Besar,JL.PAHLAWAN NO.19 DSN KRAJAN DS.UMBULSARI KEC.UMBULSARI,1.965 m2,Wakaf,300 m2,1950.0,> 200,5,6,5,60,081559917122,-,1000.0,-8.2613,113.4472
1711,1277.0,KAB. JENEPONTO,Bangkala Barat,Masjid Babul Hidayah,http://simas.kemenag.go.id/index.php/profil/masjid/196751/,01.3.26.04.06.000057,Masjid Besar,Botong Tallua Bulujaya,210 m2,Wakaf,110 m2,1962.0,100 - 150,2,1,1,15,-,,140.0,-5.7472,119.6631
1712,1278.0,KAB. JENEPONTO,Binamu,Masjid Nurul Iman,http://simas.kemenag.go.id/index.php/profil/masjid/196744/,01.3.26.04.03.000011,Masjid Besar,Bontosunggu Kel. Empoang,1.891 m2,SHM,440 m2,1940.0,> 200,2,2,2,-,-,,450.0,-5.5722,119.9268
1713,1279.0,KAB. JENEPONTO,Batang,Masjid Besar Hidatullah,http://simas.kemenag.go.id/index.php/profil/masjid/196736/,01.3.26.04.04.000010,Masjid Besar,"Jl. Poros Jeneponto-Bantaeng
Togo-Togo",1.891 m2,SHM,440 m2,1940.0,> 200,3,2,2,25,-,,300.0,-5.3098,119.8389
1714,1280.0,KAB. MUSI BANYUASIN,Sanga Desa,Masjid Nurul Iman,http://simas.kemenag.go.id/index.php/profil/masjid/196696/,01.3.06.06.05.000003,Masjid Besar,Jl. Kabupaten Kel. Ngulak Kec. Sanga Desa,80 m2,Wakaf,20 m2,1932.0,> 200,15,15,15,20,081373676244,,700.0,-1.8015,116.1475
1715,1281.0,KAB. LAMPUNG TENGAH,Bangun Rejo,Masjid Jami' Al-Muttaqin,http://simas.kemenag.go.id/index.php/profil/masjid/196686/,01.3.08.02.02.000005,Masjid Besar,Dusun 09 Kampung Bangunrejo,1.550 m2,Wakaf,170 m2,1965.0,> 200,2,5,3,50,-,,400.0,-5.144,105.0331
1716,1282.0,KAB. TELUK BINTUNI,Bintuni,Masjid Akbar Al-Muttaqin,http://simas.kemenag.go.id/index.php/profil/masjid/196575/,01.3.33.09.01.000005,Masjid Besar,Kampung Lama,3.000 m2,Wakaf,1.225 m2,2010.0,> 200,3,-,-,-,082199456535,,37.0,-1.8015,116.1475
1717,1283.0,KAB. DHARMASRAYA,Koto Baru,Masjid Al- Ikhlas,http://simas.kemenag.go.id/index.php/profil/masjid/196506/,01.3.03.10.01.000037,Masjid Besar,Subarang Piruko,340 m2,Wakaf,255 m2,1942.0,50 - 100,1,1,1,-,,,250.0,-1.8015,116.1475
1718,1284.0,KAB. SINTANG,Ketungau Tengah,Masjid Al-Istiqomah,http://simas.kemenag.go.id/index.php/profil/masjid/196498/,01.3.20.05.05.000001,Masjid Besar,Merakai,619 m2,Wakaf,149 m2,1992.0,50 - 100,-,-,-,-,,,0.0,-0.0225,109.3303
1719,1285.0,KAB. DHARMASRAYA,Tiumang,Masjid AL-Huda,http://simas.kemenag.go.id/index.php/profil/masjid/196462/,01.3.03.10.08.000017,Masjid Besar,Sungai Kalang,3.120 m2,Wakaf,360 m2,1977.0,50 - 100,1,1,1,-,,,300.0,-1.8015,116.1475
1720,1286.0,KAB. SINTANG,Ketungau Hilir,Masjid Nurul Iman,http://simas.kemenag.go.id/index.php/profil/masjid/196412/,01.3.20.05.04.000002,Masjid Besar,Ketungau,1.337 m2,Wakaf,236 m2,1998.0,50 - 100,-,-,-,-,,,0.0,-1.8015,116.1475
1721,1287.0,KAB. SINTANG,Ambalau,Masjid Al-Mukhlisin,http://simas.kemenag.go.id/index.php/profil/masjid/196398/,01.3.20.05.11.000001,Masjid Besar,Kemangai,293 m2,Wakaf,150 m2,1998.0,50 - 100,-,-,-,-,,,0.0,-1.8015,116.1475
1722,1288.0,KAB. JENEPONTO,Tamalatea,Masjid Nurul Jihad,http://simas.kemenag.go.id/index.php/profil/masjid/196373/,01.3.26.04.02.000042,Masjid Besar,Tanetea Kel. Bontotangnga,600 m2,Wakaf,550 m2,1967.0,50 - 100,-,-,-,-,,,0.0,-5.4848,119.751
1723,1289.0,KAB. SINTANG,Nanga Serawai,Masjid Baiturrahman,http://simas.kemenag.go.id/index.php/profil/masjid/196350/,01.3.20.05.10.000001,Masjid Besar,Sinar Kodotu,520 m2,Wakaf,144 m2,1967.0,50 - 100,-,-,-,-,,,0.0,-1.8015,116.1475
1724,1290.0,KAB. JENEPONTO,Rumbia,Masjid Al-Kautsar,http://simas.kemenag.go.id/index.php/profil/masjid/196308/,01.3.26.04.10.000001,Masjid Besar,Dusun Ramba Desa Rumbia,-,Wakaf,625 m2,2004.0,150 - 200,3,10,-,-,-,,200.0,-6.8828,119.9268
1725,1291.0,KAB. BONDOWOSO,Wringin,Masjid AT-TAQWA,http://simas.kemenag.go.id/index.php/profil/masjid/196272/,01.3.16.11.12.000001,Masjid Besar,Wringin RT. 02,750 m2,Wakaf,575 m2,1920.0,> 200,5,5,2,7,,,800.0,-7.8204,113.7582
1726,1292.0,KAB. BALANGAN,Awayan,Masjid Darul Abrar,http://simas.kemenag.go.id/index.php/profil/masjid/196234/,01.3.22.11.03.000001,Masjid Besar,Desa Awayan Hilir Kecamatan Awayan,2.046 m2,Wakaf,874 m2,1932.0,> 200,7,7,-,-,,,300.0,-3.327,114.5895
1727,1293.0,KAB. SINTANG,Sepauk,Masjid Al-Falah,http://simas.kemenag.go.id/index.php/profil/masjid/196118/,01.3.20.05.03.000001,Masjid Besar,Tanjung Ria,400 m2,Wakaf,168 m2,1974.0,50 - 100,-,-,-,-,,,0.0,-0.0225,109.3303
1728,1294.0,KAB. LEBAK,Maja,Masjid Al-Mubaroqah,http://simas.kemenag.go.id/index.php/profil/masjid/196100/,01.3.12.02.13.000018,Masjid Besar,Kp. Maja  Ds. Maja Lama,400 m2,Wakaf,200 m2,1940.0,50 - 100,4,4,3,15,,,350.0,-6.3318,106.3976
1729,1295.0,KAB. LEBAK,Gunungkencana,Masjid AL-QUDSIYYAH,http://simas.kemenag.go.id/index.php/profil/masjid/196010/,01.3.12.02.08.000001,Masjid Besar,ALUN-ALUN GUNUNGKENCANA DESA GUNUNGKENCANA,600 m2,Wakaf,300 m2,1948.0,100 - 150,5,5,5,-,087806727628,,250.0,-6.1216,106.1527
1730,1296.0,KAB. TAKALAR,Polombangkeng Utara,Masjid NURUL JIHAD,http://simas.kemenag.go.id/index.php/profil/masjid/196007/,01.3.26.05.04.000018,Masjid Besar,PALLEKO KEL PALLEKO,1.400 m2,Wakaf,675 m2,2004.0,> 200,3,30,-,-,,,300.0,-1.8015,116.1475
1731,1297.0,KAB. SINTANG,Binjai Hulu,Masjid Al-Huda,http://simas.kemenag.go.id/index.php/profil/masjid/195996/,01.3.20.05.14.000001,Masjid Besar,Mensiku,650 m2,Wakaf,500 m2,1991.0,50 - 100,-,-,-,-,,,0.0,-1.8015,116.1475
1732,1298.0,KAB. PINRANG,Paleteang,Masjid Mustaqim,http://simas.kemenag.go.id/index.php/profil/masjid/195939/,01.3.26.15.11.000001,Masjid Besar,Paleteang I Kec.Paleteang,1.205 m2,Wakaf,418 m2,1912.0,100 - 150,1,3,1,-,085397897327,,125.0,-3.7794,119.6356
1733,1299.0,KAB. MAMASA,Messawa,Masjid Nur -AlTaqwa,http://simas.kemenag.go.id/index.php/profil/masjid/195789/,01.3.29.03.07.000001,Masjid Besar,Jl Poros Polewali Mamasa Km 36 Messawa,655 m2,Wakaf,121 m2,1971.0,150 - 200,1,1,1,10,082347289510,,250.0,-2.6866,118.868
1734,1300.0,KAB. SANGGAU,Mukok,Masjid Al-Khair,http://simas.kemenag.go.id/index.php/profil/masjid/195773/,01.3.20.03.02.000001,Masjid Besar,Desa Kedukul,-,Wakaf,144 m2,1995.0,50 - 100,2,3,-,-,,,100.0,-0.0225,109.3303
1735,1301.0,KAB. SANGGAU,Noyan,Masjid ASY-SYAKIRIN,http://simas.kemenag.go.id/index.php/profil/masjid/195713/,01.3.20.03.03.000001,Masjid Besar,Jalan Raya Noyan,459 m2,Wakaf,80 m2,1984.0,50 - 100,6,6,2,15,,,200.0,0.7672,110.5782
1736,1302.0,KAB. SANGGAU,Entikong,Masjid Al-Istiqomah,http://simas.kemenag.go.id/index.php/profil/masjid/195676/,01.3.20.03.15.000001,Masjid Besar,Jalan Kuari Entikong,1.600 m2,Wakaf,484 m2,1980.0,50 - 100,2,5,-,-,,,300.0,-0.0225,109.3303
1737,1303.0,KAB. PINRANG,Lembang,Masjid Jami Syuhada,http://simas.kemenag.go.id/index.php/profil/masjid/195530/,01.3.26.15.07.000001,Masjid Besar,Tuppu Kel. Tadokkong Kec. Lembang kab. Pinrang,1.760 m2,SHM,625 m2,1960.0,50 - 100,1,1,2,20,,Masjid Jami Syuhada adalah mas…,800.0,-3.5237,119.5141
1738,1304.0,KAB. SUMEDANG,Sukasari,Masjid AL-MUHAJIRIN,http://simas.kemenag.go.id/index.php/profil/masjid/195479/,01.3.13.11.12.000022,Masjid Besar,GRIYA JATINANGOR I DESA SUKARAPIH KECAMATAN SUKASARI,168 m2,Wakaf,120 m2,1997.0,> 200,6,6,3,30,085353595389,,700.0,-6.9152,107.6035
1739,1305.0,KAB. MUSI BANYUASIN,Sungai Keruh,Masjid At-Taqwa,http://simas.kemenag.go.id/index.php/profil/masjid/195464/,01.3.06.06.03.000007,Masjid Besar,Dusun 01 Desa Talang Mandung,15 m2,Wakaf,10 m2,1973.0,50 - 100,2,4,4,10,085220361803,,150.0,-1.8015,116.1475
1740,1306.0,KAB. SUMEDANG,Ujungjaya,Masjid Al-Falah,http://simas.kemenag.go.id/index.php/profil/masjid/195461/,01.3.13.11.25.000030,Masjid Besar,Dusun Ujungjaya RT 2 RW 1 No 35 Desa Ujungjaya,1.230 m2,Wakaf,800 m2,1962.0,> 200,7,4,4,40,"H Tata Nata, Sp 082116830423",,750.0,-47.0318,83.4987
1741,1307.0,KAB. GORONTALO UTARA,Anggrek,Masjid Baitul Hamdi,http://simas.kemenag.go.id/index.php/profil/masjid/195370/,01.3.28.05.03.000003,Masjid Besar,Dusun Timuata Desa Ilangata Kecamatan Anggrek Kab. Gorontalalo Utara Orov. Gorontalo,675 m2,Wakaf,427 m2,1961.0,50 - 100,3,6,2,-,,,608.0,0.5502,123.0717
1742,1308.0,KAB. BEKASI,Cikarang Barat,Masjid Al-Hidayah,http://simas.kemenag.go.id/index.php/profil/masjid/195246/,01.3.13.16.08.000001,Masjid Besar,Jl. Imam Bonjol RT 02 RW 01 Kel. Telaga Asih,2.279 m2,Wakaf,985 m2,1978.0,> 200,5,7,4,50,08176300978,,2000.0,-6.2735,107.1026
1743,1309.0,KAB. BONDOWOSO,Curahdamai,Masjid Al-Ikram,http://simas.kemenag.go.id/index.php/profil/masjid/195057/,01.3.16.11.07.000002,Masjid Besar,Ds. Curahdami,4.000 m2,Wakaf,575 m2,1900.0,> 200,7,10,6,25,,,1000.0,-7.9102,113.7908
1744,1310.0,KAB. BUTON,Pasarwajo,Masjid Nurul Yaqin,http://simas.kemenag.go.id/index.php/profil/masjid/194948/,01.3.27.04.07.000004,Masjid Besar,Kelk. Kambula Bulana Kec. Pasarwajo Kab. Buton,432 m2,Girik,144 m2,1999.0,50 - 100,1,8,2,-,,,300.0,-3.9696,122.5879
1745,1311.0,KAB. LINGGA,Selayar,Masjid AT-TAQWA,http://simas.kemenag.go.id/index.php/profil/masjid/194947/,01.3.10.04.08.000006,Masjid Besar,DESA PENUBA,1.372 m2,Wakaf,425 m2,1962.0,50 - 100,4,3,-,-,082284817886/h.zakaria,,600.0,-0.3029,104.4433
1746,1312.0,KAB. TASIKMALAYA,Padakembang,Masjid Al-Irsyad,http://simas.kemenag.go.id/index.php/profil/masjid/194937/,01.3.13.06.29.000041,Masjid Besar,Cisemplo Cikasasahgirang Desa Mekarjaya,-,Wakaf,-,1980.0,> 200,7,8,5,100,,,800.0,-6.9152,107.6035
1747,1313.0,KAB. BANTUL,Kasihan,Masjid Dakwah,http://simas.kemenag.go.id/index.php/profil/masjid/194720/,01.3.15.02.16.000008,Masjid Besar,Padokan kidul Tirtonirmolo,950 m2,SHM,400 m2,1967.0,> 200,-,-,-,-,081328795546,,0.0,-1.8015,116.1475
1748,1314.0,KAB. INDRAMAYU,Anjatan,Masjid Baeturrohman,http://simas.kemenag.go.id/index.php/profil/masjid/194606/,01.3.13.12.23.000008,Masjid Besar,Anjatan Utara,830 m2,Wakaf,425 m2,1952.0,> 200,-,10,-,-,,,540.0,-1.8015,116.1475
1749,1315.0,KAB. FAK FAK,Fak-Fak,Masjid Al-Munawwarah,http://simas.kemenag.go.id/index.php/profil/masjid/194478/,01.3.33.01.01.000007,Masjid Besar,"Jl. Pelopor, Kel. Fakfak Utara, Distrik Kec.Fakfak, Kab.Fakfak",440 m2,Girik,1.000 m2,1997.0,> 200,2,-,2,50,082238288696,Masjid Al-Munawwarah adalah pe…,900.0,-2.9252,132.3044
1750,1316.0,KAB. INDRAMAYU,Cantigi,Masjid At-Thohirul Anwar,http://simas.kemenag.go.id/index.php/profil/masjid/194359/,01.3.13.12.17.000005,Masjid Besar,Desa Panyingkiran Kidul,400 m2,Wakaf,340 m2,1956.0,50 - 100,2,4,-,-,,,200.0,-1.8015,116.1475
1751,1317.0,KAB. INDRAMAYU,Karangampel,Masjid DARUSSALAM,http://simas.kemenag.go.id/index.php/profil/masjid/194074/,01.3.13.12.10.000005,Masjid Besar,Jl. Raya Selatan Desa Karangampel Kidul,3.680 m2,Wakaf,1.024 m2,1960.0,100 - 150,4,10,-,-,,,3000.0,-1.8015,116.1475
1752,1318.0,KAB. BUNGO,Batin II Babeko,Masjid Al-Muhajirin,http://simas.kemenag.go.id/index.php/profil/masjid/193924/,01.3.05.08.10.000005,Masjid Besar,Simpang Babeko,1.200 m2,Wakaf,270 m2,1983.0,100 - 150,3,4,2,30,,,500.0,-1.6258,102.832
1753,1319.0,KOTA JAMBI,Telanaipura,Masjid Nurul Ihsan,http://simas.kemenag.go.id/index.php/profil/masjid/193829/,01.3.05.10.01.000025,Masjid Besar,RT. 02 .Kelurahan Pematang Sulur,1.300 m2,Wakaf,500 m2,1982.0,> 200,6,6,4,-,,,600.0,-1.7572,102.9242
1754,1320.0,KAB. BEKASI,Kedung Waringin,Masjid AL-ISTIQOMAH,http://simas.kemenag.go.id/index.php/profil/masjid/193664/,01.3.13.16.12.000017,Masjid Besar,KP. KAPEK DESA MEKARJAYA,275 m2,Wakaf,30 m2,1990.0,50 - 100,4,4,1,1,,,200.0,-1.8015,116.1475
1755,1321.0,KAB. BEKASI,Kedung Waringin,Masjid AL-MUQORROBIN,http://simas.kemenag.go.id/index.php/profil/masjid/193657/,01.3.13.16.12.000016,Masjid Besar,KP. CEBONG DESA MEKARJAYA,1.300 m2,Wakaf,350 m2,1950.0,50 - 100,4,4,1,1,,,350.0,-1.8015,116.1475
1756,1322.0,KAB. BEKASI,Kedung Waringin,Masjid AL-HIDAYAH,http://simas.kemenag.go.id/index.php/profil/masjid/193654/,01.3.13.16.12.000015,Masjid Besar,KP. BABAKAN DESA MEKARJAYA,808 m2,Wakaf,400 m2,1948.0,50 - 100,4,4,1,1,,,300.0,-1.8015,116.1475
1757,1323.0,KAB. BEKASI,Kedung Waringin,Masjid SABILUL HUDA,http://simas.kemenag.go.id/index.php/profil/masjid/193651/,01.3.13.16.12.000014,Masjid Besar,KP. RAWA KUDA DESA KARANGHARUM,1.123 m2,Wakaf,400 m2,1950.0,50 - 100,4,4,1,1,,,350.0,-1.8015,116.1475
1758,1324.0,KAB. BEKASI,Kedung Waringin,Masjid MIFTAHUSSA'ADAH,http://simas.kemenag.go.id/index.php/profil/masjid/193650/,01.3.13.16.12.000013,Masjid Besar,KP. KENDAYAKAN DESA KARANGSAMBUNG,250 m2,Wakaf,100 m2,1993.0,50 - 100,4,4,1,1,,,250.0,-1.8015,116.1475
1759,1325.0,KAB. BEKASI,Kedung Waringin,Masjid NURUL HUDA,http://simas.kemenag.go.id/index.php/profil/masjid/193648/,01.3.13.16.12.000012,Masjid Besar,KP. RENGAS BANDUNG DESA KARANGSAMBUNG,788 m2,Wakaf,225 m2,1975.0,50 - 100,4,4,1,1,,,200.0,-1.8015,116.1475
1760,1326.0,KAB. BEKASI,Kedung Waringin,Masjid NURUL IMAN,http://simas.kemenag.go.id/index.php/profil/masjid/193647/,01.3.13.16.12.000011,Masjid Besar,KP. BULAK BUNUT DESA KARANGSAMBUNG,100 m2,Wakaf,30 m2,1990.0,50 - 100,4,4,1,1,,,250.0,-1.8015,116.1475
1761,1327.0,KAB. BEKASI,Kedung Waringin,Masjid HIKMATUSSA'ADAH,http://simas.kemenag.go.id/index.php/profil/masjid/193645/,01.3.13.16.12.000010,Masjid Besar,KP. RENGAS BANDUNG DESA KARANGSAMBUNG,397 m2,Wakaf,100 m2,1990.0,50 - 100,4,4,1,1,,,350.0,-1.8015,116.1475
1762,1328.0,KAB. BEKASI,Kedung Waringin,Masjid HIKMATUSSA'ADAH,http://simas.kemenag.go.id/index.php/profil/masjid/193644/,01.3.13.16.12.000009,Masjid Besar,KP. RENGAS BANDUNG DESA KARANGSAMBUNG,397 m2,Wakaf,100 m2,1990.0,50 - 100,4,4,1,1,,,350.0,-1.8015,116.1475
1763,1329.0,KAB. BEKASI,Kedung Waringin,Masjid AL-BARKAH,http://simas.kemenag.go.id/index.php/profil/masjid/193641/,01.3.13.16.12.000008,Masjid Besar,KP. PASANGGRAHAN DESA KARANGSAMBUNG,357 m2,Wakaf,100 m2,1986.0,50 - 100,4,4,1,1,,,200.0,-1.8015,116.1475
1764,1330.0,KAB. BEKASI,Kedung Waringin,Masjid AL-HIDAYAH,http://simas.kemenag.go.id/index.php/profil/masjid/193640/,01.3.13.16.12.000007,Masjid Besar,KP. KOSAMBI DESA WARINGINJAYA,300 m2,Wakaf,50 m2,1990.0,50 - 100,4,4,1,1,,,300.0,-1.8015,116.1475
1765,1331.0,KAB. BEKASI,Kedung Waringin,Masjid HIDAYATUL MUTTAQIN,http://simas.kemenag.go.id/index.php/profil/masjid/193637/,01.3.13.16.12.000006,Masjid Besar,KP. KEPUH DESA WARINGINJAYA,117 m2,Wakaf,100 m2,1990.0,50 - 100,4,4,1,1,,,200.0,-1.8015,116.1475
1766,1332.0,KAB. BEKASI,Kedung Waringin,Masjid NURUL BAYAN,http://simas.kemenag.go.id/index.php/profil/masjid/193635/,01.3.13.16.12.000005,Masjid Besar,KP. BALEKER DESA WARINGINJAYA,6.365 m2,Wakaf,225 m2,1950.0,50 - 100,4,4,1,1,,,250.0,-1.8015,116.1475
1767,1333.0,KAB. BEKASI,Kedung Waringin,Masjid ANNUR,http://simas.kemenag.go.id/index.php/profil/masjid/193633/,01.3.13.16.12.000004,Masjid Besar,KP. PACING DESA WARINGINJAYA,704 m2,Wakaf,180 m2,1967.0,50 - 100,4,4,1,1,,,350.0,-6.9152,107.6035
1768,1334.0,KAB. BEKASI,Kedung Waringin,Masjid NURUL  YAQIN,http://simas.kemenag.go.id/index.php/profil/masjid/193632/,01.3.13.16.12.000003,Masjid Besar,KP. KRAMAT KW DESA KEDUNGWARINGIN,500 m2,Girik,48 m2,1980.0,50 - 100,4,4,1,1,,,110.0,-1.8015,116.1475
1769,1335.0,KAB. BEKASI,Kedung Waringin,Masjid AL-Wutsqo,http://simas.kemenag.go.id/index.php/profil/masjid/193630/,01.3.13.16.12.000002,Masjid Besar,Jl. Kedunggede Desa Kedungwaringin,953 m2,Wakaf,180 m2,1948.0,50 - 100,4,4,1,1,,,350.0,-6.9152,107.6035
1770,1336.0,KAB. JEMBER,Sumbersari,Masjid AL-ISTIQOMAH,http://simas.kemenag.go.id/index.php/profil/masjid/193446/,01.3.16.09.21.000064,Masjid Besar,JALAM MAHONI RT/RW 001/006 WIROLEGI SUMBERSARI,1.554 m2,Wakaf,1.000 m2,1942.0,> 200,12,10,10,50,082333414242,,500.0,-8.1543,113.8033
1771,1337.0,KAB. DONGGALA,Labuan,Masjid AL-ISTIQAMAH,http://simas.kemenag.go.id/index.php/profil/masjid/193403/,01.3.25.03.04.000012,Masjid Besar,"JL. Mangga (JL. Trans Palu - Toli Toli) No. 56 Dusun Laiba Desa Labuan Lelea, Kec. Labuan, Kab. Donggala, Prov. Sulawesi Tengah.",700 m2,Wakaf,144 m2,1965.0,50 - 100,1,-,2,30,081343610179 (Samsir) &amp; 085398694164 (Aditya),,160.0,-0.6862,119.8338
1772,1338.0,KOTA PRABUMULIH,Prabumulih Timur,Masjid NURUL JANNAH,http://simas.kemenag.go.id/index.php/profil/masjid/193114/,01.3.06.15.02.000028,Masjid Besar,Rt.1 Rw.3 Kel. Karang Jaya Kec. Prabumulih timur,1.600 m2,Wakaf,360 m2,2007.0,150 - 200,12,10,11,25,085268394693/081373571129,,500.0,-1.8015,116.1475
1773,1339.0,KAB. BANTUL,Kretek,Masjid AL-IRFAN,http://simas.kemenag.go.id/index.php/profil/masjid/193087/,01.3.15.02.03.000048,Masjid Besar,TEGALSARI DONOTIRTO KRETEK BANTUL DIY,2.000 m2,SHM,350 m2,1970.0,> 200,3,5,2,35,,,600.0,-7.9788,110.3157
1774,1340.0,KAB. KUNINGAN,Kuningan,Masjid AL-FALAH,http://simas.kemenag.go.id/index.php/profil/masjid/192996/,01.3.13.08.09.000066,Masjid Besar,KEL.CIJOHO,850 m2,Wakaf,750 m2,1945.0,> 200,2,5,2,43,,,1500.0,-6.9692,108.4913
1775,1341.0,KAB. BUNGO,Tanah Sepenggal Lintas,Masjid Nurus Syuhada,http://simas.kemenag.go.id/index.php/profil/masjid/192557/,01.3.05.08.17.000001,Masjid Besar,Rt.01 Dusun Embacang Gedang,2.500 m2,Wakaf,400 m2,2008.0,150 - 200,2,2,2,100,,,800.0,-1.3975,102.0239
1776,1342.0,KAB. MUARO JAMBI,Mestong,Masjid Miftahurrahman,http://simas.kemenag.go.id/index.php/profil/masjid/192510/,01.3.05.05.05.000079,Masjid Besar,RT. 11 Ds. Sebapo,3.759 m2,Wakaf,144 m2,1990.0,50 - 100,2,2,1,20,,,1000.0,-1.8015,116.1475
1777,1343.0,KAB. TEBO,Sumay,Masjid Nurul Yaqin,http://simas.kemenag.go.id/index.php/profil/masjid/192502/,01.3.05.09.05.000001,Masjid Besar,Desa Teluk Singkawang Kec. Sumay Kab. Tebo,625 m2,Wakaf,400 m2,1938.0,> 200,1,1,1,3,,,800.0,0.0,0.0
1778,1344.0,KAB. TEBO,VII Koto,Masjid Nurul Iman,http://simas.kemenag.go.id/index.php/profil/masjid/192492/,01.3.05.09.06.000005,Masjid Besar,Desa Tanjung Kec VII Koto,2.500 m2,Wakaf,400 m2,2500.0,150 - 200,1,1,1,-,,,500.0,-1000.0,1000.0
1779,1345.0,KAB. MERANGIN,Bangko,Masjid Al-Hidayah Pancasila,http://simas.kemenag.go.id/index.php/profil/masjid/192490/,01.3.05.02.02.000030,Masjid Besar,RT. 06 RW. 04 Kel. Pematang Kandis,2.500 m2,SHM,300 m2,1989.0,> 200,1,1,1,-,,,400.0,-2.0603,102.2769
1780,1346.0,KAB. KERINCI,Keliling Danau,Masjid Raya,http://simas.kemenag.go.id/index.php/profil/masjid/192486/,01.3.05.01.07.000003,Masjid Besar,Desa pasar Jujun,3.600 m2,Wakaf,-,1959.0,> 200,2,2,2,-,,,700.0,-2.1802,101.5065
1781,1347.0,KAB. BUNGO,Pelepat,Masjid Baitur Rahman,http://simas.kemenag.go.id/index.php/profil/masjid/192480/,01.3.05.08.06.000001,Masjid Besar,Rantau Keloyang,400 m2,Wakaf,225 m2,1968.0,50 - 100,2,4,4,35,,,800.0,-1.6258,102.832
1782,1348.0,KAB. BUNGO,Rantau Pandan,Masjid Al-fallah,http://simas.kemenag.go.id/index.php/profil/masjid/192413/,01.3.05.08.02.000001,Masjid Besar,Jl.Masjid Al fallah Ds.Rantau Pandan,2.400 m2,Wakaf,625 m2,1968.0,> 200,2,2,2,50,085272154147,,1000.0,-1.494,102.832
1783,1349.0,KAB. SUKABUMI,Cidadap,Masjid Miftahul Izzah,http://simas.kemenag.go.id/index.php/profil/masjid/192232/,01.3.13.02.44.000108,Masjid Besar,Kp. Cibarengkok RT 02/01 Ds. Padasenang,-,Wakaf,-,0.0,> 200,-,-,-,-,,,0.0,-7.2702,106.9413
1784,1350.0,KAB. KUBU RAYA,Kuala Mandor B,Masjid Al-Munir,http://simas.kemenag.go.id/index.php/profil/masjid/192081/,01.3.20.12.02.000008,Masjid Besar,Parit Cahaya Baru Laut,-,Wakaf,750 m2,1917.0,> 200,6,6,5,12,,,300.0,-1.8015,116.1475
1785,1351.0,KAB. PURWAKARTA,Jatiluhur,Masjid At-Taqwa,http://simas.kemenag.go.id/index.php/profil/masjid/191990/,01.3.13.14.03.000015,Masjid Besar,Desa Cilegong Kecamatan Jatiluhur Kabupaten Purwakarta,145 m2,Wakaf,145 m2,1994.0,100 - 150,5,5,4,150,,,200.0,-6.5366,107.4189
1786,1352.0,KAB. INDRAMAYU,Indramayu,Masjid Al-Ittihad,http://simas.kemenag.go.id/index.php/profil/masjid/191956/,01.3.13.12.15.000037,Masjid Besar,Jl. Kembar Komplek Islamic Center Desa Pekandangan,1.430 m2,SHM,298 m2,1995.0,50 - 100,1,12,4,35,,,500.0,-6.3519,108.323
1787,1353.0,KAB. INDRAMAYU,Patrol,Masjid BAITUR ROHMAH,http://simas.kemenag.go.id/index.php/profil/masjid/191870/,01.3.13.12.31.000001,Masjid Besar,DESA PATROL KEC: PATROL INDRMAYU,960 m2,Wakaf,409 m2,1930.0,> 200,3,12,14,31,0234 611180,,1000.0,-6.9152,107.6035
1788,1354.0,KAB. DONGGALA,Banawa,Masjid Nurul Iman,http://simas.kemenag.go.id/index.php/profil/masjid/191834/,01.3.25.03.03.000010,Masjid Besar,Jl. Banawa Km. 2  Kel.Maleni,625 m2,Wakaf,400 m2,1950.0,> 200,1,1,2,10,081245304744,,500.0,-0.8984,119.8591
1789,1355.0,KAB. BANDUNG,Nagreg,Masjid al-muhajirin,http://simas.kemenag.go.id/index.php/profil/masjid/191691/,01.3.13.04.15.000036,Masjid Besar,jl raya nagreg kp taman mekar rt 4 rw 15 desa citaman,900 m2,Wakaf,875 m2,2013.0,> 200,-,-,-,-,,,1000.0,-6.9152,107.6035
1790,1356.0,KAB. BANDUNG,Pacet,Masjid AL-ITTIHAD,http://simas.kemenag.go.id/index.php/profil/masjid/191674/,01.3.13.04.19.000139,Masjid Besar,JL. RAYA PACET-MAJALAYA DESA CIPEUJEUH KEC. PACET,500 m2,Wakaf,300 m2,2000.0,> 200,2,20,2,-,,,500.0,-6.9152,107.6035
1791,1357.0,KAB. BANDUNG,Cilengkrang,"Masjid AL, BAROKAH",http://simas.kemenag.go.id/index.php/profil/masjid/191489/,01.3.13.04.03.000089,Masjid Besar,JL.PASIR JATI  KECAMATAN CILENGKRANG,140 m2,Wakaf,140 m2,1998.0,150 - 200,5,5,4,-,,,160.0,-6.9072,107.6958
1792,1358.0,KAB. CIAMIS,Baregbeg,Masjid AT-TAQWA,http://simas.kemenag.go.id/index.php/profil/masjid/191376/,01.3.13.07.32.000076,Masjid Besar,Dsn. Baregbeg Desa Baregbeg,-,Wakaf,-,1980.0,100 - 150,-,-,-,-,,,200.0,-6.9152,107.6035
1793,1359.0,KAB. PURWAKARTA,Kiarapedes,Masjid Al- Barokah,http://simas.kemenag.go.id/index.php/profil/masjid/191250/,01.3.13.14.17.000016,Masjid Besar,Kp. Ciloji RT. 05/ 01 Desa Kiarapedes,200 m2,Wakaf,124 m2,1996.0,50 - 100,4,5,4,6,087879832101,,400.0,-1.8015,116.1475
1794,1360.0,KAB. LANDAK,Sebangki,Masjid Miftahus Sa'adah,http://simas.kemenag.go.id/index.php/profil/masjid/191042/,01.3.20.08.10.000001,Masjid Besar,"Dusun Rantau Panjang, Desa Rantau Panjang",435 m2,Wakaf,100 m2,1989.0,50 - 100,3,3,5,25,0,,200.0,-1.8015,116.1475
1795,1361.0,KAB. LANDAK,Meranti,Masjid Silaturrahim,http://simas.kemenag.go.id/index.php/profil/masjid/190969/,01.3.20.08.08.000001,Masjid Besar,Dusun Meranti Hulu Desa Meranti,580 m2,Wakaf,121 m2,1962.0,> 200,5,4,5,30,081345905020,,600.0,-0.0225,109.3303
1796,1362.0,KAB. WAJO,Sajoanging,Masjid Nurul - Iman,http://simas.kemenag.go.id/index.php/profil/masjid/190852/,01.3.26.13.04.000001,Masjid Besar,Kelurahan Akajeng,3.650 m2,Wakaf,750 m2,1981.0,50 - 100,1,1,1,9,,,150.0,-4.1317,120.0352
1797,1363.0,KOTA PALU,Palu Barat,Masjid Al-Hidayah,http://simas.kemenag.go.id/index.php/profil/masjid/190840/,01.3.25.11.02.000024,Masjid Besar,Jl. Kedondong,1.690 m2,SHM,1.540 m2,1952.0,> 200,2,3,2,35,,,500.0,-0.8962,119.8507
1798,1364.0,KAB. LINGGA,Singkep Pesisir,Masjid AL-MUKMINUN,http://simas.kemenag.go.id/index.php/profil/masjid/190719/,01.3.10.04.06.000001,Masjid Besar,"JL. RAYA LANJUT, RT.02/ RW.02",-,Wakaf,288 m2,2013.0,50 - 100,3,5,7,30,,,300.0,-0.4182,104.3661
1799,1365.0,KAB. TASIKMALAYA,Pagerageung,Masjid AL-RIDLO,http://simas.kemenag.go.id/index.php/profil/masjid/190678/,01.3.13.06.38.000081,Masjid Besar,Pagerageung Kidul.rt.03/04 Kec.pagerageung Kab. Tasikmalaya,2.150 m2,Wakaf,816 m2,1934.0,> 200,6,4,4,3,-,,1.0,-6.9152,107.6035
1800,1366.0,KAB. CIREBON,Arjawinangun,Masjid Besar Fadlullah,http://simas.kemenag.go.id/index.php/profil/masjid/190626/,01.3.13.09.24.000002,Masjid Besar,RT 01/RW 01 Desa Arjawinangun,3.500 m2,Wakaf,2.500 m2,1910.0,> 200,-,-,-,-,-,,2000.0,-1.8015,116.1475
1801,1367.0,KAB. KUNINGAN,Cibeureum,Masjid AL&quot; ISTIQOMAH,http://simas.kemenag.go.id/index.php/profil/masjid/190586/,01.3.13.08.28.000003,Masjid Besar,Jalan Raya Cibeureum - Cibingbin,400 m2,Girik,306 m2,1961.0,50 - 100,3,8,5,15,081546437991,,400.0,-7.0501,108.7235
1802,1368.0,KAB. INDRAMAYU,Trisi,Masjid BAITURROHMAT,http://simas.kemenag.go.id/index.php/profil/masjid/190556/,01.3.13.12.26.000031,Masjid Besar,RT 02 RW 04 Blok Terisi Desa Rajasinga Kec.Terisi,2.000 m2,Wakaf,800 m2,1900.0,50 - 100,3,6,4,100,,,1500.0,-6.4781,108.1564
1803,1369.0,KAB. KONAWE SELATAN,Tinanggea,Masjid Nurul Huda,http://simas.kemenag.go.id/index.php/profil/masjid/190334/,01.3.27.05.01.000017,Masjid Besar,"Jl.Abd Silondae,Kec.Tinanggea",675 m2,Wakaf,360 m2,1969.0,150 - 200,3,10,-,-,,,700.0,-4.4618,122.226
1804,1370.0,KAB. CIREBON,Talun,Masjid An-Nur,http://simas.kemenag.go.id/index.php/profil/masjid/190154/,01.3.13.09.14.000014,Masjid Besar,Perumahan Cempaka Arum Desa Cempaka Talun,700 m2,Wakaf,600 m2,1991.0,> 200,5,15,4,20,0231 320452,,1500.0,-1.8015,116.1475
1805,1371.0,KAB. SUKOHARJO,Mojolaban,Masjid NUR HADI,http://simas.kemenag.go.id/index.php/profil/masjid/190056/,01.3.14.11.08.000146,Masjid Besar,"TRIYAGAN 05/01 TRIYAGAN,MOJOLABAN",500 m2,Wakaf,670 m2,1985.0,50 - 100,5,6,3,-,,,450.0,-1.8015,116.1475
1806,1372.0,KAB. SUKOHARJO,Mojolaban,Masjid ROHMAH,http://simas.kemenag.go.id/index.php/profil/masjid/190055/,01.3.14.11.08.000145,Masjid Besar,"JOHO LOR 01/05 TRIYAGAN,MOJOLABAN",500 m2,Wakaf,450 m2,1990.0,50 - 100,5,5,2,-,,,400.0,-1.8015,116.1475
1807,1373.0,KAB. KUNINGAN,Mandirancan,Masjid As-Salam,http://simas.kemenag.go.id/index.php/profil/masjid/190054/,01.3.13.08.14.000015,Masjid Besar,Jln. Pramuka No.1 Dusun Manis RT 04 RW 01 Desa Mandirancan,658 m2,Wakaf,576 m2,1895.0,50 - 100,6,10,5,-,085224812978,,700.0,-6.8087,108.468
1808,1374.0,KAB. SUKOHARJO,Mojolaban,Masjid muttaqin,http://simas.kemenag.go.id/index.php/profil/masjid/190039/,01.3.14.11.08.000139,Masjid Besar,"oro tengah rt3 rw3,triyagan ,mojolaban ,sukoharjo",500 m2,Wakaf,300 m2,1990.0,50 - 100,3,6,2,-,,,300.0,-6.9714,110.4255
1809,1375.0,KOTA SUKABUMI,Warudoyong,Masjid Al-Faizin,http://simas.kemenag.go.id/index.php/profil/masjid/189885/,01.3.13.19.04.000053,Masjid Besar,Koleberes Rt. 01/17,297 m2,Wakaf,260 m2,1926.0,50 - 100,4,4,3,50,081563594355,,200.0,-6.9408,106.9151
1810,1376.0,KAB. TAKALAR,Mappakasunggu,Masjid NURUL IMAN,http://simas.kemenag.go.id/index.php/profil/masjid/189847/,01.3.26.05.01.000013,Masjid Besar,DUSUN PATANI DESA PATANI,500 m2,Wakaf,300 m2,1955.0,50 - 100,1,6,5,5,,,90.0,-1.8015,116.1475
1811,1377.0,KAB. KUNINGAN,Ciwaru,Masjid Al-Mujahidin,http://simas.kemenag.go.id/index.php/profil/masjid/189763/,01.3.13.08.04.000025,Masjid Besar,Desa Ciwaru,463 m2,Girik,386 m2,1919.0,> 200,2,10,2,15,,,500.0,-7.077,108.6269
1812,1378.0,KOTA KEDIRI,Pesantren,Masjid AL-FALAH,http://simas.kemenag.go.id/index.php/profil/masjid/189729/,01.3.16.30.03.000082,Masjid Besar,JL. MAUNI N0 123 BANGSAL,900 m2,Wakaf,695 m2,1917.0,> 200,5,5,4,44,,,1000.0,-1.8015,116.1475
1813,1379.0,KAB. LANDAK,Mempawah Hulu,Masjid Nurul Bustanul jannah,http://simas.kemenag.go.id/index.php/profil/masjid/189672/,01.3.20.08.02.000001,Masjid Besar,Dusun Karya Jaya Desa Karangan,3.230 m2,Wakaf,256 m2,1955.0,> 200,12,12,9,50,0,,500.0,-1.8015,116.1475
1814,1380.0,KAB. LANDAK,Air Besar,Masjid Nurul Yaqin,http://simas.kemenag.go.id/index.php/profil/masjid/189519/,01.3.20.08.05.000001,Masjid Besar,Serimbu,-,Wakaf,-,1995.0,50 - 100,3,4,3,20,0,,50.0,-1.8015,116.1475
1815,1381.0,KAB. PURWAKARTA,Campaka,Masjid Al-Muawanah,http://simas.kemenag.go.id/index.php/profil/masjid/189287/,01.3.13.14.02.000002,Masjid Besar,Kp. Kaum RT. 001 Desa Campaka,1.200 m2,Wakaf,290 m2,1966.0,> 200,3,5,4,12,+6281909542516,,400.0,-6.5098,107.4821
1816,1382.0,KAB. TASIKMALAYA,Sukaratu,Masjid Nurul Anwar,http://simas.kemenag.go.id/index.php/profil/masjid/189276/,01.3.13.06.31.000001,Masjid Besar,Kp. Kudang RT. 001 RW 002 Desa Sukaratu Kec.Sukaratu,-,Wakaf,15x18,1981.0,50 - 100,-,-,-,-,,,0.0,-1.8015,116.1475
1817,1383.0,KAB. SUKABUMI,Geger Bitung,Masjid al-Barokah,http://simas.kemenag.go.id/index.php/profil/masjid/189204/,01.3.13.02.40.000001,Masjid Besar,Kp. Rancagoong RT 04/06 Desa Gegerbitung,300 m2,Wakaf,100 m2,1975.0,150 - 200,-,-,-,-,,,0.0,-7.007,107.0256
1818,1384.0,KAB. CIAMIS,Sukadana,Masjid Al-Ikhlas,http://simas.kemenag.go.id/index.php/profil/masjid/189137/,01.3.13.07.14.000043,Masjid Besar,RT 40 RW 19 Dusun Sukamanah Desa Sukadana,395 m2,Wakaf,99 m2,1985.0,150 - 200,4,4,3,27,081224202680,,160.0,-1.8015,116.1475
1819,1385.0,KAB. SUKABUMI,Sukalarang,Masjid Daarul Falaah,http://simas.kemenag.go.id/index.php/profil/masjid/189009/,01.3.13.02.36.000004,Masjid Besar,Kp. Kadugede RT 03/04 Desa Sukalarang,575 m2,Wakaf,168 m2,0.0,150 - 200,-,-,-,-,(0266) 260058,,0.0,-6.8872,107.0006
1820,1386.0,KAB. BANTUL,Pleret,Masjid Sultan Agung,http://simas.kemenag.go.id/index.php/profil/masjid/188923/,01.3.15.02.13.000082,Masjid Besar,Keputren Pleret Pleret Bantul,800 m2,Wakaf,160 m2,1980.0,50 - 100,5,5,5,45,-,,150.0,-1.8015,116.1475
1821,1387.0,KAB. LUWU TIMUR,Nuha,Masjid AL-IKHWAN,http://simas.kemenag.go.id/index.php/profil/masjid/188828/,01.3.26.20.02.000001,Masjid Besar,DESA. MAGANI,1.500 m2,Wakaf,900 m2,1980.0,100 - 150,1,2,2,10,,,1500.0,-2.5096,121.3028
1822,1388.0,KAB. LUWU TIMUR,Kalaena,Masjid AL-MUTTAQIN,http://simas.kemenag.go.id/index.php/profil/masjid/188680/,01.3.26.20.10.000012,Masjid Besar,"KALAENA KIRI, DESA. KALAENA KIRI",2.500 m2,Wakaf,400 m2,1980.0,50 - 100,1,4,1,5,,,1000.0,-2.4712,120.8826
1823,1389.0,KAB. KUBU RAYA,Sungai Raya,Masjid Awwaluddin,http://simas.kemenag.go.id/index.php/profil/masjid/188569/,01.3.20.12.01.000019,Masjid Besar,Jl. Adi Sucipto,-,Wakaf,121 m2,1993.0,100 - 150,4,4,3,8,,,150.0,-1.8015,116.1475
1824,1390.0,KAB. KUBU RAYA,Teluk Pakedai,Masjid At-Taqwa,http://simas.kemenag.go.id/index.php/profil/masjid/188539/,01.3.20.12.08.000038,Masjid Besar,Kp. Arang,-,Wakaf,450 m2,1992.0,150 - 200,4,4,4,8,,perlu verifikasi,200.0,-1.8015,116.1475
1825,1391.0,KAB. TAKALAR,Polombangkeng Selatan,Masjid NURUL JAMI`AH,http://simas.kemenag.go.id/index.php/profil/masjid/188441/,01.3.26.05.03.000001,Masjid Besar,LINGKUNGAN BONTONGAPE KEL. PA`BUNDUKANG,2.400 m2,SHM,875 m2,1986.0,150 - 200,1,8,-,-,085397395579,,1000.0,-5.1463,119.4001
1826,1392.0,KAB. PURWAKARTA,Pondoksalam,Masjid BAITUSSYUKUR,http://simas.kemenag.go.id/index.php/profil/masjid/188233/,01.3.13.14.16.000016,Masjid Besar,Kp. Pondoksalam RT. 06/03     DS. Salammulya,1.200 m2,Wakaf,810 m2,1970.0,> 200,4,4,4,100,081293399590,,800.0,0.0,107.0
1827,1393.0,KAB. SUKOHARJO,Mojolaban,Masjid Al-Huda,http://simas.kemenag.go.id/index.php/profil/masjid/188168/,01.3.14.11.08.000118,Masjid Besar,Palur Wetan Rt01 Rw07 Kelurahan Palur,115 m2,Wakaf,115 m2,1992.0,50 - 100,2,5,3,20,,,350.0,-1.8015,116.1475
1828,1394.0,KAB. KUNINGAN,Luragung,Masjid Miftahul Jannah,http://simas.kemenag.go.id/index.php/profil/masjid/188132/,01.3.13.08.06.000001,Masjid Besar,Dusun Manis Rt.02 Rw.02Luragung,500 m2,Girik,298 m2,1989.0,> 200,2,5,1,-,081320678148,,1000.0,-7.0177,108.6373
1829,1395.0,KAB. TASIKMALAYA,Kadipaten,Masjid AL-MUHSINIIN,http://simas.kemenag.go.id/index.php/profil/masjid/188020/,01.3.13.06.37.000060,Masjid Besar,KP. TAGOG  DESA PAMOYANAN,750 m2,Wakaf,400 m2,1956.0,100 - 150,5,5,4,30,-,,200.0,-6.9152,107.6035
1830,1396.0,KAB. TASIKMALAYA,Puspahiang,Masjid NURUL HIDAYAH,http://simas.kemenag.go.id/index.php/profil/masjid/187974/,01.3.13.06.15.000066,Masjid Besar,KP.PADALUYU DESA PUSPAHIANG,1.400 m2,Wakaf,225 m2,1982.0,150 - 200,8,8,4,120,-,,250.0,-6.9152,107.6035
1831,1397.0,KAB. KUNINGAN,Selajambe,Masjid NURUL HUDA,http://simas.kemenag.go.id/index.php/profil/masjid/187723/,01.3.13.08.15.000001,Masjid Besar,DESA SELAJAMBE RT.04 RW.01,420 m2,Wakaf,350 m2,1935.0,> 200,4,14,6,-,081223968501,,300.0,-6.9152,107.6035
1832,1398.0,KAB. SUMBA TIMUR,Pahunga Lodu,Masjid Al-Jihad Kaliuda,http://simas.kemenag.go.id/index.php/profil/masjid/187710/,01.3.19.11.10.000002,Masjid Besar,Desa Kaliuda - Kec. Pahunga Lodu,17.030 m2,Wakaf,600 m2,2000.0,150 - 200,5,2,5,50,,,150.0,-10.1549,118.564
1833,1399.0,KAB. SUMBA TIMUR,Lewa,Masjid Al-Mubarak Lewa,http://simas.kemenag.go.id/index.php/profil/masjid/187625/,01.3.19.11.03.000001,Masjid Besar,Jl. Mataiyang - Pameti Karata - Kel. Lewa Paku - Kec. Lewa,1.257 m2,Wakaf,1.000 m2,2000.0,150 - 200,3,2,5,50,,,100.0,-9.6275,120.1534
1834,1400.0,KAB. SUMBA TIMUR,Umalulu,Masjid Al-Ikhlas Melolo,http://simas.kemenag.go.id/index.php/profil/masjid/187593/,01.3.19.11.08.000001,Masjid Besar,Kel. Lumbukori - Kec. Umalulu,80 m2,Wakaf,75 m2,2000.0,150 - 200,5,5,5,70,,,150.0,-9.8823,120.6635
1835,1401.0,KAB. TUBAN,Rangel,Masjid AL-GHOZALI,http://simas.kemenag.go.id/index.php/profil/masjid/187133/,01.3.16.23.14.000025,Masjid Besar,RENGEL,500 m2,Girik,200 m2,1943.0,> 200,5,5,5,15,,,600.0,-1.8015,116.1475
1836,1402.0,KAB. CIAMIS,Lakbok,Masjid NURUL HUDA,http://simas.kemenag.go.id/index.php/profil/masjid/187041/,01.3.13.07.17.000001,Masjid Besar,SUKANAGARA RT 02/01 DESA SUKANAGARA,3.520 m2,Wakaf,475 m2,1960.0,> 200,14,14,4,40,085223370432,,500.0,-6.9152,107.6035
1837,1403.0,KAB. TAKALAR,Sanrobone,Masjid Baitul Maqdis,http://simas.kemenag.go.id/index.php/profil/masjid/186994/,01.3.26.05.08.000005,Masjid Besar,Dusun Sanrobone Desa Sanrobone,1.080 m2,Wakaf,550 m2,1603.0,> 200,5,5,5,5,,,200.0,-5.3185,119.4641
1838,1404.0,KAB. KUNINGAN,Cipicung,Masjid Al-Hidayah,http://simas.kemenag.go.id/index.php/profil/masjid/186967/,01.3.13.08.21.000014,Masjid Besar,Desa Cipicung,120 m2,Girik,120 m2,1878.0,> 200,2,4,-,-,085295381317,,1000.0,-6.9449,108.5419
1839,1405.0,KAB. PURWAKARTA,Tegalwaru,Masjid BAETURROHMAN,http://simas.kemenag.go.id/index.php/profil/masjid/186888/,01.3.13.14.08.000017,Masjid Besar,Kp. Warungjeruk Rt. 005 / 003 Desa Warungjeruk,600 m2,Wakaf,400 m2,1965.0,100 - 150,4,4,4,50,,,500.0,-6.6568,107.3229
1840,1406.0,KAB. TASIKMALAYA,Parungponteng,Masjid AL-IKHLAS,http://simas.kemenag.go.id/index.php/profil/masjid/186849/,01.3.13.06.07.000017,Masjid Besar,KP. PARUNGPONTENG DESA PARUNGPONTENG,200 m2,Wakaf,120 m2,1912.0,150 - 200,4,5,3,5,081322291398,,200.0,-1.8015,116.1475
1841,1407.0,KAB. MUKO MUKO,Teramang Jaya,Masjid Nurul Muttaqin,http://simas.kemenag.go.id/index.php/profil/masjid/186823/,01.3.07.06.08.000019,Masjid Besar,Desa Pasar Bantal,2.500 m2,SHM,750 m2,1976.0,150 - 200,1,1,1,30,,,150.0,-2.761,101.3326
1842,1408.0,KAB. KUNINGAN,Pasawahan,Masjid Nurul Huda,http://simas.kemenag.go.id/index.php/profil/masjid/186695/,01.3.13.08.19.000001,Masjid Besar,Desa Pasawahan,720 m2,Girik,450 m2,1985.0,> 200,4,7,2,-,,,600.0,-6.7908,108.432
1843,1409.0,KAB. CIAMIS,Banjarsari,Masjid AT-TAQWA,http://simas.kemenag.go.id/index.php/profil/masjid/186689/,01.3.13.07.18.000026,Masjid Besar,DUSUN MEKARSARI RT 18 RW. 04 DESA CIBADAK,-,Wakaf,450 m2,1922.0,> 200,4,4,3,60,,,900.0,-1.8015,116.1475
1844,1410.0,KAB. KARAWANG,Rawamerta,Masjid Ash-Shodiqin,http://simas.kemenag.go.id/index.php/profil/masjid/186347/,01.3.13.15.18.000002,Masjid Besar,Dusun Krajan I Rt. 06 Rw. 03 Desa Sukamerta,1.220 m2,Wakaf,520 m2,1934.0,> 200,5,5,2,40,-,,500.0,-6.9152,107.6035
1845,1411.0,KOTA BANDUNG,Cibeunying Kaler,Masjid PUSDAI JABAR,http://simas.kemenag.go.id/index.php/profil/masjid/186229/,01.3.13.20.18.000030,Masjid Besar,Jl. Diponegoro 63 RT 02/13 Kelurahan Cihaurgeulis,45.000 m2,Wakaf,4.670 m2,1993.0,> 200,2,2,1,-,,,1500.0,-1.8015,116.1475
1846,1412.0,KAB. TASIKMALAYA,Sukaraja,Masjid NURUL IMAN,http://simas.kemenag.go.id/index.php/profil/masjid/186174/,01.3.13.06.17.000028,Masjid Besar,SUKARAJA,-,Wakaf,-,1962.0,50 - 100,-,-,-,-,,,0.0,-1.8015,116.1475
1847,1413.0,KOTA CIMAHI,Cimahi Utara,"Masjid ""Besar Cihanjuang""",http://simas.kemenag.go.id/index.php/profil/masjid/186106/,01.3.13.24.03.000097,Masjid Besar,Jl. Cihanjuang No. 43 Kelurahan Cibabat,980 m2,Wakaf,650 m2,1980.0,50 - 100,4,15,4,10,.,,500.0,-6.8747,107.5516
1848,1414.0,KAB. BANTUL,Sedayu,Masjid Fadlul Karim,http://simas.kemenag.go.id/index.php/profil/masjid/185989/,01.3.15.02.17.000058,Masjid Besar,"Kalakan, Argorejo",200 m2,Girik,100 m2,1986.0,50 - 100,-,-,-,-,085228076061,,0.0,-7.7972,110.3688
1849,1415.0,KAB. KARAWANG,Telagasari,Masjid GHOYATUL JIHAD,http://simas.kemenag.go.id/index.php/profil/masjid/185861/,01.3.13.15.17.000043,Masjid Besar,DSN. PASIRTALAGA I RT. 04/02 DS. PASIRTALAGA,6.700 m2,Wakaf,520 m2,1962.0,150 - 200,-,-,-,-,-,,200.0,-6.2918,107.3847
1850,1416.0,KAB. LUWU TIMUR,Mangkutana,Masjid NURUL YAQIN,http://simas.kemenag.go.id/index.php/profil/masjid/185837/,01.3.26.20.01.000006,Masjid Besar,"WONOREJO, DESA. WONOREJO",700 m2,Wakaf,400 m2,1940.0,50 - 100,1,3,2,5,,,700.0,-2.5013,120.8029
1851,1417.0,KOTA PEKANBARU,Marpoyan Damai,Masjid ARahmat,http://simas.kemenag.go.id/index.php/profil/masjid/185699/,01.3.04.11.09.000024,Masjid Besar,Jln.Nurasiah Gang Nurhuda,450 m2,Wakaf,64 m2,2011.0,50 - 100,2,-,-,-,085271836832,,100.0,0.4443,101.4418
1852,1418.0,KAB. LUWU TIMUR,Burau,Masjid TAQWA,http://simas.kemenag.go.id/index.php/profil/masjid/185561/,01.3.26.20.07.000044,Masjid Besar,"LEPA-LEPA,DESA.BURAU",1.250 m2,Wakaf,750 m2,1959.0,50 - 100,1,1,1,10,,,1500.0,-2.5919,120.7178
1853,1419.0,KOTA BANDUNG,Cibeunying Kaler,Masjid Nurul Iman,http://simas.kemenag.go.id/index.php/profil/masjid/185391/,01.3.13.20.18.000001,Masjid Besar,Jl. Rereng wulung RT 2/11 Kelurahan Sukaluyu,428 m2,Wakaf,668 m2,1974.0,100 - 150,3,3,1,-,,,150.0,-6.9152,107.6035
1854,1420.0,KAB. TUBAN,Montong,Masjid JABAL QONAAH,http://simas.kemenag.go.id/index.php/profil/masjid/185380/,01.3.16.23.10.000001,Masjid Besar,DS. MONTONG SEKAR,6.837 m2,Girik,378 m2,1827.0,100 - 150,5,5,4,13,,,500.0,-7.2892,112.7344
1855,1421.0,KAB. PURWAKARTA,Sukatani,Masjid Al-Barokah,http://simas.kemenag.go.id/index.php/profil/masjid/185054/,01.3.13.14.05.000050,Masjid Besar,KP. Cimuntuk Desa Sukatani,150 m2,Wakaf,144 m2,1960.0,50 - 100,2,2,2,-,,,0.0,-1.8015,116.1475
1856,1422.0,KAB. TASIKMALAYA,Cisayong,Masjid AL-ISTI'LA,http://simas.kemenag.go.id/index.php/profil/masjid/185045/,01.3.13.06.32.000001,Masjid Besar,"KP. CISAYONG,DS. CISAYONG",1.463 m2,Wakaf,336 m2,1955.0,> 200,7,14,5,78,-,,400.0,-7.2573,108.1452
1857,1423.0,KAB. PANGANDARAN,Cigugur,Masjid Syuhada,http://simas.kemenag.go.id/index.php/profil/masjid/185021/,01.3.13.27.04.000005,Masjid Besar,Dusun Palumbungan Rt. 03 Rw. 01 Desa Cigugur,820 m2,Wakaf,32 m2,1955.0,> 200,5,5,5,-,081222871953,,150.0,-1.8015,116.1475
1858,1424.0,KOTA TASIKMALAYA,Tawang,Masjid Muhajirin,http://simas.kemenag.go.id/index.php/profil/masjid/184600/,01.3.13.25.03.000046,Masjid Besar,Jalan Saptamarga No. 3 Kelurahan Cikalang,150 m2,Girik,125 m2,1982.0,> 200,5,5,-,-,08122161999,,500.0,-1.8015,116.1475
1859,1425.0,KAB. MOJOKERTO,Pungging,Masjid MIFTAKHUR ROHMAH,http://simas.kemenag.go.id/index.php/profil/masjid/184455/,01.3.16.16.06.000073,Masjid Besar,DSN. ADISOSO DS. LEBAKSONO,525 m2,Wakaf,360 m2,1973.0,50 - 100,8,12,4,35,085733999596 / 085606067656,,500.0,-7.2892,112.7344
1860,1426.0,KAB. LUWU TIMUR,Tomoni Timur,Masjid At-taqwa,http://simas.kemenag.go.id/index.php/profil/masjid/184407/,01.3.26.20.09.000001,Masjid Besar,MARGO MULYO,996 m2,Wakaf,441 m2,1972.0,50 - 100,2,3,2,10,,,250.0,-2.4492,120.8276
1861,1427.0,KAB. CIAMIS,Cikoneng,Masjid AL-KAUTSAR,http://simas.kemenag.go.id/index.php/profil/masjid/184375/,01.3.13.07.02.000001,Masjid Besar,DSN. PASAR SAPTU 01/04 DS. CIKONENG,560 m2,Wakaf,280 m2,1940.0,> 200,4,5,4,100,085223125850,,700.0,-7.324,108.3478
1862,1428.0,KAB. BANDUNG,Cikancung,Masjid M.B. CIKANCUNG,http://simas.kemenag.go.id/index.php/profil/masjid/184372/,01.3.13.04.16.000026,Masjid Besar,KP. SEKE RT. 01 RW. 08 DESA. CIKASUNGKA,1.852 m2,Wakaf,225 m2,2002.0,> 200,14,14,8,25,,,250.0,-7.0092,107.8241
1863,1429.0,KOTA ADM. JAKARTA PUSAT,Cempaka Putih,Masjid Al-Azhar,http://simas.kemenag.go.id/index.php/profil/masjid/184108/,01.3.11.03.05.000014,Masjid Besar,Jl. Cempaka Putih Barat III No. 25,500 m2,Wakaf,1.000 m2,2000.0,50 - 100,3,2,1,20,021-42874055,Masjid Al Azhar Cempaka Putih …,500.0,-6.1755,106.8622
1864,1430.0,KAB. LANDAK,Menyuke,Masjid Al-Ikhlas,http://simas.kemenag.go.id/index.php/profil/masjid/183858/,01.3.20.08.06.000002,Masjid Besar,Desa Darit,-,Wakaf,-,1995.0,50 - 100,2,2,1,-,0,,100.0,-1.8015,116.1475
1865,1431.0,KAB. GOWA,Parigi,Masjid NURUL SALAM,http://simas.kemenag.go.id/index.php/profil/masjid/183857/,01.3.26.06.17.000004,Masjid Besar,SAMPEANG DESA MAJANNANG,300 m2,Wakaf,192 m2,1969.0,50 - 100,2,6,2,6,,,120.0,-5.1463,119.4001
1866,1432.0,KAB. LANDAK,Mandor,Masjid Baitul Jama'yah,http://simas.kemenag.go.id/index.php/profil/masjid/183728/,01.3.20.08.04.000001,Masjid Besar,Desa Mandor,772 m2,Wakaf,225 m2,2002.0,> 200,9,10,7,45,0,,1000.0,-1.8015,116.1475
1867,1433.0,KAB. KUNINGAN,Nusaherang,Masjid Al-Hidayah,http://simas.kemenag.go.id/index.php/profil/masjid/183258/,01.3.13.08.20.000009,Masjid Besar,Jl. Desa Nusaherang,625 m2,Wakaf,270 m2,1980.0,> 200,4,4,2,50,,,750.0,-6.6952,107.896
1868,1434.0,KAB. CIAMIS,Lumbung,Masjid SABILUL HUDA,http://simas.kemenag.go.id/index.php/profil/masjid/183163/,01.3.13.07.34.000001,Masjid Besar,DUSUN KIDUL RT. 007 RW. 003 DESA LUMBUNG,600 m2,Wakaf,336 m2,1906.0,> 200,4,4,4,75,081323131622,,350.0,-7.3342,108.338
1869,1435.0,KAB. CIAMIS,Pamarican,Masjid BAETUDDZIKRI,http://simas.kemenag.go.id/index.php/profil/masjid/183144/,01.3.13.07.19.000008,Masjid Besar,DUSUN PAMARICAN RT 01 RW 01 DESA PAMARICAN,1.378.125 m2,Wakaf,800 m2,1932.0,100 - 150,6,15,3,40,081323308977,,500.0,-1.8015,116.1475
1870,1436.0,KAB. CIAMIS,Cipaku,Masjid AL-MUNAWAR,http://simas.kemenag.go.id/index.php/profil/masjid/183125/,01.3.13.07.11.000001,Masjid Besar,Dusun Kota Rt. 010 Rw. 001 Desa Buniseuri,2.800 m2,Wakaf,600 m2,1927.0,> 200,6,6,7,60,085211866408,,500.0,-6.9152,107.6035
1871,1437.0,KAB. DONGGALA,Sindue Tombusabora,Masjid DARUTTAQWA,http://simas.kemenag.go.id/index.php/profil/masjid/183014/,01.3.25.03.12.000019,Masjid Besar,JLN. TRANS PALU SABANG DESA TIBO,1.260 m2,Wakaf,576 m2,1978.0,> 200,2,2,2,30,0823 4812 0377,,1031.0,-0.8404,119.7565
1872,1438.0,KAB. CIREBON,Gebang,Masjid BAITUL MU'MININ,http://simas.kemenag.go.id/index.php/profil/masjid/182507/,01.3.13.09.30.000014,Masjid Besar,RT 02 RW 03 DESA GEBANG,800 m2,Girik,500 m2,1990.0,> 200,5,5,3,-,,,350.0,-1.8015,116.1475
1873,1439.0,KAB. JEMBER,Tanggul,Masjid DARUL MUTTAQIN,http://simas.kemenag.go.id/index.php/profil/masjid/182319/,01.3.16.09.06.000001,Masjid Besar,JL. KH. Ags Salim No. 1 Desa Tanggul Kulon,1.000 m2,Wakaf,800 m2,1914.0,150 - 200,11,5,8,45,081336702260,,2000.0,-8.1624,113.4508
1874,1440.0,KAB. BANDUNG BARAT,Cipatat,Masjid RAJAMANDALA,http://simas.kemenag.go.id/index.php/profil/masjid/182157/,01.3.13.17.07.000238,Masjid Besar,JL RAYA RAJAMANDALA KP KAUM 02/11 DESA MANDALASARI KECAMATAN CIPATAT KABUPATEN BANDUNG BARAT,9.500 m2,Wakaf,1.100 m2,1871.0,> 200,5,5,5,15,081394078378,,900.0,-6.9152,107.6035
1875,1441.0,KOTA CIMAHI,Cimahi Selatan,Masjid 'Baiturrohman',http://simas.kemenag.go.id/index.php/profil/masjid/182076/,01.3.13.24.01.000010,Masjid Besar,Jl. Leuwigajah Kelurahan Utama,-,Wakaf,-,1969.0,> 200,-,-,-,-,.,,1000.0,-1.8015,116.1475
1876,1442.0,KAB. DONGGALA,Balaesang Tanjung,Masjid Al-Ikhlas,http://simas.kemenag.go.id/index.php/profil/masjid/182050/,01.3.25.03.16.000001,Masjid Besar,Jl.Poros Labean Manimbaya Desa Malei,3.178 m2,Wakaf,340 m2,1961.0,100 - 150,1,2,2,-,085395363511,,500.0,0.3076,119.9268
1877,1443.0,KAB. DONGGALA,Balaesang,Masjid Al-Amin,http://simas.kemenag.go.id/index.php/profil/masjid/182039/,01.3.25.03.07.000001,Masjid Besar,Jl.H.Dg.Tompo Tambu,931 m2,Wakaf,400 m2,1972.0,100 - 150,1,3,2,-,081341344414,,600.0,-0.4175,119.8828
1878,1444.0,KAB. DONGGALA,Dompelas,Masjid An-Nur,http://simas.kemenag.go.id/index.php/profil/masjid/182032/,01.3.25.03.02.000004,Masjid Besar,Desa Sioyong Dusun II,2.000 m2,SHM,624 m2,1965.0,50 - 100,2,2,1,-,,,100.0,-0.2087,119.8389
1879,1445.0,KOTA BANDUNG,Sumur Bandung,Masjid BAITURRAHMAN,http://simas.kemenag.go.id/index.php/profil/masjid/181599/,01.3.13.20.19.000006,Masjid Besar,JL. PATRAKOMALA No. 31.A RT. 02/04,500 m2,Girik,450 m2,1972.0,150 - 200,3,32,3,20,022-4207711/081322218664,,700.0,-6.9154,107.6188
1880,1446.0,KAB. TAKALAR,Pattallassang,Masjid Besar Nurul Jama'ah,http://simas.kemenag.go.id/index.php/profil/masjid/181518/,01.3.26.05.07.000009,Masjid Besar,Lingkungan Bontomate'ne Kelurahan Bajeng,750 m2,SHM,300 m2,1953.0,50 - 100,3,3,2,-,,,80.0,-5.4079,119.4477
1881,1447.0,KAB. CIREBON,Plumbon,Masjid Muktamarul Huda,http://simas.kemenag.go.id/index.php/profil/masjid/181250/,01.3.13.09.18.000022,Masjid Besar,Blok Pekauman RT 09/ 03 Bodelor,600 m2,Wakaf,400 m2,1988.0,150 - 200,4,5,2,50,08122211394,,350.0,-1.8015,116.1475
1882,1448.0,KAB. KUNINGAN,Cibingbin,Masjid AL-ANWAR,http://simas.kemenag.go.id/index.php/profil/masjid/180878/,01.3.13.08.05.000001,Masjid Besar,Dusun Kliwon Rt.01/01 Ds Cibingbin,1.495 m2,Girik,740 m2,1952.0,> 200,5,10,4,200,,,5000.0,-7.0578,108.7581
1883,1449.0,KOTA BANDUNG,Babakan Ciparay,Masjid AL ISLAH,http://simas.kemenag.go.id/index.php/profil/masjid/180743/,01.3.13.20.03.000002,Masjid Besar,JL CARINGIN RT.02/04 KEL.BABAKAN CIPARAY,217 m2,Wakaf,200 m2,1981.0,150 - 200,4,4,2,50,022-5422485,,250.0,-6.9437,107.5769
1884,1450.0,KAB. SUMBA TIMUR,Kota Waingapu,Masjid At-Taqwa,http://simas.kemenag.go.id/index.php/profil/masjid/180730/,01.3.19.11.01.000002,Masjid Besar,"Kelurahan Kamalaputi, Kec. Kota Waingapu",1.629 m2,Wakaf,-,2000.0,150 - 200,4,4,3,40,,,200.0,-9.6523,120.2456
1885,1451.0,KAB. TABALONG,Tanta,Masjid AN-NOOR,http://simas.kemenag.go.id/index.php/profil/masjid/180587/,01.3.22.09.03.000004,Masjid Besar,TANTA RT 02,2.000 m2,Wakaf,775 m2,1943.0,50 - 100,10,10,10,35,,,250.0,-1.8015,116.1475
1886,1452.0,KAB. JEMBER,Kaliwates,Masjid Raudlatul Muchlisin,http://simas.kemenag.go.id/index.php/profil/masjid/180269/,01.3.16.09.19.000022,Masjid Besar,"Jl. Gajah Mada, RW.10, Kaliwates",9.775 m2,Wakaf,1.500 m2,1978.0,> 200,5,13,5,30,,,1500.0,-8.1779,113.6813
1887,1453.0,KAB. CIREBON,Sumber,Masjid Nur Aswitiyah,http://simas.kemenag.go.id/index.php/profil/masjid/180030/,01.3.13.09.15.000039,Masjid Besar,Blok Pesukunan Rt.02 Rw.04 Kelurahan Kemantren,400 m2,Wakaf,196 m2,1994.0,> 200,4,5,4,15,085225112085,,300.0,-1.8015,116.1475
1888,1454.0,KAB. KARAWANG,Cilebar,Masjid Al-Hidayah,http://simas.kemenag.go.id/index.php/profil/masjid/179912/,01.3.13.15.30.000012,Masjid Besar,Kp.Cilebar 2 Rt.01 Rw.02 Desa Kertamukti Kec.Cilebar Karawang,1.570 m2,Wakaf,340 m2,1955.0,> 200,4,4,4,-,,,0.0,-1.8015,116.1475
1889,1455.0,KAB. KARAWANG,Pedes,Masjid At-Taqwa,http://simas.kemenag.go.id/index.php/profil/masjid/179859/,01.3.13.15.10.000001,Masjid Besar,Kampung pedes II Desa Payungsari,1.200 m2,Girik,300 m2,1970.0,100 - 150,3,5,-,-,-,,300.0,-1.8015,116.1475
1890,1456.0,KAB. AGAM,Tanjung Raya,Masjid RAYA ALKARIM KOTO KACIAK,http://simas.kemenag.go.id/index.php/profil/masjid/179809/,01.3.03.06.03.000002,Masjid Besar,JORONG KOTO KACIAK,120 m2,Wakaf,90 m2,1917.0,50 - 100,1,1,1,40,081374309446,Mewujudkan masyarakat yang taa…,1500.0,-0.9551,100.3696
1891,1457.0,KAB. JEMBER,Panti,Masjid NURUL YAQIN,http://simas.kemenag.go.id/index.php/profil/masjid/179786/,01.3.16.09.14.000017,Masjid Besar,JL.PB.SUDIRMAN 108 PANTI KEC.PANTI JEMBER JAWA TIMUR,1.948 m2,Wakaf,300 m2,1930.0,> 200,10,9,10,25,081249145252,,700.0,-8.1142,113.6125
1892,1458.0,KAB. CIAMIS,Cisaga,Masjid AL-HIDAYAH,http://simas.kemenag.go.id/index.php/profil/masjid/179782/,01.3.13.07.30.000016,Masjid Besar,DUSUN SUKOMENAK DESA MEKARMUKTI KECAMATAN CISAGA,1.265 m2,Wakaf,546 m2,1945.0,50 - 100,4,11,4,1,081320671779,,600.0,-6.9152,107.6035
1893,1459.0,KOTA SURAKARTA,Serengan,Masjid Fatimah,http://simas.kemenag.go.id/index.php/profil/masjid/179556/,01.3.14.31.02.000052,Masjid Besar,Jl. Dr Rajiman No 193 Rt 08/V Jayengan Serengan,800 m2,Wakaf,1.915 m2,2000.0,150 - 200,3,8,-,-,,,800.0,-7.5738,110.8199
1894,1460.0,KAB. LAMPUNG UTARA,Sungkai Utara,Masjid NURUL IMAN,http://simas.kemenag.go.id/index.php/profil/masjid/179431/,01.3.08.03.08.000001,Masjid Besar,DUSUN I DESA NEGARA RATU,2.016 m2,Wakaf,625 m2,1999.0,100 - 150,4,7,-,-,081272210003,,600.0,-4.434,104.8096
1895,1461.0,KAB. CIREBON,Jamblang,"Masjid ""At taufiq """,http://simas.kemenag.go.id/index.php/profil/masjid/179352/,01.3.13.09.40.000012,Masjid Besar,Desa Bojonglor Blok Desa RT 09 RW 03,320 m2,Wakaf,300 m2,1992.0,100 - 150,4,4,4,40,081222320049,,300.0,-1.8015,116.1475
1896,1462.0,KAB. CIAMIS,Purwadadi,Masjid BAETUL MAGFIROH,http://simas.kemenag.go.id/index.php/profil/masjid/179127/,01.3.13.07.35.000020,Masjid Besar,Dsn Ciawitali Rt 09 Rw 03 Desa Purwadadi,1.400 m2,Wakaf,300 m2,1972.0,150 - 200,4,4,4,100,085223046285,,600.0,-1.8015,116.1475
1897,1463.0,KAB. DONGGALA,Sindue Tobata,Masjid AL- IKHWAN,http://simas.kemenag.go.id/index.php/profil/masjid/178967/,01.3.25.03.13.000001,Masjid Besar,DUSUN III DESA ALINDAU,2.800 m2,Wakaf,625 m2,2000.0,> 200,2,3,2,30,0852 42017391 085341008518,,1000.0,-0.7719,119.7492
1898,1464.0,KAB. TASIKMALAYA,Sukarame,Masjid BAITUSSALAM,http://simas.kemenag.go.id/index.php/profil/masjid/178657/,01.3.13.06.26.000069,Masjid Besar,KP SUKARAME DS SUKARAME  KEC SUKARME,650 m2,Wakaf,450 m2,2002.0,50 - 100,4,2,2,50,.,..............................…,200.0,-1.8015,116.1475
1899,1465.0,KAB. KUBU RAYA,Batu Ampar,Masjid BABULMUKMININ,http://simas.kemenag.go.id/index.php/profil/masjid/178309/,01.3.20.12.05.000001,Masjid Besar,JALAN BABURAZAK TIMUR PADANG TIKAR DUA,13.000 m2,Wakaf,-,1980.0,> 200,5,8,5,6,081352096567,,10000.0,-0.0225,109.3303
1900,1466.0,KAB. TASIKMALAYA,Leuwisari,Masjid Al-Imaroh,http://simas.kemenag.go.id/index.php/profil/masjid/178010/,01.3.13.06.28.000001,Masjid Besar,Kp. Arjasari Desa Arjasari,-,Wakaf,-,1976.0,50 - 100,4,2,2,70,-,-,200.0,-6.9152,107.6035
1901,1467.0,KAB. MELAWI,Nanga Pinoh,Masjid NURUL IMAN,http://simas.kemenag.go.id/index.php/profil/masjid/177925/,01.3.20.10.02.000043,Masjid Besar,DUSUN TANJUNG INDAH DESA TANJUNG NIAGA KEC. NANGA PINOH,1.000 m2,SHM,240 m2,1962.0,100 - 150,15,25,7,45,,,300.0,-0.19,111.44
1902,1468.0,KAB. SUKABUMI,Pelabuhan Ratu,Masjid al-Hidayah,http://simas.kemenag.go.id/index.php/profil/masjid/177840/,01.3.13.02.01.000030,Masjid Besar,Kp. Rancabungur RT 01/04 Kel. Palabuhanratu,600 m2,Wakaf,108 m2,1960.0,> 200,-,-,-,40,0266431252,,0.0,-7.006,106.5602
1903,1469.0,KOTA BANDUNG,Bojongloa Kaler,Masjid Al-Ihsan,http://simas.kemenag.go.id/index.php/profil/masjid/177701/,01.3.13.20.04.000057,Masjid Besar,Jl. Kopo Kencana RT 02/10,1.475 m2,Girik,500 m2,1994.0,> 200,4,11,3,-,,,500.0,-1.8015,116.1475
1904,1470.0,KAB. SUKOHARJO,Gatak,Masjid AL-FALAH,http://simas.kemenag.go.id/index.php/profil/masjid/177519/,01.3.14.11.11.000116,Masjid Besar,MAYANG RT.3 RW.3 MAYANG GATAK SUKOHARJO,300 m2,Girik,150 m2,1970.0,50 - 100,4,5,2,13,,KETUA TA'MIR MASJID ALI SADIKI…,200.0,-1.8015,116.1475
1905,1471.0,KAB. BANDUNG BARAT,Cipongkor,Masjid BESAR AL-IKHLAS,http://simas.kemenag.go.id/index.php/profil/masjid/177508/,01.3.13.17.12.000034,Masjid Besar,KP. CIAKAR  RT. 001 RW.007 DESA SARINAGEN,500 m2,Wakaf,400 m2,1999.0,150 - 200,5,5,4,99,0878 2564 2125,,500.0,-6.9364,107.3597
1906,1472.0,KAB. SUKOHARJO,Gatak,Masjid NURUL IMAN,http://simas.kemenag.go.id/index.php/profil/masjid/177501/,01.3.14.11.11.000099,Masjid Besar,JAMUR RT.2 RW.8 TRANGSAN GATAK SUKOHARJO,400 m2,Wakaf,400 m2,1975.0,150 - 200,2,5,5,20,,KETUA TA'MIR MASJID SUPARDI,500.0,-1.8015,116.1475
1907,1473.0,KAB. SUKOHARJO,Gatak,Masjid AL-MADINATUNNABAWIYAH,http://simas.kemenag.go.id/index.php/profil/masjid/177473/,01.3.14.11.11.000092,Masjid Besar,CANGAKAN RT.03 RW.III WIRONANGGAN GATAK SUKOHARJO,425 m2,SHM,150 m2,1994.0,50 - 100,2,5,2,9,085647291776,KETUA TA'MIR MASJID PARJIMAN ,170.0,-1.8015,116.1475
1908,1474.0,KAB. PURWAKARTA,Cibatu,Masjid Al-Ikhlas,http://simas.kemenag.go.id/index.php/profil/masjid/177444/,01.3.13.14.14.000001,Masjid Besar,Kp.Krajan Rt.01 Rw.01 Desa.Cibatu,600 m2,Wakaf,400 m2,1968.0,> 200,4,4,2,40,,,350.0,-6.9152,107.6035
1909,1475.0,KAB. JEPARA,Mlonggo,Masjid Baiturrohman,http://simas.kemenag.go.id/index.php/profil/masjid/177395/,01.3.14.20.07.000038,Masjid Besar,Jambu Rt. 39 Rw. 08,2.500 m2,Wakaf,576 m2,1935.0,50 - 100,5,5,5,-,,,600.0,-6.9714,110.4255
1910,1476.0,KOTA PRABUMULIH,Prabumulih Timur,Masjid ATTHOYIBAH,http://simas.kemenag.go.id/index.php/profil/masjid/177230/,01.3.06.15.02.000016,Masjid Besar,Jalan Nigata Rt.01 Rw.05 Talang Sako Kel. Sukajadi Kec. Prabumulih Timur,240 m2,Wakaf,135 m2,2010.0,50 - 100,15,9,20,30,085381430653,,180.0,-1.8015,116.1475
1911,1477.0,KOTA PRABUMULIH,Prabumulih Timur,Masjid AT-TAUBAH,http://simas.kemenag.go.id/index.php/profil/masjid/177225/,01.3.06.15.02.000015,Masjid Besar,Jalan RA Kartini (Rutan Prabumulih) Kel. Sukajadi Kec. Prabumulih Timur,144 m2,SHM,100 m2,1983.0,150 - 200,3,3,6,-,08127137609,,150.0,-1.8015,116.1475
1912,1478.0,KOTA PRABUMULIH,Prabumulih Timur,Masjid JAMI AL-MUHAJIRIN,http://simas.kemenag.go.id/index.php/profil/masjid/177205/,01.3.06.15.02.000013,Masjid Besar,Jalan RA Kartini Rt.3 Rw.2 Kel. Sukajadi Kec. Prabumulih Timur,690 m2,Wakaf,324 m2,2004.0,50 - 100,4,3,5,25,082179577666/081368988741,,350.0,-1.8015,116.1475
1913,1479.0,KOTA PRABUMULIH,Prabumulih Timur,Masjid AL-MUHAJIRIN,http://simas.kemenag.go.id/index.php/profil/masjid/177198/,01.3.06.15.02.000012,Masjid Besar,Jalan RA Kartini Rt.4 Rw.1 Kel. Sukajadi Kec. Prabumulih Timur,205 m2,Wakaf,132 m2,2002.0,50 - 100,4,5,2,-,082176545559/081367576193,,200.0,-1.8015,116.1475
1914,1480.0,KOTA PRABUMULIH,Prabumulih Timur,Masjid AL-MUNAWWAROH,http://simas.kemenag.go.id/index.php/profil/masjid/177190/,01.3.06.15.02.000011,Masjid Besar,Jalan Angkatan 45 Kel. Gunung Ibul Barat Kec. Prabumulih Timur,800 m2,Wakaf,256 m2,1988.0,100 - 150,4,5,6,35,,,250.0,-1.8015,116.1475
1915,1481.0,KOTA PRABUMULIH,Prabumulih Timur,Masjid NURUL ISLAM,http://simas.kemenag.go.id/index.php/profil/masjid/177137/,01.3.06.15.02.000009,Masjid Besar,Jalan Tenggamus Rt.01 Rw.01 Kel. Muara Dua Kec. Prabumulih Timur,1.226.052 m2,SHM,340 m2,2000.0,150 - 200,5,5,5,40,081373015489,,400.0,-1.8015,116.1475
1916,1482.0,KOTA PRABUMULIH,Prabumulih Timur,Masjid DARUL MUTTAQIN,http://simas.kemenag.go.id/index.php/profil/masjid/177127/,01.3.06.15.02.000008,Masjid Besar,Jalan Satria Villa Bunda Kel. Muara Dua Kec. Prabumulih Timur,360 m2,Wakaf,144 m2,2012.0,50 - 100,1,4,3,-,081373334494,,175.0,-2.991,104.7574
1917,1483.0,KAB. SUKOHARJO,Gatak,Masjid NUR ISLAM,http://simas.kemenag.go.id/index.php/profil/masjid/176948/,01.3.14.11.11.000056,Masjid Besar,BANGAKAN LUWANG GATAK SUKOHARJO,360 m2,Wakaf,150 m2,1960.0,100 - 150,5,5,4,25,081329070855,"KETUA TA'MIR MASJID DARWADI,S.…",300.0,-1.8015,116.1475
1918,1484.0,KAB. TABANAN,Selemadeg,Masjid Miskatul Huda,http://simas.kemenag.go.id/index.php/profil/masjid/176843/,01.3.17.02.01.000001,Masjid Besar,"Jl. Rajawali, Br.Bajera Ds.Bajera Kec. Selemadeg Kab.Tabanan",460 m2,Wakaf,400 m2,1974.0,> 200,9,9,9,78,087861312919,,300.0,-8.5005,115.0255
1919,1485.0,KAB. PANGANDARAN,Cijulang,Masjid Al-Islah,http://simas.kemenag.go.id/index.php/profil/masjid/176802/,01.3.13.27.02.000001,Masjid Besar,Dusun Ciwaru Rt. 02 Rw. 05 Desa Cijulang,387 m2,Wakaf,333 m2,1975.0,150 - 200,5,5,5,20,,,3000.0,-7.7274,108.4724
1920,1486.0,KAB. KUNINGAN,Maleber,Masjid Hikmatul Islam,http://simas.kemenag.go.id/index.php/profil/masjid/176733/,01.3.13.08.30.000004,Masjid Besar,Blok Manis Rt.07 Rw.04 Desa Maleber,1.600 m2,Girik,1.000 m2,1894.0,> 200,3,12,4,-,,,1500.0,-7.0261,108.5667
1921,1487.0,KAB. BANGLI,Kintamani,Masjid Al-Muhajirin,http://simas.kemenag.go.id/index.php/profil/masjid/176722/,01.3.17.06.04.000001,Masjid Besar,Dusun Sudihati Kecamatan Kintamani Kabupaten Bangli.,370 m2,Wakaf,330 m2,1936.0,> 200,3,9,1,50,-,,800.0,-8.2402,115.3258
1922,1488.0,KAB. TABANAN,Kediri,Masjid AL-HUDA,http://simas.kemenag.go.id/index.php/profil/masjid/176708/,01.3.17.02.06.000001,Masjid Besar,Jl. A Yani Kediri Tabanan,440 m2,Wakaf,440 m2,1944.0,> 200,4,22,5,100,081558553821,,1000.0,-8.3474,115.1189
1923,1489.0,KOTA PRABUMULIH,Prabumulih Timur,Masjid ARRAUDHOH,http://simas.kemenag.go.id/index.php/profil/masjid/176683/,01.3.06.15.02.000007,Masjid Besar,Jalan Bukit Barisan RT.03 Rw.10 Kel. Muara Dua Kec. Prabumulih Timur,589 m2,Wakaf,144 m2,2005.0,50 - 100,4,3,6,15,081277637670,,150.0,-1.8015,116.1475
1924,1490.0,KOTA PRABUMULIH,Prabumulih Timur,Masjid ANSHORULLAH,http://simas.kemenag.go.id/index.php/profil/masjid/176678/,01.3.06.15.02.000006,Masjid Besar,Jalan Kerinci Rt.02 Rw.06 Perum Mahkota Prabu Kel. Muara Dua Kec. Prabumulih Timur,1.200 m2,Wakaf,225 m2,2013.0,50 - 100,2,2,4,12,08127100433,,150.0,-2.991,104.7574
1925,1491.0,KAB. FLORES TIMUR,Adonara Timur,Masjid JABAL NUR,http://simas.kemenag.go.id/index.php/profil/masjid/176553/,01.3.19.06.10.000001,Masjid Besar,WAIWERANG KOTA,-,SHM,-,2000.0,50 - 100,-,-,-,-,,,0.0,-8.3893,123.1625
1926,1492.0,KAB. DONGGALA,Sindue,Masjid Al-Ikhlas,http://simas.kemenag.go.id/index.php/profil/masjid/176475/,01.3.25.03.05.000001,Masjid Besar,JL. Daeng Mangulu Desa Toaya,5.112 m2,Wakaf,792 m2,1981.0,> 200,2,2,2,20,0852 4065 6054,,1.0,-21.1652,168.8303
1927,1493.0,KAB. TUBAN,Jenu,Masjid BAITURROHMAN,http://simas.kemenag.go.id/index.php/profil/masjid/176460/,01.3.16.23.12.000001,Masjid Besar,JL.MASJID BESAR BAITURROHMAN BEJI JENU TUBAN,1.570 m2,Wakaf,500 m2,1905.0,50 - 100,7,7,5,30,0356 - 711105,,500.0,-7.2892,112.7344
1928,1494.0,KAB. ROTE NDAO,Pantai Baru,Masjid Al-Fatah,http://simas.kemenag.go.id/index.php/profil/masjid/176328/,01.3.19.14.05.000001,Masjid Besar,"Jl. Raya Pantai Baru Kecamatan Pantai Baru, Kabupaten Rote Ndao",500 m2,Wakaf,100 m2,1994.0,50 - 100,1,1,1,10,,,100.0,-10.6272,123.2329
1929,1495.0,KOTA CIMAHI,Cimahi Tengah,"Masjid ""Al-Qolam""",http://simas.kemenag.go.id/index.php/profil/masjid/176325/,01.3.13.24.02.000008,Masjid Besar,Jl. Terusan No. 41 RT 07/03 Kelurahan Cimahi,2.030 m2,Girik,37.530 m2,1995.0,50 - 100,5,5,3,20,081220134770 - 081395565524,,250.0,-6.8722,107.5466
1930,1496.0,KAB. ROTE NDAO,Ndao Nuse,Masjid Al-Falah,http://simas.kemenag.go.id/index.php/profil/masjid/176272/,01.3.19.14.09.000001,Masjid Besar,"Desa Ndao Nuse, Kecamatan Ndao Nuse, Kabupaten Rote Ndao",900 m2,Wakaf,225 m2,2002.0,50 - 100,2,5,2,20,,,100.0,-10.8149,122.6701
1931,1497.0,KAB. CIAMIS,Panjalu,Masjid BESAR PANJALU,http://simas.kemenag.go.id/index.php/profil/masjid/176232/,01.3.13.07.08.000001,Masjid Besar,JLN.RAYA KAUM NO.02 DSN.CIMENDONG RT.11 RW.06 DS.PANJALU,3.000 m2,Wakaf,2.100 m2,1980.0,100 - 150,4,4,2,10,085223031329,,500.0,-7.1348,108.2689
1932,1498.0,KAB. SUMBA TENGAH,Mamboro,Masjid Al-Jihad Mamboro,http://simas.kemenag.go.id/index.php/profil/masjid/176226/,01.3.19.17.03.000001,Masjid Besar,Jl.Mananga Kec.Kota Mamboro Kab.Sumba Tengah,1.270 m2,Wakaf,-,1987.0,50 - 100,-,-,-,-,,,100.0,-9.4381,119.6004
1933,1499.0,KAB. CIAMIS,Cimaragas,Masjid AL FALAH,http://simas.kemenag.go.id/index.php/profil/masjid/176224/,01.3.13.07.29.000001,Masjid Besar,Dsn Cimaragas Rt 34 Rw 14 Ds Cimaragas,4.500 m2,Wakaf,363 m2,1939.0,> 200,5,5,4,50,,,400.0,-6.9152,107.6035
1934,1500.0,KAB. ENDE,Maurole,Masjid Nurullah,http://simas.kemenag.go.id/index.php/profil/masjid/176132/,01.3.19.08.10.000005,Masjid Besar,Maurole,1.089 m2,Wakaf,313 m2,1945.0,> 200,3,5,3,41,,,250.0,-1.8015,116.1475
1935,1501.0,KAB. KUNINGAN,Pancalang,Masjid Baiturrahiim,http://simas.kemenag.go.id/index.php/profil/masjid/176091/,01.3.13.08.22.000001,Masjid Besar,Dusun Wage RT 01 RW 04 Desa Pancalang,640 m2,Girik,540 m2,1901.0,50 - 100,3,6,2,10,082118912138,,500.0,-6.7273,108.0194
1936,1502.0,KAB. ROTE NDAO,Lobalain,Masjid Al-Ikhwan,http://simas.kemenag.go.id/index.php/profil/masjid/176022/,01.3.19.14.03.000001,Masjid Besar,"Jl. Pabean RT:01 RW: 01 Kelurahan Namodale, Kecamatan Lobalain, Kabupaten Rote Ndao",850 m2,Wakaf,196 m2,1982.0,> 200,3,19,4,20,081339139379,,300.0,-10.7271,123.048
1937,1503.0,KAB. PURWAKARTA,Bojong,Masjid Ar-Rohmah,http://simas.kemenag.go.id/index.php/profil/masjid/175979/,01.3.13.14.11.000002,Masjid Besar,Kp. Bojong Barat RT. 13/ 05 Desa Bojong Barat,700 m2,Wakaf,450 m2,1966.0,> 200,4,4,3,15,,,1500.0,-6.7104,107.5019
1938,1504.0,KOTA PALU,Palu Barat,Masjid Raudhatul Jannah,http://simas.kemenag.go.id/index.php/profil/masjid/175968/,01.3.25.11.02.000018,Masjid Besar,Jl. Hasanuddin Toto kel.silae rt.04,1.000 m2,SHM,132 m2,1990.0,50 - 100,2,4,4,35,,,100.0,-0.8805,119.8308
1939,1505.0,KAB. PANGANDARAN,Kalipucang,Masjid BAITUSSALAM,http://simas.kemenag.go.id/index.php/profil/masjid/175930/,01.3.13.27.08.000005,Masjid Besar,Dusun Empangsari RT 02 RW 04 Desa Kalipucang,400 m2,Wakaf,225 m2,1925.0,50 - 100,8,6,4,20,085353946189,,300.0,-7.6453,108.752
1940,1506.0,KAB. JEMBRANA,Negara,Masjid Mujahidin,http://simas.kemenag.go.id/index.php/profil/masjid/175821/,01.3.17.01.01.000001,Masjid Besar,Kelurahan Loloan Barat Kec. Negara Kab. Jembrana - Bali,2.670 m2,Wakaf,1.600 m2,1916.0,> 200,4,8,5,60,081337765333,,4000.0,-8.5416,114.8831
1941,1507.0,KAB. SEKADAU,Belitang Hulu,Masjid Nurul Hidayah,http://simas.kemenag.go.id/index.php/profil/masjid/175805/,01.3.20.09.06.000001,Masjid Besar,Jl. Raya Balai Sepuak Desa Balai Sepuak,-,Wakaf,-,2000.0,100 - 150,-,-,-,-,,,0.0,-1.8015,116.1475
1942,1508.0,KAB. SEKADAU,Belitang,Masjid Sirajuddin,http://simas.kemenag.go.id/index.php/profil/masjid/175793/,01.3.20.09.07.000001,Masjid Besar,Desa Belitang Dua,596 m2,Wakaf,400 m2,2000.0,> 200,-,-,-,-,,,0.0,-1.8015,116.1475
1943,1509.0,KAB. SEKADAU,Belitang Hilir,Masjid Nurul Hidayah,http://simas.kemenag.go.id/index.php/profil/masjid/175771/,01.3.20.09.05.000001,Masjid Besar,Dusun Sepantak Desa Sei Ayak II,4.659 m2,Wakaf,225 m2,2006.0,> 200,-,-,-,-,,,0.0,-1.8015,116.1475
1944,1510.0,KAB. KUNINGAN,Cilimus,Masjid Al-Istiqomah,http://simas.kemenag.go.id/index.php/profil/masjid/175749/,01.3.13.08.13.000021,Masjid Besar,Balai Desa Cilimus,-,Wakaf,-,1938.0,> 200,10,9,5,30,082130027940,,2000.0,-6.8672,108.4973
1945,1511.0,KAB. KARAWANG,Tegalwaru,Masjid AL-HUDA,http://simas.kemenag.go.id/index.php/profil/masjid/175747/,01.3.13.15.28.000008,Masjid Besar,LOJI RT. 02/01 DESA CINTALAKSANA,1.600 m2,Wakaf,400 m2,1955.0,50 - 100,-,-,-,-,,,600.0,-6.9152,107.6035
1946,1512.0,KAB. SEKADAU,Nanga Mahap,Masjid Nurul Hidayah,http://simas.kemenag.go.id/index.php/profil/masjid/175730/,01.3.20.09.04.000001,Masjid Besar,Desa Nanga Mahap,450 m2,Wakaf,225 m2,1951.0,> 200,-,-,-,-,,,0.0,-1.8015,116.1475
1947,1513.0,KAB. SEKADAU,Nanga Taman,Masjid Al-Muttahidin,http://simas.kemenag.go.id/index.php/profil/masjid/175658/,01.3.20.09.03.000001,Masjid Besar,Jl. Pasar Tengah Desa Nanga Taman,-,SHM,648 m2,1811.0,> 200,-,-,-,-,,,0.0,-1.8015,116.1475
1948,1514.0,KAB. ENDE,Ende Utara,Masjid AL- Mustaqim,http://simas.kemenag.go.id/index.php/profil/masjid/175470/,01.3.19.08.18.000006,Masjid Besar,Jl. Ende Bajawa desa Borokanda,900 m2,Wakaf,225 m2,1980.0,> 200,2,2,2,47,,,500.0,-1.8015,116.1475
1949,1515.0,KAB. CIREBON,Ciledug,Masjid DARUSSALAM,http://simas.kemenag.go.id/index.php/profil/masjid/175409/,01.3.13.09.02.000007,Masjid Besar,Jl. Alun-alun Blok Pon Rt. 01 Rw. 01 Desa Ciledug Kulon,1.000 m2,SHM,600 m2,1935.0,50 - 100,2,10,5,12,-,,600.0,-1.8015,116.1475
1950,1516.0,KAB. PURWAKARTA,Pasawahan,Masjid AT-TASBIH,http://simas.kemenag.go.id/index.php/profil/masjid/175302/,01.3.13.14.10.000002,Masjid Besar,JL. TERUSAN KAPT. HALIM 35 RT.001 RW.001 DESA SAWAH KULON,800 m2,Girik,282 m2,1978.0,50 - 100,4,5,4,75,,,700.0,-6.5852,107.4668
1951,1517.0,KAB. PURWAKARTA,Plered,Masjid BAETURROHIM,http://simas.kemenag.go.id/index.php/profil/masjid/175251/,01.3.13.14.04.000001,Masjid Besar,Jl. Raya Plered Desa Plered Kec. Plered Purwakarta,2.500 m2,Wakaf,900 m2,1920.0,> 200,4,4,4,50,,,3500.0,-6.6419,107.3892
1952,1518.0,KAB. PANGANDARAN,Parigi,Masjid AL-HIKMAH,http://simas.kemenag.go.id/index.php/profil/masjid/175238/,01.3.13.27.01.000002,Masjid Besar,Dusun Parigi Rt. 01 Rw.03 Desa Parigi,2.000 m2,Wakaf,480 m2,1985.0,100 - 150,5,15,4,25,085223175500,,3000.0,-7.7016,108.4938
1953,1519.0,KAB. PURWAKARTA,Maniis,Masjid At-Taubah,http://simas.kemenag.go.id/index.php/profil/masjid/175231/,01.3.13.14.07.000001,Masjid Besar,Kp. Palumbon 002/001 Desa Cijati,3.845 m2,Wakaf,400 m2,1996.0,50 - 100,6,3,3,10,081931104933,,150.0,-6.6975,107.3177
1954,1520.0,KAB. PURWAKARTA,Bungursari,Masjid Al-Hikmah,http://simas.kemenag.go.id/index.php/profil/masjid/175215/,01.3.13.14.13.000001,Masjid Besar,Kp. Cibaragalan RW 01 Dusun 1 Ds. Ciwangi,1.000 m2,Wakaf,800 m2,1930.0,100 - 150,9,9,3,1,08156113954,,1000.0,-6.5022,107.4655
1955,1521.0,KAB. PURWAKARTA,Sukasari,Masjid Al-Barokah,http://simas.kemenag.go.id/index.php/profil/masjid/175145/,01.3.13.14.15.000001,Masjid Besar,Kp. Padungan RT 04/03 Desa Kertamanah,398 m2,Wakaf,300 m2,1968.0,> 200,5,5,4,20,085774353319,,400.0,-6.6004,107.2898
1956,1522.0,KAB. ENDE,Nangapanda,Masjid Muallafatun,http://simas.kemenag.go.id/index.php/profil/masjid/174977/,01.3.19.08.01.000001,Masjid Besar,"Nangamboa,Desa Ondorea Barat, Kec. Nangapanda",1.060 m2,Wakaf,120 m2,1993.0,50 - 100,2,3,2,25,,,150.0,-10.1744,123.5742
1957,1523.0,KAB. KUNINGAN,Subang,Masjid At-Taqwa,http://simas.kemenag.go.id/index.php/profil/masjid/174942/,01.3.13.08.03.000001,Masjid Besar,Dusun Kaliwon Rt 01/01 Desa Subang,1.440 m2,Wakaf,648 m2,1960.0,50 - 100,6,10,5,60,,,2.0,-7.1325,108.5978
1958,1524.0,KAB. JOMBANG,Mojoagung,Masjid Sabilul Muttaqin,http://simas.kemenag.go.id/index.php/profil/masjid/174897/,01.3.16.17.06.000009,Masjid Besar,Dsn.Jlaprang Ds.Kedunglumpang Kec.Mojoagung Kab.Jombang,400 m2,Wakaf,169 m2,1992.0,50 - 100,3,5,1,20,,,100.0,-7.2892,112.7344
1959,1525.0,KAB. TASIKMALAYA,Bojonggambir,Masjid AL-ISHLAH,http://simas.kemenag.go.id/index.php/profil/masjid/174780/,01.3.13.06.11.000054,Masjid Besar,KP. CIAWI DESA BOJONGGAMBIR,1.200 m2,Wakaf,1.000 m2,1943.0,> 200,8,12,6,100,081323178251,,1500.0,-6.9152,107.6035
1960,1526.0,KOTA DENPASAR,Denpasar Selatan,Masjid AL-Muhajirin,http://simas.kemenag.go.id/index.php/profil/masjid/174776/,01.3.17.09.01.000005,Masjid Besar,Jl.Raya Pemogan Kepaon Pemogan Denpasar Selatan,500 m2,Wakaf,-,1905.0,> 200,4,23,4,-,,,1000.0,-8.6968,115.1962
1961,1527.0,KAB. SUKOHARJO,Gatak,Masjid MUTTAQIN,http://simas.kemenag.go.id/index.php/profil/masjid/174752/,01.3.14.11.11.000019,Masjid Besar,BRAMBANG RT.02/ RW.02 BLIMBING GATAK SUKOHARJO,100 m2,Wakaf,64 m2,1987.0,50 - 100,5,5,2,10,085326920251,KETUA TA'MIR MASJID MUSLIM A,100.0,-1.8015,116.1475
1962,1528.0,KAB. SUKOHARJO,Gatak,Masjid AL-GHOFAARA,http://simas.kemenag.go.id/index.php/profil/masjid/174751/,01.3.14.11.11.000018,Masjid Besar,DK.KARANGIJO RT.02 RW.03 BLIMBING GATAK SUKOHARJO,80 m2,Wakaf,160 m2,1978.0,150 - 200,4,4,3,20,085725691257,KETUA TA'MIR MASJID SADIMAN,300.0,-1.8015,116.1475
1963,1529.0,KAB. JOMBANG,Mojoagung,Masjid Miftahul Huda,http://simas.kemenag.go.id/index.php/profil/masjid/174661/,01.3.16.17.06.000008,Masjid Besar,Kedunglumpang Mojoagung Jombang,400 m2,Wakaf,169 m2,1981.0,50 - 100,3,5,1,20,,,100.0,-1.8015,116.1475
1964,1530.0,KAB. JOMBANG,Mojoagung,Masjid Al-Hasan,http://simas.kemenag.go.id/index.php/profil/masjid/174657/,01.3.16.17.06.000007,Masjid Besar,Binarong Kedunglumpang Mojoagung Jombang,400 m2,Wakaf,169 m2,1989.0,50 - 100,3,5,10,20,,,100.0,-1.8015,116.1475
1965,1531.0,KAB. CIAMIS,Jatinagara,Masjid Al-Manar,http://simas.kemenag.go.id/index.php/profil/masjid/174539/,01.3.13.07.12.000001,Masjid Besar,Dsn Wetan RT.21/06 Ds.Jatinagara,885 m2,Wakaf,442 m2,1983.0,> 200,6,6,3,-,,,712.0,-7.172,108.4188
1966,1532.0,KOTA MADIUN,Manguharjo,Masjid AN-NASHIR,http://simas.kemenag.go.id/index.php/profil/masjid/174472/,01.3.16.36.02.000022,Masjid Besar,Jl. Minak Koncar Kel. Winongo,240 m2,SHM,196 m2,1983.0,50 - 100,5,4,3,-,,,250.0,-7.6191,111.5157
1967,1533.0,KAB. SEKADAU,Sekadau Hulu,Masjid Al-Mujahidin,http://simas.kemenag.go.id/index.php/profil/masjid/174455/,01.3.20.09.02.000001,Masjid Besar,Jl. Pamong Praja Desa Rawak Hilir,1.400 m2,SHM,256 m2,1991.0,150 - 200,-,-,-,-,,,0.0,-1.8015,116.1475
1968,1534.0,KAB. TASIKMALAYA,Tanjungjaya,Masjid Al-Ikhlas,http://simas.kemenag.go.id/index.php/profil/masjid/174346/,01.3.13.06.16.000092,Masjid Besar,Kp.Cibeureum Desa Tanjungjaya,400 m2,Wakaf,-,1940.0,100 - 150,5,5,3,20,,,150.0,-1.8015,116.1475
1969,1535.0,KAB. CIAMIS,Kawali,Masjid At-Taqwa,http://simas.kemenag.go.id/index.php/profil/masjid/174295/,01.3.13.07.09.000066,Masjid Besar,Jl. Kaum No. 2 Dsn. Kilayugung Ds. Kawalimukti,2.885 m2,Wakaf,780 m2,1942.0,> 200,5,5,2,-,085223058458,,800.0,-7.1853,108.3688
1970,1536.0,KAB. SUMBA BARAT DAYA,Kota Tambolaka,Masjid SAYYID SULAIMAN WAIKELO,http://simas.kemenag.go.id/index.php/profil/masjid/174173/,01.3.19.18.09.000001,Masjid Besar,"Jl. Dermaga Pantai Waikelo, Ds. Radamata, Kec. Kota Tambolaka, Kab. Sumba Barat Daya",500 m2,Wakaf,144 m2,1992.0,> 200,2,7,15,227,,,200.0,-9.3939,119.2214
1971,1537.0,KAB. KUNINGAN,Lebakwangi,Masjid NURUL HUDA,http://simas.kemenag.go.id/index.php/profil/masjid/174095/,01.3.13.08.07.000008,Masjid Besar,BLOK DESA PAJAWAN KIDUL,486 m2,Girik,384 m2,1958.0,> 200,2,3,2,-,,,200.0,-7.0052,108.4961
1972,1538.0,KAB. SORONG SELATAN,Kokoda,Masjid An-Nur,http://simas.kemenag.go.id/index.php/profil/masjid/174021/,01.3.33.07.04.000003,Masjid Besar,Kampung Tarof,2.500 m2,Wakaf,196 m2,1968.0,50 - 100,2,6,2,20,,,450.0,-1.8015,116.1475
1973,1539.0,KAB. SORONG SELATAN,Moswaren,Masjid Al-Ikhwan,http://simas.kemenag.go.id/index.php/profil/masjid/174007/,01.3.33.07.05.000002,Masjid Besar,Jl. RA.Kartini Kampung Bumi Ajo,3.750 m2,SHM,400 m2,1994.0,100 - 150,2,6,2,25,082389207254,,900.0,-1.8015,116.1475
1974,1540.0,KAB. PANGANDARAN,Pangandaran,Masjid Al-Istiqomah,http://simas.kemenag.go.id/index.php/profil/masjid/174004/,01.3.13.27.09.000001,Masjid Besar,Jalan Baru Nomor 109 PANGANDARAN 46396,-,Wakaf,-,1974.0,> 200,10,10,5,78,081312945252 / 085223506511,"Ketua: ESO RUSYANA S., S.Ag",600.0,-7.7736,108.6603
1975,1541.0,KAB. ENREKANG,Bungin,Masjid SUHADA 45 PANATAKAN,http://simas.kemenag.go.id/index.php/profil/masjid/173985/,01.3.26.16.06.000001,Masjid Besar,BUNGIN,1.085 m2,Wakaf,158 m2,1980.0,150 - 200,3,14,1,15,,,300.0,-1.8015,116.1475
1976,1542.0,KAB. CIREBON,Lemahabang,Masjid AN-NUR,http://simas.kemenag.go.id/index.php/profil/masjid/173950/,01.3.13.09.07.000008,Masjid Besar,DESA LEMAHABANG KULON DEPAN KANTOR CAMAT LEMAHABANG,600 m2,Wakaf,250 m2,1958.0,100 - 150,6,8,4,16,,,139.0,-6.8303,108.6275
1977,1543.0,KAB. SUMBA BARAT DAYA,Loura,Masjid BAITURRAHIM KATEWEL,http://simas.kemenag.go.id/index.php/profil/masjid/173839/,01.3.19.18.01.000002,Masjid Besar,"Jl. Katewel, Kec. Loura Kabupaten Sumba Barat Daya",1.600 m2,Wakaf,225 m2,1980.0,> 200,2,4,4,100,085239862023,,150.0,-9.3791,119.3464
1978,1544.0,KAB. TEGAL,Kramat,Masjid AL-MUHAJIRIN,http://simas.kemenag.go.id/index.php/profil/masjid/173761/,01.3.14.28.15.000009,Masjid Besar,DESA KEMANTRAN,500 m2,Wakaf,375 m2,1955.0,100 - 150,3,5,-,-,,,400.0,-1.8015,116.1475
1979,1545.0,KAB. KUNINGAN,Cidahu,Masjid nurul huda,http://simas.kemenag.go.id/index.php/profil/masjid/173737/,01.3.13.08.11.000002,Masjid Besar,dusun pahing rt 01 rw.01 desa cidahu,-,Girik,-,1908.0,> 200,2,8,2,-,085295399250,,1500.0,-6.9858,108.6193
1980,1546.0,KAB. SORONG SELATAN,Teminabuan,Masjid JABAL NUR,http://simas.kemenag.go.id/index.php/profil/masjid/173677/,01.3.33.07.01.000002,Masjid Besar,JLN.SOEKARNO-HATTA TEMINABUAN,2.240 m2,Girik,330 m2,1970.0,50 - 100,2,8,1,20,,,800.0,-1.8015,116.1475
1981,1547.0,KAB. SORONG SELATAN,Teminabuan,Masjid AR-RAHMAN,http://simas.kemenag.go.id/index.php/profil/masjid/173652/,01.3.33.07.01.000001,Masjid Besar,Jln. Brawijaya Teminabuan,1.250 m2,SHM,425 m2,1976.0,50 - 100,3,8,2,50,081385143376,,1000.0,-0.8597,134.0524
1982,1548.0,KAB. SUKAMARA,Sukamara,Masjid Al-Aqsha,http://simas.kemenag.go.id/index.php/profil/masjid/173499/,01.3.21.08.01.000001,Masjid Besar,Jl. Cakra Adiwijaya Kel. Padang Sukama,"2818,8",Wakaf,640 m2,1938.0,150 - 200,5,12,-,-,,,350.0,-1.8015,116.1475
1983,1549.0,KAB. SUMEDANG,Cimalaka,Masjid BESAR CIMALAKA,http://simas.kemenag.go.id/index.php/profil/masjid/173398/,01.3.13.11.22.000093,Masjid Besar,Dusun Pakemitan Rt 01 Rw 04 Desa Cimalaka,700 m2,Wakaf,450 m2,1950.0,150 - 200,4,12,3,-,085222457514,,600.0,-1.8015,116.1475
1984,1550.0,KAB. SUKAMARA,Permata Kecubung,Masjid Babussalam,http://simas.kemenag.go.id/index.php/profil/masjid/173369/,01.3.21.08.05.000001,Masjid Besar,Desa Ajang kec. Permata Kecubung,150 m2,Wakaf,27 m2,1982.0,100 - 150,4,4,-,-,,,150.0,-1.8015,116.1475
1985,1551.0,KAB. SUKAMARA,Pantai Lunci,Masjid Wa’dul Amin,http://simas.kemenag.go.id/index.php/profil/masjid/173335/,01.3.21.08.04.000008,Masjid Besar,Jl. Pendidikan RT. 05 Sungai Cababang Barat,"2,500 m2",Wakaf,400 m2,1966.0,100 - 150,5,8,-,-,,,500.0,-1.8015,116.1475
1986,1552.0,KAB. CIREBON,Kaliwedi,Masjid AL-IKHLAS,http://simas.kemenag.go.id/index.php/profil/masjid/173246/,01.3.13.09.29.000013,Masjid Besar,Jalan Raya Ki Gesang Dusun I RT. 14 RW.07 Desa Kaliwedi Kidul Kec. Kaliwedi Kab. Cirebon,1.067 m2,Wakaf,945 m2,1980.0,> 200,3,5,3,45,087 729 877 701,,2000.0,-6.9152,107.6035
1987,1553.0,KAB. POSO,Poso Pesisir,Masjid BAITUL KARIM,http://simas.kemenag.go.id/index.php/profil/masjid/173228/,01.3.25.02.02.000003,Masjid Besar,JL. TRANS SULAWESI KEL. MAPANE,1.962 m2,Wakaf,441 m2,1965.0,150 - 200,1,2,2,15,,,400.0,-1.423,120.665
1988,1554.0,KAB. KUNINGAN,Cimahi,Masjid al-huda,http://simas.kemenag.go.id/index.php/profil/masjid/173083/,01.3.13.08.24.000002,Masjid Besar,Dusun Paku sari Desa Gunungsari,600 m2,Wakaf,450 m2,1942.0,50 - 100,2,4,4,50,,,1000.0,-85.0624,94.7241
1989,1555.0,KAB. WAJO,Maniangpajo,Masjid Attaqwa,http://simas.kemenag.go.id/index.php/profil/masjid/172670/,01.3.26.13.09.000001,Masjid Besar,Kelurahan Anabanua,2.090 m2,Wakaf,625 m2,1970.0,100 - 150,2,1,1,30,082192511098,,150.0,-3.912,119.9774
1990,1556.0,KAB. SUKABUMI,Cibitung,Masjid Al-Afiat,http://simas.kemenag.go.id/index.php/profil/masjid/172633/,01.3.13.02.25.000054,Masjid Besar,Kp. Karadenan Rt 01 Rw 02 Desa Cibitung,600 m2,Wakaf,130 m2,1985.0,150 - 200,2,2,2,-,,,350.0,-7.3189,107.0068
1991,1557.0,KAB. KUNINGAN,Cilebak,Masjid Nurul Iman,http://simas.kemenag.go.id/index.php/profil/masjid/172387/,01.3.13.08.25.000001,Masjid Besar,Dusun Pahing Desa Cilebak,500 m2,Wakaf,450 m2,1970.0,> 200,4,4,5,50,,,300.0,-6.9152,107.6035
1992,1558.0,KAB. HULU SUNGAI TENGAH,Batang Alai Timur,Masjid As-Sakinah,http://simas.kemenag.go.id/index.php/profil/masjid/172083/,01.3.22.07.10.000001,Masjid Besar,Desa Batu Tangga,255 m2,Wakaf,1.005 m2,1963.0,100 - 150,3,3,2,35,,,0.0,-2.5378,115.5124
1993,1559.0,KAB. BELU,Atambua Barat,Masjid Hidayatullah,http://simas.kemenag.go.id/index.php/profil/masjid/172054/,01.3.19.04.10.000002,Masjid Besar,Jl. R.A Kartini Pasar Baru Atambua,953 m2,Wakaf,437 m2,1983.0,> 200,2,2,-,-,,,1700.0,-9.1065,124.8903
1994,1560.0,KAB. MALAKA,Malaka Tengah,Masjid Al-Qadar,http://simas.kemenag.go.id/index.php/profil/masjid/172041/,01.3.19.22.01.000001,Masjid Besar,"Pasar Baru, Desa Wehali, Kec. Malaka Tengah, Kab. Malaka. Email: masjid.alqadrbetun@gmail.com. webblog: http://masjidalqadrbetun.blogspot.co.id",1.775 m2,Wakaf,400 m2,2006.0,> 200,2,-,-,-,085239128844,,400.0,-9.5637,124.9085
1995,1561.0,KAB. BELU,Atambua Selatan,Masjid Al-Muhajirin,http://simas.kemenag.go.id/index.php/profil/masjid/172036/,01.3.19.04.11.000001,Masjid Besar,"Jl. Dewi Sartika, Manuaman, Kec. Atambua Selatan, Kab. Belu Prov. Nusa Tenggara Timur",450 m2,Wakaf,204 m2,1993.0,> 200,4,10,-,-,085239712754,,200.0,-9.1109,124.8891
1996,1562.0,KAB. BELU,Kakuluk Mesak,Masjid Al-Huda,http://simas.kemenag.go.id/index.php/profil/masjid/172033/,01.3.19.04.05.000001,Masjid Besar,Jl. Raya Motaain Km.01 Atapupu Kec.Kakuluk Mesak,456 m2,Wakaf,196 m2,1975.0,150 - 200,2,-,-,-,,,200.0,-8.9982,124.8636
1997,1563.0,KAB. BELU,Kota Atambua,Masjid At-Taqwa,http://simas.kemenag.go.id/index.php/profil/masjid/172031/,01.3.19.04.06.000002,Masjid Besar,Kompleks Kompi B Yonif 744 Atambua,480 m2,SHM,140 m2,2007.0,100 - 150,2,-,-,-,,,150.0,-9.0997,124.8984
1998,1564.0,KAB. BELU,TasifetoTimur,Masjid Nurul Iman,http://simas.kemenag.go.id/index.php/profil/masjid/172028/,01.3.19.04.02.000001,Masjid Besar,Komlpeks Tobir 744 Tastim,576 m2,SHM,369 m2,2008.0,> 200,2,2,-,-,,,450.0,-9.1351,124.9418
1999,1565.0,KAB. BELU,Tasifeto Barat,Masjid Al-Ikhlas,http://simas.kemenag.go.id/index.php/profil/masjid/172024/,01.3.19.04.04.000001,Masjid Besar,"Jl. Raya Halilulik-Betun, Naitimu, Tasifeto Barat., Kabupaten Belu, Nusa Tenggara Tim",1.120 m2,Wakaf,225 m2,1983.0,> 200,2,-,-,-,,,300.0,-9.2837,124.8797
